game_id,season,week,gameday,home_team,away_team,home_win,spread_line,home_moneyline,away_moneyline,p_home_rate,p_elo,p_logit_no_market,p_logit_no_market_qb,p_gbm_no_market,p_market_spread,p_market_ml,p_logit_with_spread,p_gbm_with_spread
2015_01_PIT_NE,2015,1,2015-09-10,NE,PIT,1.0,7.5,-350.0,305.0,0.5694508537148131,0.7219482434346512,0.7729913031557799,0.7792238802741137,0.65591764179991,0.7419014073046459,0.7590361445783131,0.8095697378603905,0.710577025066265
2015_01_CAR_JAX,2015,1,2015-09-13,JAX,CAR,0.0,-3.0,131.0,-145.0,0.5694508537148131,0.2826337164150021,0.3544005522766823,0.33730242623686585,0.19872457091071424,0.3832540209649485,0.4224502112251056,0.431005949227105,0.3297520809812809
2015_01_CLE_NYJ,2015,1,2015-09-13,NYJ,CLE,1.0,3.5,-185.0,166.0,0.5694508537148131,0.5959583716345813,0.6861517578884058,0.7104733427890283,0.7816163782746748,0.6159504905510759,0.6332518337408314,0.6879011493219236,0.7698728169411211
2015_01_GB_CHI,2015,1,2015-09-13,CHI,GB,0.0,-5.5,222.0,-250.0,0.5694508537148131,0.2870179291783605,0.27996334978424836,0.25203139155743365,0.18682831966550742,0.30144339232770306,0.303030303030303,0.3130470434582445,0.23608846903531694
2015_01_IND_BUF,2015,1,2015-09-13,BUF,IND,1.0,-1.0,-101.0,-109.0,0.5694508537148131,0.49656590087855923,0.5863344612189011,0.4714986377244288,0.44851598820203326,0.454124526904519,0.49070156678599663,0.5042738199878272,0.4153134116111378
2015_01_KC_HOU,2015,1,2015-09-13,HOU,KC,0.0,-1.0,-105.0,-105.0,0.5694508537148131,0.5031157385351114,0.5068437222018367,0.47275647404091037,0.6112403690171977,0.454124526904519,0.5,0.3972416173712113,0.5106668349964748
2015_01_MIA_WAS,2015,1,2015-09-13,WAS,MIA,0.0,-4.0,181.0,-202.0,0.5694508537148131,0.386143496598756,0.39559382392775716,0.37557881208446703,0.25136706583547797,0.3494110231949544,0.34727812147834686,0.334364766670113,0.24675002707347643
2015_01_SEA_STL,2015,1,2015-09-13,LA,SEA,1.0,-3.5,159.0,-177.0,0.5694508537148131,0.2573647870110442,0.3147878729374992,0.38665248880819725,0.24090084714256557,0.36616742328850255,0.37665039500700276,0.41083052416558974,0.3127740263340817
2015_01_DET_SD,2015,1,2015-09-13,LAC,DET,1.0,3.5,-180.0,162.0,0.5694508537148131,0.5496586127743457,0.5977763603778338,0.6282850630046249,0.61598281721872,0.6159504905510759,0.6274614156466205,0.6695686634093139,0.6611128128156675
2015_01_NO_ARI,2015,1,2015-09-13,ARI,NO,1.0,2.0,-130.0,118.0,0.5694508537148131,0.6476293778839348,0.5807105288050937,0.7144410030905035,0.3718142903041491,0.5630599893525919,0.5520062329567589,0.6178302115296298,0.3189790039728819
2015_01_BAL_DEN,2015,1,2015-09-13,DEN,BAL,1.0,4.5,-220.0,197.0,0.5694508537148131,0.6056603371822276,0.6434869624824745,0.6837024807790735,0.5631095606877664,0.6498238496424095,0.6712553934662009,0.6390429504366704,0.5244058360170197
2015_01_CIN_OAK,2015,1,2015-09-13,LV,CIN,0.0,-3.0,136.0,-150.0,0.5694508537148131,0.32255401873567485,0.3698253529095728,0.3801967111459265,0.27888800161574023,0.3832540209649485,0.413907284768212,0.4362346085331769,0.38367749251303773
2015_01_TEN_TB,2015,1,2015-09-13,TB,TEN,0.0,3.0,-155.0,140.0,0.5694508537148131,0.6277182558624178,0.6534651873735968,0.612506722545736,0.5696251857289212,0.598557951693096,0.5933014354066986,0.6252993048715785,0.4883160827402417
2015_01_NYG_DAL,2015,1,2015-09-13,DAL,NYG,1.0,7.0,-302.0,266.0,0.5694508537148131,0.7310337455496778,0.7068102530605748,0.6965251196170477,0.670823446828353,0.7276911387392455,0.7333014887349733,0.7354825417204093,0.7217769553456099
2015_01_PHI_ATL,2015,1,2015-09-14,ATL,PHI,1.0,-3.5,159.0,-177.0,0.5694508537148131,0.43661387353986614,0.4620552969717165,0.5284290430476839,0.42605958119699205,0.36616742328850255,0.37665039500700276,0.4042655281256206,0.2977083191424125
2015_01_MIN_SF,2015,1,2015-09-14,SF,MIN,1.0,-2.5,140.0,-155.0,0.5694508537148131,0.6528736564513574,0.5476358775620096,0.5752365089107806,0.4346872831711667,0.4006339664745038,0.4066985645933015,0.3536385750430725,0.3372202122198293
2015_02_DEN_KC,2015,2,2015-09-17,KC,DEN,0.0,3.0,-162.0,146.0,0.5694508537148131,0.48261108571383887,0.546141771278575,0.5087705215011774,0.5353976947572918,0.598557951693096,0.6033428208078484,0.6736747676273418,0.6493992235904661
2015_02_ARI_CHI,2015,2,2015-09-20,CHI,ARI,0.0,-2.0,108.0,-119.0,0.5694508537148131,0.3368969842106388,0.4405359268985099,0.4012360729493979,0.4057537882921131,0.41826755159863316,0.46943325045014145,0.44046412738004337,0.3691543687488174
2015_02_ATL_NYG,2015,2,2015-09-20,NYG,ATL,0.0,2.0,-123.0,111.0,0.5694508537148131,0.5712891713400879,0.6760658082551595,0.6755425028121304,0.5540666402404302,0.5630599893525919,0.537852568752202,0.6267574535361682,0.4603463201799278
2015_02_DET_MIN,2015,2,2015-09-20,MIN,DET,1.0,2.5,-143.0,129.0,0.5694508537148131,0.4725105121546408,0.5180545363230601,0.4912998805930634,0.484450265696788,0.5809136685614438,0.5740354444580784,0.6208710769578326,0.5739938445791034
2015_02_HOU_CAR,2015,2,2015-09-20,CAR,HOU,1.0,3.0,-143.0,129.0,0.5694508537148131,0.6702806969358439,0.6303316373502602,0.6461217172503396,0.5748058446264139,0.598557951693096,0.5740354444580784,0.60204104687141,0.5088642418680805
2015_02_NE_BUF,2015,2,2015-09-20,BUF,NE,0.0,2.0,-124.0,112.0,0.5694508537148131,0.37722305815680734,0.3231317387528296,0.27546555561789193,0.3651234476799485,0.5630599893525919,0.5399277029247453,0.47196078295475713,0.3971544583313818
2015_02_SD_CIN,2015,2,2015-09-20,CIN,LAC,1.0,3.5,-173.0,156.0,0.5694508537148131,0.5971229322080903,0.6393846380240207,0.6006865142876241,0.5375029541127287,0.6159504905510759,0.6186511705872493,0.6514725019648298,0.5845344966885726
2015_02_SF_PIT,2015,2,2015-09-20,PIT,SF,1.0,6.0,-247.0,220.0,0.5694508537148131,0.5750717056937906,0.721909885916634,0.7231480518872412,0.4859331498501515,0.6978477356864831,0.6949182345700721,0.7637883414611244,0.5516470676072461
2015_02_STL_WAS,2015,2,2015-09-20,WAS,LA,1.0,-3.0,159.0,-177.0,0.5694508537148131,0.3438708505223678,0.3771437723088314,0.333667014186965,0.30673600146226543,0.3832540209649485,0.37665039500700276,0.35477495733757725,0.35511941875801706
2015_02_TB_NO,2015,2,2015-09-20,NO,TB,0.0,9.5,-410.0,354.0,0.5694508537148131,0.7656503111888763,0.7684253718593254,0.804222007459713,0.8010483383533721,0.7937393549124707,0.7849371679176859,0.7915203656670358,0.7113458881624957
2015_02_TEN_CLE,2015,2,2015-09-20,CLE,TEN,1.0,1.0,-113.0,102.0,0.5694508537148131,0.6010321086242651,0.5531167585861163,0.46623505586037417,0.6041411516107923,0.5269040812340602,0.5172913928296243,0.503769069560696,0.6001638706663204
2015_02_BAL_OAK,2015,2,2015-09-20,LV,BAL,1.0,-6.0,226.0,-254.0,0.5694508537148131,0.26960899546549355,0.291951613601534,0.2900375789650964,0.2566184610305166,0.2863109467395799,0.299482251023654,0.3080071825638603,0.3273529167014097
2015_02_MIA_JAX,2015,2,2015-09-20,JAX,MIA,1.0,-5.0,205.0,-230.0,0.5694508537148131,0.3201639167792662,0.3939427597520471,0.3807257985324151,0.2557357113184122,0.31702036596786287,0.3199224430441105,0.34611374084204505,0.2902030365304176
2015_02_DAL_PHI,2015,2,2015-09-20,PHI,DAL,0.0,7.0,-285.0,252.0,0.5694508537148131,0.4720140801133054,0.45316802198427103,0.4111407670409937,0.2558849990026109,0.7276911387392455,0.722662440570523,0.6805062411414201,0.6035739583772635
2015_02_SEA_GB,2015,2,2015-09-20,GB,SEA,1.0,3.5,-185.0,166.0,0.5694508537148131,0.4870631563453895,0.6095566333120356,0.6483891596247596,0.45057980113138135,0.6159504905510759,0.6332518337408314,0.7141368792673082,0.5967838685695296
2015_02_NYJ_IND,2015,2,2015-09-21,IND,NYJ,0.0,6.0,-240.0,214.0,0.5694508537148131,0.716149767865013,0.6945920651160007,0.6809422560108523,0.5314779059569337,0.6978477356864831,0.6891002194586686,0.712781515910216,0.5350027950616081
2015_03_WAS_NYG,2015,3,2015-09-24,NYG,WAS,1.0,3.0,-167.0,151.0,0.5694508537148131,0.6739891300172689,0.7155163533180297,0.7396555597335754,0.5562777500278733,0.598557951693096,0.6108836002739845,0.6499471682367015,0.3240763085866576
2015_03_ATL_DAL,2015,3,2015-09-27,DAL,ATL,0.0,1.0,-115.0,104.0,0.5694508537148131,0.7448471559520833,0.7807332612109241,0.6228622879247582,0.6260496079176311,0.5269040812340602,0.521797153024911,0.5794875092220111,0.33246954230164466
2015_03_CIN_BAL,2015,3,2015-09-27,BAL,CIN,0.0,2.5,-138.0,125.0,0.5694508537148131,0.5224239335438261,0.5826160206017791,0.5973785081359675,0.5023078108481406,0.5809136685614438,0.5660893345487694,0.6132458750659638,0.4768953287158033
2015_03_IND_TEN,2015,3,2015-09-27,TEN,IND,0.0,-3.0,156.0,-173.0,0.5694508537148131,0.3135923409747576,0.4124838482180021,0.41099495476699693,0.15993786896765114,0.3832540209649485,0.3813488294127508,0.40567154067562894,0.27156922668162753
2015_03_JAX_NE,2015,3,2015-09-27,NE,JAX,1.0,14.5,-1300.0,944.0,0.5694508537148131,0.9211508428879788,0.9187571370006364,0.928173848586121,0.8924298680823066,0.8886439569682657,0.9064921186214268,0.9157501672818001,0.9174991338716284
2015_03_NO_CAR,2015,3,2015-09-27,CAR,NO,1.0,10.0,-400.0,346.0,0.5694508537148131,0.7365304084024579,0.6661450897513513,0.8310262541519643,0.5899835130007208,0.8054245386513871,0.7810858143607706,0.7919770777808889,0.7607769434500924
2015_03_OAK_CLE,2015,3,2015-09-27,CLE,LV,0.0,3.5,-177.0,159.0,0.5694508537148131,0.6085933978492256,0.6406963936976835,0.6919786527651054,0.7866370622923485,0.6159504905510759,0.6233496049929973,0.6026961725248267,0.7433480512829223
2015_03_PHI_NYJ,2015,3,2015-09-27,NYJ,PHI,0.0,3.0,-162.0,146.0,0.5694508537148131,0.535599031746177,0.5556484138419183,0.6044937846605107,0.46306572428830367,0.598557951693096,0.6033428208078484,0.6377958902734118,0.35987505466487596
2015_03_PIT_STL,2015,3,2015-09-27,LA,PIT,0.0,1.5,-123.0,111.0,0.5694508537148131,0.38577073983238974,0.39311591030510296,0.4321696061032251,0.34497072997280276,0.5450413967230909,0.537852568752202,0.5671017946632211,0.40970375675229465
2015_03_SD_MIN,2015,3,2015-09-27,MIN,LAC,1.0,2.5,-123.0,111.0,0.5694508537148131,0.502883531829847,0.5821714169236254,0.5297856062082273,0.4048294262875715,0.5809136685614438,0.537852568752202,0.6498471962394808,0.33410949989767846
2015_03_TB_HOU,2015,3,2015-09-27,HOU,TB,1.0,6.0,-253.0,225.0,0.5694508537148131,0.7208264983059249,0.7768302787361908,0.7753070896154717,0.7321126468275911,0.6978477356864831,0.6996383748138693,0.722157616242145,0.6409470934784867
2015_03_SF_ARI,2015,3,2015-09-27,ARI,SF,1.0,7.0,-301.0,265.0,0.5694508537148131,0.6431397585873924,0.6960474972008943,0.7193645836169178,0.4361384005942374,0.7276911387392455,0.7326042743306772,0.7865523194330853,0.6863429414348563
2015_03_BUF_MIA,2015,3,2015-09-27,MIA,BUF,0.0,1.0,-107.0,-103.0,0.5694508537148131,0.46365865668045975,0.4896792171309873,0.5370853344196728,0.4664874697690532,0.5269040812340602,0.5046466242274987,0.5217194911400486,0.576934282951646
2015_03_CHI_SEA,2015,3,2015-09-27,SEA,CHI,1.0,16.5,-1300.0,944.0,0.5694508537148131,0.870326466002878,0.8548528041681681,0.9144304456021145,0.9361329379903006,0.9144094674934783,0.9064921186214268,0.9065414836319087,0.9316651435621232
2015_03_DEN_DET,2015,3,2015-09-27,DET,DEN,0.0,-3.0,125.0,-138.0,0.5694508537148131,0.36049474224483075,0.4188873654983093,0.3838078527013042,0.30907945445128465,0.3832540209649485,0.43391066545123064,0.419956426277925,0.3634683469512348
2015_03_KC_GB,2015,3,2015-09-28,GB,KC,1.0,4.5,-225.0,201.0,0.5694508537148131,0.7080528419263259,0.6638212395685326,0.6803094281025249,0.7074521874085541,0.6498238496424095,0.6757296083811425,0.6254262453013109,0.6864456341775057
2015_04_BAL_PIT,2015,4,2015-10-01,PIT,BAL,0.0,-3.0,131.0,-145.0,0.5694508537148131,0.6706279725781685,0.6687726210410958,0.5333347809892223,0.5807876728247408,0.3832540209649485,0.4224502112251056,0.3886223405183423,0.3569441928277585
2015_04_NYJ_MIA,2015,4,2015-10-04,MIA,NYJ,0.0,-2.5,121.0,-134.0,0.5694508537148131,0.46772071156104533,0.325024007877123,0.32401916738999464,0.5080017467870626,0.4006339664745038,0.44139283962726833,0.28779805032690425,0.4224587373483171
2015_04_CAR_TB,2015,4,2015-10-04,TB,CAR,0.0,-3.0,131.0,-145.0,0.5694508537148131,0.2496356724391714,0.2909035885407564,0.2861733729663647,0.15773801658902356,0.3832540209649485,0.4224502112251056,0.3943292017422148,0.28133273376745777
2015_04_HOU_ATL,2015,4,2015-10-04,ATL,HOU,1.0,4.0,-202.0,181.0,0.5694508537148131,0.6386170399302651,0.6052832868885073,0.6373327118423007,0.4539888229556838,0.6330514525257197,0.6527218785216531,0.6520047811213148,0.5887474235557477
2015_04_JAX_IND,2015,4,2015-10-04,IND,JAX,1.0,4.0,-199.0,179.0,0.5694508537148131,0.8025118993810022,0.7755160590842713,0.7664634494046036,0.6041304674698613,0.6330514525257197,0.6499689771835965,0.6196118126329337,0.5785442606440564
2015_04_KC_CIN,2015,4,2015-10-04,CIN,KC,1.0,3.5,-177.0,159.0,0.5694508537148131,0.6515581572156619,0.6023254326922494,0.5805285873087979,0.51569012923189,0.6159504905510759,0.6233496049929973,0.5809412456339602,0.5759656404035469
2015_04_NYG_BUF,2015,4,2015-10-04,BUF,NYG,0.0,6.0,-242.0,216.0,0.5694508537148131,0.7156959721303995,0.6748819799421154,0.6315617455020269,0.6277093830197404,0.6978477356864831,0.690978748012144,0.7028418432452856,0.6899072137860556
2015_04_OAK_CHI,2015,4,2015-10-04,CHI,LV,1.0,-3.0,159.0,-177.0,0.5694508537148131,0.5243013030973175,0.550846207083102,0.6495123726498255,0.5190243230551126,0.3832540209649485,0.37665039500700276,0.41117721218278497,0.39646154461693167
2015_04_PHI_WAS,2015,4,2015-10-04,WAS,PHI,1.0,-3.0,135.0,-149.0,0.5694508537148131,0.32176282584634824,0.4057967200371776,0.42214885742419955,0.5264313180249272,0.3832540209649485,0.4155887507302011,0.3943235539484865,0.4661779198713088
2015_04_CLE_SD,2015,4,2015-10-04,LAC,CLE,1.0,4.5,-230.0,205.0,0.5694508537148131,0.7279402889851793,0.7296049400443674,0.7439908915460111,0.7283809703389634,0.6498238496424095,0.6800775569558896,0.6655802415190819,0.6936798165334684
2015_04_GB_SF,2015,4,2015-10-04,SF,GB,0.0,-7.5,281.0,-320.0,0.5694508537148131,0.3434445089139601,0.2991611830166641,0.2842497543858602,0.21852450676329271,0.24376016271894474,0.2562225475841874,0.23696088648418465,0.2517830348806959
2015_04_MIN_DEN,2015,4,2015-10-04,DEN,MIN,1.0,7.0,-286.0,253.0,0.5694508537148131,0.7604210333712123,0.7218141172454642,0.7751155372992806,0.6477342314653766,0.7276911387392455,0.7234124879978217,0.6908145721579818,0.6156163523939333
2015_04_STL_ARI,2015,4,2015-10-04,ARI,LA,0.0,7.0,-285.0,252.0,0.5694508537148131,0.7724151369221137,0.7706139313230222,0.7588432743387453,0.7306543431409496,0.7276911387392455,0.722662440570523,0.7426749316835977,0.7468225757645778
2015_04_DAL_NO,2015,4,2015-10-04,NO,DAL,1.0,3.0,-143.0,129.0,0.5694508537148131,0.34587568091375,0.4350580101352313,0.6530559978511014,0.271381329067386,0.598557951693096,0.5740354444580784,0.6198408673585606,0.4896730081914238
2015_04_DET_SEA,2015,4,2015-10-05,SEA,DET,1.0,10.0,-470.0,400.0,0.5694508537148131,0.793815297368021,0.8066990768763403,0.7984682750916658,0.8049187311144075,0.8054245386513871,0.8047945205479452,0.8179381566664897,0.7951160705824839
2015_05_IND_HOU,2015,5,2015-10-08,HOU,IND,0.0,4.5,-209.0,187.0,0.5694508537148131,0.45595272803490927,0.5032067226303449,0.4759697103861403,0.5325234452638999,0.6498238496424095,0.6600024206947392,0.6121395635419459,0.6647392765371385
2015_05_BUF_TEN,2015,5,2015-10-11,TEN,BUF,0.0,1.0,-110.0,100.0,0.5694508537148131,0.2859654445554413,0.45559311493488464,0.48760063158214384,0.23622604671785297,0.5269040812340602,0.5116279069767442,0.5959895785197606,0.4921936707110288
2015_05_CHI_KC,2015,5,2015-10-11,KC,CHI,0.0,10.0,-420.0,361.0,0.5694508537148131,0.7412100700663737,0.8044197836917552,0.8004909778003871,0.7671226380174563,0.8054245386513871,0.7882908557935022,0.8484825381200664,0.7881564618072019
2015_05_CLE_BAL,2015,5,2015-10-11,BAL,CLE,0.0,6.0,-255.0,227.0,0.5694508537148131,0.7854142331586608,0.7875971116076886,0.7841718948530031,0.636298573690976,0.6978477356864831,0.7013921016108003,0.7330231344748326,0.585868449801072
2015_05_JAX_TB,2015,5,2015-10-11,TB,JAX,1.0,1.0,-115.0,104.0,0.5694508537148131,0.5624910336457609,0.5968757150947015,0.5887057623879814,0.5429280922854486,0.5269040812340602,0.521797153024911,0.5437419360490513,0.5024905469008194
2015_05_NO_PHI,2015,5,2015-10-11,PHI,NO,1.0,6.5,-277.0,245.0,0.5694508537148131,0.6539109377488386,0.6206900194293021,0.5734263852530105,0.4572873426692492,0.7130011465392949,0.7171050163208644,0.712526503401906,0.5110828049672045
2015_05_SEA_CIN,2015,5,2015-10-11,CIN,SEA,1.0,3.0,-145.0,131.0,0.5694508537148131,0.48268365111845185,0.571545951302731,0.5574614147128044,0.4663324650707956,0.598557951693096,0.5775497887748944,0.6836277578835024,0.47044520181779925
2015_05_STL_GB,2015,5,2015-10-11,GB,LA,1.0,8.5,-370.0,322.0,0.5694508537148131,0.8228438824960083,0.8349911631504634,0.8316341350479923,0.7280166166590885,0.7688349934924676,0.768632470217584,0.79188986583594,0.7405870313948731
2015_05_WAS_ATL,2015,5,2015-10-11,ATL,WAS,1.0,7.5,-325.0,285.0,0.5694508537148131,0.7808705621461705,0.7778955289096455,0.7881015925637528,0.7370596009157527,0.7419014073046459,0.7464578672632363,0.7818036184303535,0.7332333853351051
2015_05_ARI_DET,2015,5,2015-10-11,DET,ARI,0.0,-4.5,181.0,-202.0,0.5694508537148131,0.4046985834614063,0.3998068968373163,0.3947273604953658,0.2451077657949568,0.3330185425588729,0.34727812147834686,0.3215852455036164,0.23046124072702429
2015_05_DEN_OAK,2015,5,2015-10-11,LV,DEN,0.0,-5.0,201.0,-225.0,0.5694508537148131,0.20850729078630414,0.27508558954060675,0.2409430798105563,0.19279028655584232,0.31702036596786287,0.3242703916188576,0.3632054089292669,0.2661352460540962
2015_05_NE_DAL,2015,5,2015-10-11,DAL,NE,0.0,-8.0,305.0,-350.0,0.5694508537148131,0.341305714295696,0.32184010863015794,0.26946896522453195,0.24247254364771542,0.2305676509776286,0.24096385542168672,0.20694982910260923,0.21781593502904076
2015_05_SF_NYG,2015,5,2015-10-11,NYG,SF,1.0,7.5,-350.0,305.0,0.5694508537148131,0.6005428775822442,0.7588430185338745,0.7599837869698566,0.5583108525722105,0.7419014073046459,0.7590361445783131,0.7932970240728168,0.7141487821312089
2015_05_PIT_SD,2015,5,2015-10-12,LAC,PIT,0.0,4.0,-208.0,186.0,0.5694508537148131,0.4590103184636177,0.43909540700961586,0.5172714008990135,0.252104470092656,0.6330514525257197,0.658869395711501,0.6107866069910395,0.5179523372916434
2015_06_ATL_NO,2015,6,2015-10-15,NO,ATL,1.0,-3.0,134.0,-148.0,0.5694508537148131,0.3894289209056032,0.44516281956716997,0.46929060840963555,0.4330483993825448,0.3832540209649485,0.4172836182527931,0.38839726190392443,0.40365698408968526
2015_06_ARI_PIT,2015,6,2015-10-18,PIT,ARI,1.0,-5.5,205.0,-230.0,0.5694508537148131,0.5424376929229451,0.567447512934537,0.5137812259192299,0.4527366246897163,0.30144339232770306,0.3199224430441105,0.33126740111639297,0.2050813074313285
2015_06_CHI_DET,2015,6,2015-10-18,DET,CHI,1.0,3.5,-202.0,181.0,0.5694508537148131,0.649388750795629,0.6241595597038233,0.6219383910221602,0.5258787965116668,0.6159504905510759,0.6527218785216531,0.5803301509083474,0.5607746939513999
2015_06_CIN_BUF,2015,6,2015-10-18,BUF,CIN,0.0,-3.0,141.0,-156.0,0.5694508537148131,0.4477141008642279,0.5365692410072231,0.471817868088169,0.29047158174665844,0.3832540209649485,0.4050889296790936,0.4192979184777292,0.30851363039452295
2015_06_DEN_CLE,2015,6,2015-10-18,CLE,DEN,0.0,-3.5,148.0,-164.0,0.5694508537148131,0.20522445250293703,0.34218710822257936,0.3124504753886527,0.24712837005020485,0.36616742328850255,0.39360687022900764,0.4194946990970318,0.3699495632097704
2015_06_HOU_JAX,2015,6,2015-10-18,JAX,HOU,0.0,2.5,-155.0,140.0,0.5694508537148131,0.3897662402608482,0.36710200640049406,0.330200405483353,0.38130427651138993,0.5809136685614438,0.5933014354066986,0.5649303263589787,0.5223751468171115
2015_06_KC_MIN,2015,6,2015-10-18,MIN,KC,1.0,3.5,-162.0,146.0,0.5694508537148131,0.5710087285235083,0.633080826571639,0.5979565932943867,0.46758634607662597,0.6159504905510759,0.6033428208078484,0.652229358210682,0.5753975255979831
2015_06_MIA_TEN,2015,6,2015-10-18,TEN,MIA,0.0,2.5,-130.0,118.0,0.5694508537148131,0.43469671515764713,0.5036973870657794,0.5151943931805881,0.3904407763995307,0.5809136685614438,0.5520062329567589,0.5896552689579072,0.41629394167041434
2015_06_WAS_NYJ,2015,6,2015-10-18,NYJ,WAS,1.0,7.5,-350.0,305.0,0.5694508537148131,0.7262194653760968,0.7890861898716641,0.8029025104178906,0.7597116366822831,0.7419014073046459,0.7590361445783131,0.7988665791940988,0.7635649182058777
2015_06_CAR_SEA,2015,6,2015-10-18,SEA,CAR,0.0,7.0,-307.0,270.0,0.5694508537148131,0.6636139483504083,0.6132167587661941,0.6243141023377224,0.46434266514395534,0.7276911387392455,0.73621103117506,0.699707015890292,0.679927052157994
2015_06_BAL_SF,2015,6,2015-10-18,SF,BAL,1.0,-2.5,126.0,-139.0,0.5694508537148131,0.501723637390243,0.42042874524903134,0.4221917493866579,0.3174181298591145,0.4006339664745038,0.4320786780923455,0.3901491206369637,0.35550856503162176
2015_06_SD_GB,2015,6,2015-10-18,GB,LAC,1.0,10.5,-520.0,439.0,0.5694508537148131,0.8058028381329212,0.8128814185200007,0.8129524375235421,0.8134330063916413,0.8166006861900978,0.8188617506135327,0.8507340876148789,0.8351322043639142
2015_06_NE_IND,2015,6,2015-10-18,IND,NE,0.0,-8.0,293.0,-335.0,0.5694508537148131,0.3061940068341613,0.32659411259335314,0.3446464523446248,0.20272239800613737,0.2305676509776286,0.24835146013530876,0.2462597119472094,0.2426616397190819
2015_06_NYG_PHI,2015,6,2015-10-19,PHI,NYG,1.0,3.5,-202.0,181.0,0.5694508537148131,0.5922804459094136,0.5347411347269997,0.49440497198447675,0.44662024074584905,0.6159504905510759,0.6527218785216531,0.5577133467999249,0.5409846713412566
2015_07_SEA_SF,2015,7,2015-10-22,SF,SEA,0.0,-6.5,239.0,-270.0,0.5694508537148131,0.3689292263861546,0.359342429387093,0.36936006830944973,0.3316368093653274,0.27164275030483176,0.28787053606161983,0.3054272634524062,0.3058645463062674
2015_07_BUF_JAX,2015,7,2015-10-25,JAX,BUF,1.0,-3.5,153.0,-170.0,0.5694508537148131,0.21265749620065835,0.18308572193666095,0.21909628444474233,0.23988441931395307,0.36616742328850255,0.3856591915440651,0.2730370287733253,0.3032865502912762
2015_07_ATL_TEN,2015,7,2015-10-25,TEN,ATL,0.0,-5.5,205.0,-230.0,0.5694508537148131,0.25958274444553564,0.33549713136465315,0.28914512080761584,0.21062144837501043,0.30144339232770306,0.3199224430441105,0.328876061785081,0.252472201900798
2015_07_CLE_STL,2015,7,2015-10-25,LA,CLE,1.0,6.5,-276.0,244.0,0.5694508537148131,0.6591378121105117,0.6962271641421047,0.7111873980068232,0.4574402476930382,0.7130011465392949,0.7163206180589087,0.769673317208647,0.5659353445562301
2015_07_HOU_MIA,2015,7,2015-10-25,MIA,HOU,1.0,4.5,-218.0,195.0,0.5694508537148131,0.5620025408764137,0.5677868039849113,0.5624082947047294,0.5958827211892435,0.6498238496424095,0.6691291228800332,0.6681033320450207,0.6679549885314122
2015_07_MIN_DET,2015,7,2015-10-25,DET,MIN,0.0,1.0,-115.0,104.0,0.5694508537148131,0.4797946460912928,0.46771560141463064,0.49918847009576905,0.42150425181707285,0.5269040812340602,0.521797153024911,0.47541449627428645,0.42443318693250415
2015_07_NO_IND,2015,7,2015-10-25,IND,NO,0.0,5.5,-236.0,211.0,0.5694508537148131,0.6717928275739364,0.6417326557807823,0.6217313918639708,0.462872241305245,0.6822507933871043,0.6859695689558487,0.715345107777744,0.5806368714663186
2015_07_NYJ_NE,2015,7,2015-10-25,NE,NYJ,1.0,7.0,-300.0,264.0,0.5694508537148131,0.8458273346165845,0.8440118506372586,0.8419608848426035,0.8531969430864084,0.7276911387392455,0.7319034852546917,0.7931159485415293,0.8369365822697894
2015_07_PIT_KC,2015,7,2015-10-25,KC,PIT,1.0,4.0,-208.0,186.0,0.5694508537148131,0.378758431575063,0.48211075151826455,0.5378763406479866,0.251751140786545,0.6330514525257197,0.658869395711501,0.6777397056835207,0.5165381664272475
2015_07_TB_WAS,2015,7,2015-10-25,WAS,TB,1.0,3.0,-150.0,136.0,0.5694508537148131,0.5910469362916072,0.5464042269770936,0.5621876376874726,0.4616517793958781,0.598557951693096,0.5860927152317882,0.5881594737741829,0.4560137277334635
2015_07_OAK_SD,2015,7,2015-10-25,LAC,LV,0.0,3.5,-190.0,171.0,0.5694508537148131,0.7034685056245769,0.6314626318848281,0.664910099429384,0.5960936050111368,0.6159504905510759,0.6397067958752639,0.5365088545910607,0.5553196043662899
2015_07_DAL_NYG,2015,7,2015-10-25,NYG,DAL,1.0,3.0,-155.0,140.0,0.5694508537148131,0.5086623931058135,0.4274355657788009,0.4873955293398668,0.3764923963906064,0.598557951693096,0.5933014354066986,0.5251424027432291,0.440145579244524
2015_07_PHI_CAR,2015,7,2015-10-25,CAR,PHI,1.0,3.0,-137.0,124.0,0.5694508537148131,0.6359997731268064,0.6726128684674093,0.691359011191455,0.5271784046819707,0.598557951693096,0.5642421122306391,0.6764078639080486,0.5005948493865986
2015_07_BAL_ARI,2015,7,2015-10-26,ARI,BAL,1.0,10.0,-455.0,389.0,0.5694508537148131,0.6864132085529715,0.6709215778048654,0.6737645424805087,0.6298652579507915,0.8054245386513871,0.8003561215129767,0.7969924487650201,0.7805806202217502
2015_08_MIA_NE,2015,8,2015-10-29,NE,MIA,1.0,8.0,-425.0,365.0,0.5694508537148131,0.8714641766273425,0.8550621236434748,0.8641401272397294,0.910403509848238,0.7556191582646584,0.7901049475262368,0.8101166424798218,0.9033625865554338
2015_08_DET_KC,2015,8,2015-11-01,KC,DET,1.0,3.0,-170.0,153.0,0.5694508537148131,0.61405986716111,0.510647266297102,0.5346910183203802,0.6552521752799079,0.598557951693096,0.6143408084559349,0.5426286864151829,0.4030763608912672
2015_08_ARI_CLE,2015,8,2015-11-01,CLE,ARI,0.0,-7.0,271.0,-308.0,0.5694508537148131,0.25274164080398337,0.3138219734118622,0.31651537173978195,0.1730099536741481,0.2574549441342461,0.26311037738282556,0.26099458745796006,0.22733878963412973
2015_08_CIN_PIT,2015,8,2015-11-01,PIT,CIN,0.0,1.0,-117.0,106.0,0.5694508537148131,0.48302609500311805,0.4414431685621921,0.5741668993088251,0.39782685613103486,0.5269040812340602,0.5262215623771888,0.4790098523296834,0.4516844322686452
2015_08_MIN_CHI,2015,8,2015-11-01,CHI,MIN,0.0,-1.0,106.0,-117.0,0.5694508537148131,0.342085118245884,0.42604458880240825,0.45647329701614436,0.3104028050326832,0.454124526904519,0.47377843762281124,0.4865070510162631,0.36887087871473884
2015_08_NYG_NO,2015,8,2015-11-01,NO,NYG,1.0,3.0,-167.0,151.0,0.5694508537148131,0.5327836781914506,0.6024370872158195,0.6134510852467778,0.5193581480852868,0.598557951693096,0.6108836002739845,0.6204206524493509,0.5118055392872527
2015_08_SD_BAL,2015,8,2015-11-01,BAL,LAC,1.0,4.5,-208.0,186.0,0.5694508537148131,0.624495166129537,0.6893322696910719,0.6747012737622384,0.5284294723972967,0.6498238496424095,0.658869395711501,0.7391607574754824,0.5526765070496472
2015_08_SF_STL,2015,8,2015-11-01,LA,SF,1.0,8.0,-400.0,346.0,0.5694508537148131,0.5701074305569777,0.598992782329892,0.6085251912327088,0.4040669481785322,0.7556191582646584,0.7810858143607706,0.732152267223506,0.7088858477836308
2015_08_TB_ATL,2015,8,2015-11-01,ATL,TB,0.0,8.0,-400.0,346.0,0.5694508537148131,0.8063438622818382,0.7484364727978422,0.76354658775228,0.698294552555552,0.7556191582646584,0.7810858143607706,0.7413500065329263,0.7246015287856865
2015_08_TEN_HOU,2015,8,2015-11-01,HOU,TEN,1.0,3.5,-185.0,166.0,0.5694508537148131,0.7436821421644687,0.7257358118186134,0.7465028611517586,0.706673758950011,0.6159504905510759,0.6332518337408314,0.6137241870628378,0.6709374979804135
2015_08_NYJ_OAK,2015,8,2015-11-01,LV,NYJ,1.0,-3.0,153.0,-170.0,0.5694508537148131,0.4471677392981002,0.4631942688812313,0.44966089451392655,0.3127646569059517,0.3832540209649485,0.3856591915440651,0.4410199599240742,0.35341971240363296
2015_08_SEA_DAL,2015,8,2015-11-01,DAL,SEA,0.0,-4.5,186.0,-208.0,0.5694508537148131,0.3735919648460704,0.47210071677771037,0.4309490545689536,0.34046924668691647,0.3330185425588729,0.341130604288499,0.4053608883676891,0.25775172378638617
2015_08_GB_DEN,2015,8,2015-11-01,DEN,GB,1.0,-2.5,120.0,-133.0,0.5694508537148131,0.5455915053544509,0.5192411692925822,0.5365158395801303,0.48542553297503566,0.4006339664745038,0.4433028919330289,0.37538772922431896,0.3314396791867354
2015_08_IND_CAR,2015,8,2015-11-02,CAR,IND,1.0,5.0,-220.0,197.0,0.5694508537148131,0.7189474709228557,0.7267284578363201,0.710089937671922,0.6237534832827838,0.6662338106801508,0.6712553934662009,0.6900689739574148,0.5313499382754466
2015_09_CLE_CIN,2015,9,2015-11-05,CIN,CLE,1.0,13.0,-850.0,671.0,0.5694508537148131,0.8877973703889875,0.8514756454594372,0.8813260283080265,0.9185255345670645,0.8650822372818151,0.8733924168721262,0.8851261218014257,0.9097423903230505
2015_09_GB_CAR,2015,9,2015-11-08,CAR,GB,1.0,-2.0,109.0,-120.0,0.5694508537148131,0.5160071702051146,0.5563731675979147,0.5076229019332269,0.3745611844919024,0.41826755159863316,0.4672897196261682,0.4092437634987439,0.33466207624717514
2015_09_JAX_NYJ,2015,9,2015-11-08,NYJ,JAX,1.0,7.5,-335.0,293.0,0.5694508537148131,0.7624404853358141,0.7274727756518614,0.751134567118871,0.6481703776775376,0.7419014073046459,0.7516485398646913,0.7346241979254355,0.7296634954630864
2015_09_MIA_BUF,2015,9,2015-11-08,BUF,MIA,1.0,4.0,-202.0,181.0,0.5694508537148131,0.6059402399223301,0.6721436541675979,0.6870207914580357,0.5361402499212999,0.6330514525257197,0.6527218785216531,0.6703633411465612,0.4940416433692593
2015_09_OAK_PIT,2015,9,2015-11-08,PIT,LV,1.0,6.0,-260.0,231.0,0.5694508537148131,0.7301067092498446,0.7210435662918595,0.7506461742219525,0.6913286831626942,0.6978477356864831,0.7050630837293135,0.7060916837038675,0.6064337696769847
2015_09_STL_MIN,2015,9,2015-11-08,MIN,LA,1.0,2.0,-123.0,111.0,0.5694508537148131,0.6398712611357068,0.6942035952295889,0.6597203207187127,0.6130612516194262,0.5630599893525919,0.537852568752202,0.6400524436051206,0.5123313911983178
2015_09_TEN_NO,2015,9,2015-11-08,NO,TEN,0.0,7.0,-300.0,264.0,0.5694508537148131,0.827722543485956,0.8156949079753101,0.7884623279716116,0.7307039876134318,0.7276911387392455,0.7319034852546917,0.750095270563806,0.6819420983245191
2015_09_WAS_NE,2015,9,2015-11-08,NE,WAS,1.0,13.5,-1100.0,828.0,0.5694508537148131,0.9311513360151692,0.9278015668350232,0.9322822879566184,0.936045397425967,0.8733704702842402,0.8948106591865358,0.9060183721765819,0.9163963098522144
2015_09_ATL_SF,2015,9,2015-11-08,SF,ATL,1.0,-9.5,361.0,-420.0,0.5694508537148131,0.4782545690635058,0.4150933635048762,0.28060057672059785,0.21199378958799323,0.1940487930544241,0.21170914420649786,0.24235062603099902,0.1574960886006302
2015_09_NYG_TB,2015,9,2015-11-08,TB,NYG,0.0,-1.5,104.0,-115.0,0.5694508537148131,0.3670885486345519,0.44583273703469994,0.4274267509786922,0.2785525280570739,0.4361125361648886,0.478202846975089,0.4541787739898848,0.3276106056033626
2015_09_DEN_IND,2015,9,2015-11-08,IND,DEN,1.0,-3.5,153.0,-170.0,0.5694508537148131,0.2894709218134458,0.3918771398468238,0.36362110617737303,0.23032060971358062,0.36616742328850255,0.3856591915440651,0.4298220965571581,0.24536351858925878
2015_09_PHI_DAL,2015,9,2015-11-08,DAL,PHI,0.0,-3.0,149.0,-165.0,0.5694508537148131,0.5242382172930986,0.5451920183289513,0.5425915091433898,0.4968465288529487,0.3832540209649485,0.3920988384996671,0.44663186761589935,0.2873895063443213
2015_09_CHI_SD,2015,9,2015-11-09,LAC,CHI,0.0,3.5,-179.0,161.0,0.5694508537148131,0.6622619115581582,0.7007290460616247,0.7163414427808686,0.5385429036951798,0.6159504905510759,0.6261005910022917,0.6191603511475221,0.4936602895397764
2015_10_BUF_NYJ,2015,10,2015-11-12,NYJ,BUF,0.0,2.5,-126.0,114.0,0.5694508537148131,0.5144913655502521,0.4997167509233784,0.5453369428462477,0.4667762188394926,0.5809136685614438,0.5440238883060285,0.561519789196457,0.4091565100628232
2015_10_CAR_TEN,2015,10,2015-11-15,TEN,CAR,0.0,-3.5,175.0,-195.0,0.5694508537148131,0.15723654343059937,0.2846552956768258,0.3135193397796048,0.18124471399487177,0.36616742328850255,0.35488721804511275,0.4083718429145348,0.22647760554734006
2015_10_CHI_STL,2015,10,2015-11-15,LA,CHI,0.0,7.5,-373.0,324.0,0.5694508537148131,0.6995923733063268,0.6980710788985456,0.7084838219053061,0.6538063707264536,0.7419014073046459,0.7697759087280727,0.7484742416930616,0.7251882190837055
2015_10_CLE_PIT,2015,10,2015-11-15,PIT,CLE,1.0,7.0,-308.0,271.0,0.5694508537148131,0.8296565098676019,0.7842016112357293,0.7125295373605174,0.7336349855416812,0.7276911387392455,0.7368896226171744,0.7124256691150922,0.7641253806412039
2015_10_DAL_TB,2015,10,2015-11-15,TB,DAL,1.0,-1.0,-101.0,-109.0,0.5694508537148131,0.35702356145583075,0.39358446581119577,0.42736363198679694,0.3409634024880714,0.454124526904519,0.49070156678599663,0.43068004719652214,0.4117264896899122
2015_10_DET_GB,2015,10,2015-11-15,GB,DET,0.0,10.5,-590.0,491.0,0.5694508537148131,0.8398643359569751,0.7698045212518366,0.7872041783635747,0.7819589278766126,0.8166006861900978,0.8348057171586584,0.8156900568891674,0.7885744736113512
2015_10_JAX_BAL,2015,10,2015-11-15,BAL,JAX,0.0,4.0,-208.0,186.0,0.5694508537148131,0.8011380600460071,0.8495172692892858,0.8617293817521251,0.7487764874864626,0.6330514525257197,0.658869395711501,0.7554715055599759,0.7019225914614003
2015_10_MIA_PHI,2015,10,2015-11-15,PHI,MIA,0.0,5.5,-230.0,205.0,0.5694508537148131,0.722725163355244,0.7033676478865143,0.6818388841223323,0.5658423707674358,0.6822507933871043,0.6800775569558896,0.670527008013997,0.504495896791169
2015_10_NO_WAS,2015,10,2015-11-15,WAS,NO,1.0,-1.0,102.0,-113.0,0.5694508537148131,0.4147651195839742,0.4217832654443067,0.3979098778686236,0.28582579767315064,0.454124526904519,0.4827086071703758,0.4974637853073933,0.3242504156455358
2015_10_MIN_OAK,2015,10,2015-11-15,LV,MIN,0.0,3.0,-164.0,148.0,0.5694508537148131,0.3945145513368419,0.46146718344486987,0.47080337948597034,0.38978603942499107,0.598557951693096,0.6063931297709924,0.6119722752886712,0.4248198744725294
2015_10_KC_DEN,2015,10,2015-11-15,DEN,KC,0.0,4.0,-202.0,181.0,0.5694508537148131,0.7504344055328639,0.5869744975746138,0.6242596175999432,0.46244973952243573,0.6330514525257197,0.6527218785216531,0.5349896750437259,0.473578367074648
2015_10_NE_NYG,2015,10,2015-11-15,NYG,NE,0.0,-7.0,281.0,-320.0,0.5694508537148131,0.24039666526161055,0.27124641421813395,0.27772342102990494,0.1990326151977138,0.2574549441342461,0.2562225475841874,0.2612894636900162,0.28530508042233516
2015_10_ARI_SEA,2015,10,2015-11-15,SEA,ARI,0.0,3.0,-150.0,136.0,0.5694508537148131,0.6265662767900236,0.5720585288371547,0.5661662692915116,0.3201899333438734,0.598557951693096,0.5860927152317882,0.5774521426692136,0.3786284051049066
2015_10_HOU_CIN,2015,10,2015-11-16,CIN,HOU,0.0,10.0,-470.0,400.0,0.5694508537148131,0.8338273606303156,0.7722605236716886,0.7583752299384492,0.7211888485488941,0.8054245386513871,0.8047945205479452,0.8247833737392136,0.8364948145377159
2015_11_TEN_JAX,2015,11,2015-11-19,JAX,TEN,1.0,3.0,-140.0,127.0,0.5694508537148131,0.5958463764018517,0.5858911278868671,0.553214007328241,0.5235254305290354,0.598557951693096,0.5697382574399427,0.5772939145722421,0.4310886512626283
2015_11_DAL_MIA,2015,11,2015-11-22,MIA,DAL,0.0,-2.5,121.0,-134.0,0.5694508537148131,0.5493203172184525,0.5519613059427559,0.409086346374506,0.40207028679236395,0.4006339664745038,0.44139283962726833,0.4083991848787607,0.3248044030097676
2015_11_DEN_CHI,2015,11,2015-11-22,CHI,DEN,0.0,-2.5,111.0,-123.0,0.5694508537148131,0.29295228800197276,0.43117671060841034,0.5702414760885967,0.16883551852454307,0.4006339664745038,0.46214743124779806,0.471494866328084,0.27986954124298274
2015_11_IND_ATL,2015,11,2015-11-22,ATL,IND,0.0,3.5,-180.0,162.0,0.5694508537148131,0.5357752348873025,0.6114560558356731,0.6444118488701217,0.5172302409794678,0.6159504905510759,0.6274614156466205,0.6259234213535199,0.5658486387975876
2015_11_NYJ_HOU,2015,11,2015-11-22,HOU,NYJ,1.0,-4.0,179.0,-199.0,0.5694508537148131,0.5874084772101058,0.5572189362194232,0.48052483589437217,0.5514533868274348,0.3494110231949544,0.3500310228164034,0.3423068488978436,0.3335715352164187
2015_11_OAK_DET,2015,11,2015-11-22,DET,LV,1.0,-2.0,115.0,-127.0,0.5694508537148131,0.588375691090925,0.574286449271794,0.5989686152076749,0.3462762471668526,0.41826755159863316,0.453954604539546,0.4253808418700261,0.3182545215952444
2015_11_STL_BAL,2015,11,2015-11-22,BAL,LA,1.0,3.0,-149.0,135.0,0.5694508537148131,0.6234578519692525,0.7297133520281932,0.7832988304603974,0.6333784704042559,0.598557951693096,0.5844112492697988,0.687669091604616,0.547903800322367
2015_11_TB_PHI,2015,11,2015-11-22,PHI,TB,0.0,7.0,-307.0,270.0,0.5694508537148131,0.797311476252453,0.7673552732403071,0.7532969835349287,0.6025196953611562,0.7276911387392455,0.73621103117506,0.7281021834682111,0.6209520393780723
2015_11_WAS_CAR,2015,11,2015-11-22,CAR,WAS,1.0,7.0,-315.0,277.0,0.5694508537148131,0.8562152372071251,0.822618112272879,0.8190343924238979,0.7392735107557623,0.7276911387392455,0.741037721131946,0.7503812687877968,0.7363658269526223
2015_11_KC_SD,2015,11,2015-11-22,LAC,KC,0.0,-3.0,152.0,-168.0,0.5694508537148131,0.33255890660741977,0.4540042889242147,0.48103869681885264,0.4563112994417787,0.3832540209649485,0.38764174959500114,0.3996165406069958,0.4261438145208317
2015_11_GB_MIN,2015,11,2015-11-22,MIN,GB,0.0,-1.0,102.0,-113.0,0.5694508537148131,0.5031335955202411,0.5702641884447252,0.510017078520474,0.29643664276825693,0.454124526904519,0.4827086071703758,0.49193058519904403,0.2814797829413972
2015_11_SF_SEA,2015,11,2015-11-22,SEA,SF,1.0,14.0,-1065.0,807.0,0.5694508537148131,0.7866685057429387,0.7506471543064663,0.7866943828622821,0.6071892149954273,0.8812194532533777,0.8923742788383813,0.841948071722909,0.7484691007901231
2015_11_CIN_ARI,2015,11,2015-11-22,ARI,CIN,1.0,4.0,-199.0,179.0,0.5694508537148131,0.571710012967358,0.6262600810520088,0.6417652860213842,0.521940239315174,0.6330514525257197,0.6499689771835965,0.6309289216026757,0.547305578049248
2015_11_BUF_NE,2015,11,2015-11-23,NE,BUF,1.0,7.0,-345.0,301.0,0.5694508537148131,0.8393098865712866,0.8066534694192041,0.8274635716809842,0.709380534725818,0.7276911387392455,0.7566244633432689,0.7490293952651337,0.76044616347827
2015_12_PHI_DET,2015,12,2015-11-26,DET,PHI,1.0,3.0,-150.0,136.0,0.5694508537148131,0.5010602933001889,0.5595808829681136,0.6057555979385624,0.4149639586648569,0.598557951693096,0.5860927152317882,0.675152153836497,0.5127366118283041
2015_12_CAR_DAL,2015,12,2015-11-26,DAL,CAR,0.0,-1.0,102.0,-113.0,0.5694508537148131,0.32474354437496883,0.4557299524309326,0.5151474241240943,0.4827755829950883,0.454124526904519,0.4827086071703758,0.5458329484792076,0.4772080598267546
2015_12_CHI_GB,2015,12,2015-11-26,GB,CHI,0.0,7.5,-410.0,354.0,0.5694508537148131,0.8272838804342463,0.7516540022333116,0.7717019164881581,0.6987282745124239,0.7419014073046459,0.7849371679176859,0.7365710349968021,0.743042221031876
2015_12_BUF_KC,2015,12,2015-11-29,KC,BUF,1.0,4.5,-218.0,195.0,0.5694508537148131,0.6816350518476239,0.7301796684228495,0.7496188892670576,0.6633729974463333,0.6498238496424095,0.6691291228800332,0.7014208540197284,0.5945486089047016
2015_12_MIA_NYJ,2015,12,2015-11-29,NYJ,MIA,1.0,4.5,-213.0,191.0,0.5694508537148131,0.5865021398392228,0.631355468209445,0.6566994373303245,0.477833508278702,0.6498238496424095,0.664461906242295,0.6629434299247803,0.5024488937050514
2015_12_MIN_ATL,2015,12,2015-11-29,ATL,MIN,0.0,2.0,-128.0,116.0,0.5694508537148131,0.4739245232277262,0.5081882360146485,0.5480563430647243,0.4736829619537688,0.5630599893525919,0.5480494766888677,0.5136579858439448,0.4856255659988707
2015_12_NO_HOU,2015,12,2015-11-29,HOU,NO,1.0,3.5,-198.0,178.0,0.5694508537148131,0.6566538046497218,0.6056445856102399,0.6124781533422552,0.6396735199773206,0.6159504905510759,0.6487671491207393,0.6025165381815735,0.698616343854501
2015_12_NYG_WAS,2015,12,2015-11-29,WAS,NYG,1.0,-1.0,-101.0,-109.0,0.5694508537148131,0.38933385219445,0.3553153186899754,0.3446510720340336,0.23936443921181244,0.454124526904519,0.49070156678599663,0.41763120578206125,0.31400827293253697
2015_12_OAK_TEN,2015,12,2015-11-29,TEN,LV,0.0,-1.0,103.0,-114.0,0.5694508537148131,0.41110582451800065,0.49925011523548546,0.5195655269741322,0.27796739456639147,0.454124526904519,0.48044542229805576,0.45897411120663695,0.32326683320824895
2015_12_SD_JAX,2015,12,2015-11-29,JAX,LAC,0.0,5.0,-242.0,216.0,0.5694508537148131,0.48619354248156266,0.5873638514123307,0.53065013676495,0.4137568650505576,0.6662338106801508,0.690978748012144,0.7038000531675204,0.5485047588528963
2015_12_STL_CIN,2015,12,2015-11-29,CIN,LA,1.0,10.5,-420.0,361.0,0.5694508537148131,0.806029906102234,0.8085297895475773,0.7462047335039924,0.7364842762464218,0.8166006861900978,0.7882908557935022,0.8475567813117121,0.7441394415586124
2015_12_TB_IND,2015,12,2015-11-29,IND,TB,1.0,3.0,-133.0,120.0,0.5694508537148131,0.7215381466715631,0.6831028666183626,0.694879040581983,0.5028392793494537,0.598557951693096,0.556697108066971,0.6450407298250487,0.3538898258053779
2015_12_ARI_SF,2015,12,2015-11-29,SF,ARI,0.0,-7.5,318.0,-365.0,0.5694508537148131,0.27811316806170977,0.25130848609487466,0.22005260034453708,0.10977937622493868,0.24376016271894474,0.23358617571708445,0.26181038514308136,0.13403094094731338
2015_12_PIT_SEA,2015,12,2015-11-29,SEA,PIT,1.0,3.0,-139.0,126.0,0.5694508537148131,0.646407469546266,0.6274861815492384,0.5413727262452027,0.5095792370678482,0.598557951693096,0.5679213219076544,0.609121649798325,0.3943883325297212
2015_12_NE_DEN,2015,12,2015-11-29,DEN,NE,1.0,-2.5,120.0,-133.0,0.5694508537148131,0.3810522368850771,0.37559553184194655,0.33266784182476106,0.2650660925295364,0.4006339664745038,0.4433028919330289,0.36336474896081816,0.27486021119927573
2015_12_BAL_CLE,2015,12,2015-11-30,CLE,BAL,0.0,6.0,-260.0,231.0,0.5694508537148131,0.3566604994895658,0.3611572449614399,0.39182557876648083,0.27479228429478353,0.6978477356864831,0.7050630837293135,0.6709420963054766,0.5389426971255703
2015_13_GB_DET,2015,13,2015-12-03,DET,GB,0.0,-2.5,110.0,-121.0,0.5694508537148131,0.3609546945234065,0.43736242819181415,0.41093979013542686,0.27207437394934586,0.4006339664745038,0.46516522837297414,0.39561803673018137,0.3524243976269243
2015_13_ARI_STL,2015,13,2015-12-06,LA,ARI,0.0,-3.5,162.0,-180.0,0.5694508537148131,0.24222141541631823,0.25455859154951765,0.2748546298566275,0.13702358460105987,0.36616742328850255,0.37253858435337944,0.3419296210059918,0.17694463165897853
2015_13_ATL_TB,2015,13,2015-12-06,TB,ATL,1.0,1.0,-115.0,104.0,0.5694508537148131,0.4893858476844762,0.525407245928175,0.4956394674206632,0.42917985577889917,0.5269040812340602,0.521797153024911,0.5456646452199878,0.43336090140406036
2015_13_BAL_MIA,2015,13,2015-12-06,MIA,BAL,1.0,3.5,-173.0,156.0,0.5694508537148131,0.42705374778867566,0.44255767335226226,0.43143777856747717,0.2482687527934892,0.6159504905510759,0.6186511705872493,0.615222694538874,0.5038315854756353
2015_13_CIN_CLE,2015,13,2015-12-06,CLE,CIN,0.0,-7.5,281.0,-320.0,0.5694508537148131,0.17720148716347478,0.19508961219621537,0.16600980224950762,0.09524168059842963,0.24376016271894474,0.2562225475841874,0.2017854020611259,0.16708232914049753
2015_13_HOU_BUF,2015,13,2015-12-06,BUF,HOU,1.0,3.0,-143.0,129.0,0.5694508537148131,0.5778883770385738,0.598129377351157,0.5812587656972708,0.5670915678251892,0.598557951693096,0.5740354444580784,0.6329578373915458,0.5418409666697853
2015_13_JAX_TEN,2015,13,2015-12-06,TEN,JAX,1.0,3.0,-139.0,126.0,0.5694508537148131,0.5083438742781832,0.5204377604156412,0.5511300588177187,0.3339827827724862,0.598557951693096,0.5679213219076544,0.6094140658253685,0.41679544600791196
2015_13_NYJ_NYG,2015,13,2015-12-06,NYG,NYJ,0.0,-2.0,111.0,-123.0,0.5694508537148131,0.6083827390984649,0.5988881165548622,0.5938501768781033,0.4270793494620054,0.41826755159863316,0.46214743124779806,0.4486394601712217,0.33157421278991134
2015_13_SEA_MIN,2015,13,2015-12-06,MIN,SEA,0.0,-2.5,131.0,-145.0,0.5694508537148131,0.449815234802969,0.5303408077097614,0.5136793133380425,0.28001220764292467,0.4006339664745038,0.4224502112251056,0.48443952441350374,0.30136085135504653
2015_13_SF_CHI,2015,13,2015-12-06,CHI,SF,0.0,6.0,-250.0,222.0,0.5694508537148131,0.6117682573575247,0.7355998945985086,0.7737964334698234,0.5489220335481841,0.6978477356864831,0.6969696969696969,0.7442809250749662,0.561013953992115
2015_13_DEN_SD,2015,13,2015-12-06,LAC,DEN,0.0,-6.0,205.0,-230.0,0.5694508537148131,0.2350370249760952,0.3491364244478764,0.4318903836859188,0.31347784165887926,0.2863109467395799,0.3199224430441105,0.32010654074491446,0.2949436457795616
2015_13_KC_OAK,2015,13,2015-12-06,LV,KC,0.0,-3.0,141.0,-156.0,0.5694508537148131,0.2806041360777533,0.3309444671961235,0.3364519221787677,0.2636076825914721,0.3832540209649485,0.4050889296790936,0.393396210907245,0.4478273507269489
2015_13_CAR_NO,2015,13,2015-12-06,NO,CAR,0.0,-5.5,201.0,-225.0,0.5694508537148131,0.20344320494723153,0.24238087757143364,0.2846699616641938,0.2909040755453513,0.30144339232770306,0.3242703916188576,0.29658630832080396,0.30190675761372043
2015_13_PHI_NE,2015,13,2015-12-06,NE,PHI,0.0,9.5,-420.0,361.0,0.5694508537148131,0.8785142275658862,0.8828028007019639,0.8984490714040562,0.938757953100003,0.7937393549124707,0.7882908557935022,0.8608221818254764,0.9299421401461917
2015_13_IND_PIT,2015,13,2015-12-06,PIT,IND,1.0,10.0,-450.0,385.0,0.5694508537148131,0.5924140466834076,0.651047606004261,0.6642408606540452,0.48351190881702044,0.8054245386513871,0.7987191216834401,0.8103593229125188,0.6448122608349373
2015_13_DAL_WAS,2015,13,2015-12-07,WAS,DAL,0.0,2.0,-119.0,108.0,0.5694508537148131,0.4817078870443196,0.4229718909566757,0.5250042292061758,0.3483713107417119,0.5630599893525919,0.5305667495498585,0.49664925859138054,0.4458476339029324
2015_14_MIN_ARI,2015,14,2015-12-10,ARI,MIN,1.0,10.0,-450.0,385.0,0.5694508537148131,0.7420889934109258,0.7858333933638587,0.8011932191898115,0.7107356228290094,0.8054245386513871,0.7987191216834401,0.807431183619369,0.7058037877999117
2015_14_ATL_CAR,2015,14,2015-12-13,CAR,ATL,1.0,8.5,-370.0,322.0,0.5694508537148131,0.8451331153924583,0.8126047248438613,0.7870224153239943,0.7917855649411464,0.7688349934924676,0.768632470217584,0.7852538019786586,0.8375784394318453
2015_14_BUF_PHI,2015,14,2015-12-13,PHI,BUF,1.0,1.0,-113.0,102.0,0.5694508537148131,0.5227055513774927,0.5093159697317196,0.5081413617927415,0.3228334268813954,0.5269040812340602,0.5172913928296243,0.5239332000788515,0.3782682421244263
2015_14_DET_STL,2015,14,2015-12-13,LA,DET,1.0,-3.0,140.0,-155.0,0.5694508537148131,0.4789881940621659,0.4168802785239623,0.37202134505881584,0.3721712266013235,0.3832540209649485,0.4066985645933015,0.3836495095216597,0.41571276481240055
2015_14_IND_JAX,2015,14,2015-12-13,JAX,IND,1.0,1.0,-113.0,102.0,0.5694508537148131,0.27532941158544444,0.4633680636845007,0.4474465703525707,0.4837491151591029,0.5269040812340602,0.5172913928296243,0.5451866603549311,0.517183543391265
2015_14_NO_TB,2015,14,2015-12-13,TB,NO,0.0,6.0,-247.0,220.0,0.5694508537148131,0.6050678033779043,0.6117950273491584,0.5714257353474254,0.5757779958335978,0.6978477356864831,0.6949182345700721,0.6834887410412804,0.588110320728855
2015_14_PIT_CIN,2015,14,2015-12-13,CIN,PIT,0.0,1.0,-107.0,-103.0,0.5694508537148131,0.6428772933827162,0.6633049485297058,0.641518937923814,0.5447292215774882,0.5269040812340602,0.5046466242274987,0.5931888732693349,0.41146990148755697
2015_14_SD_KC,2015,14,2015-12-13,KC,LAC,1.0,11.5,-580.0,483.0,0.5694508537148131,0.8340329075524707,0.8199677388043028,0.7895261514406895,0.7993496538152961,0.8374470576510422,0.832570049736544,0.8506490886272658,0.8203695206009786
2015_14_SEA_BAL,2015,14,2015-12-13,BAL,SEA,0.0,-10.5,369.0,-430.0,0.5694508537148131,0.2966912713027259,0.41097824662683535,0.2531556803318046,0.2220740472469755,0.17224726289110545,0.2081124592610044,0.2239724725610993,0.1300897939191543
2015_14_SF_CLE,2015,14,2015-12-13,CLE,SF,1.0,2.5,-131.0,119.0,0.5694508537148131,0.3691764275101626,0.42497700929646026,0.4521598925083442,0.3577193220080703,0.5809136685614438,0.5539593349939177,0.5429082582344105,0.4520947473656435
2015_14_TEN_NYJ,2015,14,2015-12-13,NYJ,TEN,1.0,8.0,-340.0,297.0,0.5694508537148131,0.7960120030511387,0.7709642118140424,0.7750402997442158,0.693177963242939,0.7556191582646584,0.75416247625433,0.7675534753831337,0.7315237893643992
2015_14_WAS_CHI,2015,14,2015-12-13,CHI,WAS,0.0,4.0,-208.0,186.0,0.5694508537148131,0.6172824937930254,0.706515781204381,0.7189410564489306,0.5897611405575807,0.6330514525257197,0.658869395711501,0.7148587856151206,0.6731404911555738
2015_14_OAK_DEN,2015,14,2015-12-13,DEN,LV,0.0,6.0,-265.0,235.0,0.5694508537148131,0.8709334829796004,0.7927185788053377,0.766833637006174,0.8899546586799215,0.6978477356864831,0.7086409898223908,0.6681824166652388,0.6953440449622865
2015_14_DAL_GB,2015,14,2015-12-13,GB,DAL,1.0,6.0,-272.0,241.0,0.5694508537148131,0.7543829082670648,0.7466392905857656,0.7870192192047782,0.632465896822388,0.6978477356864831,0.7137404580152672,0.7268282269522052,0.5532258372666496
2015_14_NE_HOU,2015,14,2015-12-13,HOU,NE,0.0,-4.0,181.0,-202.0,0.5694508537148131,0.269324643277062,0.3488462302801443,0.3321823974674628,0.31436921308555993,0.3494110231949544,0.34727812147834686,0.341408170111589,0.3273817451575262
2015_14_NYG_MIA,2015,14,2015-12-14,MIA,NYG,0.0,-2.5,111.0,-123.0,0.5694508537148131,0.4852195727273766,0.5181342927376503,0.5060169816394587,0.2763084419475301,0.4006339664745038,0.46214743124779806,0.43670854789205743,0.3395405865763985
2015_15_TB_STL,2015,15,2015-12-17,LA,TB,1.0,1.0,-105.0,-105.0,0.5694508537148131,0.6078280971520044,0.5527296705501471,0.5552877176443038,0.3312728929899629,0.5269040812340602,0.5,0.5720767867016732,0.3947341681762193
2015_15_NYJ_DAL,2015,15,2015-12-19,DAL,NYJ,0.0,-3.0,137.0,-152.0,0.5694508537148131,0.5439776281613278,0.5243841572728635,0.4953708964759579,0.2543415194930166,0.3832540209649485,0.4116032928263426,0.4501737178375688,0.2892279474391757
2015_15_ATL_JAX,2015,15,2015-12-20,JAX,ATL,0.0,2.0,-125.0,113.0,0.5694508537148131,0.46494857334945566,0.6745907170636067,0.6416127336552034,0.45396724358221363,0.5630599893525919,0.5419847328244275,0.6651771480454213,0.36516886769252743
2015_15_BUF_WAS,2015,15,2015-12-20,WAS,BUF,1.0,-2.5,111.0,-123.0,0.5694508537148131,0.42774056489919005,0.448881710881723,0.46336032340299504,0.32183796192561975,0.4006339664745038,0.46214743124779806,0.4075102939849073,0.33465368058033046
2015_15_CAR_NYG,2015,15,2015-12-20,NYG,CAR,0.0,-4.5,186.0,-208.0,0.5694508537148131,0.28444930345786246,0.366880321578598,0.4039664725091033,0.23470783380327134,0.3330185425588729,0.341130604288499,0.405891122543365,0.25865297885452837
2015_15_CHI_MIN,2015,15,2015-12-20,MIN,CHI,1.0,4.0,-196.0,176.0,0.5694508537148131,0.7215692711455323,0.6578597317019691,0.6323162603505049,0.5205106011780705,0.6330514525257197,0.6463391320971134,0.6476764672366525,0.5803527621220054
2015_15_HOU_IND,2015,15,2015-12-20,IND,HOU,0.0,2.5,-133.0,120.0,0.5694508537148131,0.56291304745748,0.4602876850042192,0.5212598239837887,0.4940173060089692,0.5809136685614438,0.556697108066971,0.5318342402485563,0.5204299725641612
2015_15_KC_BAL,2015,15,2015-12-20,BAL,KC,0.0,-6.5,231.0,-260.0,0.5694508537148131,0.3279802025817335,0.3787866248906978,0.3180256339786334,0.2854383446945283,0.27164275030483176,0.2949369162706865,0.285969503225903,0.2959782924240646
2015_15_TEN_NE,2015,15,2015-12-20,NE,TEN,1.0,14.5,-1000.0,767.0,0.5694508537148131,0.9440074165391363,0.9236678843951361,0.9270234229038559,0.963568002394171,0.8886439569682657,0.887410440122825,0.9082530092632244,0.9598459412334931
2015_15_CLE_SEA,2015,15,2015-12-20,SEA,CLE,1.0,14.5,-1000.0,767.0,0.5694508537148131,0.9112115705443573,0.9213443367612772,0.9257905442477622,0.9700479272474104,0.8886439569682657,0.887410440122825,0.9118159751263497,0.9588080159221553
2015_15_GB_OAK,2015,15,2015-12-20,LV,GB,0.0,-4.0,181.0,-202.0,0.5694508537148131,0.2660838501333928,0.3502614919453501,0.3222083251709763,0.2221727597866598,0.3494110231949544,0.34727812147834686,0.3828269348256434,0.26421688596356435
2015_15_CIN_SF,2015,15,2015-12-20,SF,CIN,0.0,-7.0,262.0,-297.0,0.5694508537148131,0.2987474573416372,0.29872124226420604,0.4035932329174417,0.12885865269373337,0.2574549441342461,0.26967543847731873,0.2891555646694473,0.17360803106428566
2015_15_DEN_PIT,2015,15,2015-12-20,PIT,DEN,1.0,7.5,-345.0,301.0,0.5694508537148131,0.5406740478378766,0.6235228033724178,0.6634331152283953,0.46219693347612667,0.7419014073046459,0.7566244633432689,0.7640038469399962,0.6892946859889564
2015_15_MIA_SD,2015,15,2015-12-20,LAC,MIA,1.0,1.0,-105.0,-105.0,0.5694508537148131,0.5719895760915817,0.6017939872127049,0.6457020806609748,0.46339579995110686,0.5269040812340602,0.5,0.549059817159464,0.4219055537313493
2015_15_ARI_PHI,2015,15,2015-12-20,PHI,ARI,0.0,-3.5,156.0,-173.0,0.5694508537148131,0.327417557170278,0.3559086983721145,0.33624824206321285,0.2766624090524469,0.36616742328850255,0.3813488294127508,0.39290788380269337,0.27597518834579166
2015_15_DET_NO,2015,15,2015-12-21,NO,DET,0.0,2.5,-124.0,112.0,0.5694508537148131,0.5385856667099818,0.5712014631368351,0.5869850621140549,0.5351911717118805,0.5809136685614438,0.5399277029247453,0.6039772391966611,0.42976557380951247
2015_16_SD_OAK,2015,16,2015-12-24,LV,LAC,1.0,4.0,-202.0,181.0,0.5694508537148131,0.5568205777441211,0.5204498500388871,0.48099428244455317,0.44710412539743993,0.6330514525257197,0.6527218785216531,0.6197156487620559,0.6007191934869939
2015_16_WAS_PHI,2015,16,2015-12-26,PHI,WAS,0.0,3.5,-190.0,171.0,0.5694508537148131,0.6305290190986338,0.5552122930162003,0.5407459026047887,0.35675826652906173,0.6159504905510759,0.6397067958752639,0.5910475496834388,0.4899280369333003
2015_16_CAR_ATL,2015,16,2015-12-27,ATL,CAR,1.0,-7.0,239.0,-270.0,0.5694508537148131,0.23168740577135194,0.25108160306470784,0.29212701647978434,0.11812339607081271,0.2574549441342461,0.28787053606161983,0.26213847102101007,0.20677212874308304
2015_16_CHI_TB,2015,16,2015-12-27,TB,CHI,0.0,3.0,-179.0,161.0,0.5694508537148131,0.5372319225257038,0.6293378260027266,0.6156276098127019,0.5569604259664606,0.598557951693096,0.6261005910022917,0.6144909344793243,0.48456119035945716
2015_16_CLE_KC,2015,16,2015-12-27,KC,CLE,1.0,11.5,-550.0,461.0,0.5694508537148131,0.8908035673596179,0.901986162812825,0.9082867027326459,0.9616209452889721,0.8374470576510422,0.825993842859055,0.8793994762204612,0.9612897394644208
2015_16_DAL_BUF,2015,16,2015-12-27,BUF,DAL,1.0,6.5,-260.0,231.0,0.5694508537148131,0.6107176764214399,0.659841550846509,0.6826272256659693,0.6090857001154524,0.7130011465392949,0.7050630837293135,0.7164146097219832,0.6646470130346452
2015_16_HOU_TEN,2015,16,2015-12-27,TEN,HOU,0.0,-3.5,153.0,-170.0,0.5694508537148131,0.2760457143503545,0.3668298817725004,0.29477067995026734,0.3344865097810913,0.36616742328850255,0.3856591915440651,0.3840682204412382,0.26810863227144777
2015_16_IND_MIA,2015,16,2015-12-27,MIA,IND,0.0,2.5,-133.0,120.0,0.5694508537148131,0.46479209837252655,0.6126723414555277,0.597941828583162,0.30578062359127245,0.5809136685614438,0.556697108066971,0.6601970318561499,0.33321307248472853
2015_16_NE_NYJ,2015,16,2015-12-27,NYJ,NE,1.0,-2.5,121.0,-134.0,0.5694508537148131,0.27264152036017475,0.3236855408724212,0.31671569534592137,0.21777547609956963,0.4006339664745038,0.44139283962726833,0.3663245378490001,0.3179768713735344
2015_16_PIT_BAL,2015,16,2015-12-27,BAL,PIT,1.0,-11.0,461.0,-550.0,0.5694508537148131,0.2942538343330519,0.34748272471915814,0.36030316129933937,0.3921394790920481,0.16209550701331124,0.17400615714094497,0.18762587573879913,0.14297300356310133
2015_16_SF_DET,2015,16,2015-12-27,DET,SF,1.0,8.5,-400.0,346.0,0.5694508537148131,0.6539364156025564,0.7508661709417709,0.7831420539118268,0.4407417797127724,0.7688349934924676,0.7810858143607706,0.8034564745458919,0.5983156503612399
2015_16_JAX_NO,2015,16,2015-12-27,NO,JAX,1.0,2.5,-130.0,118.0,0.5694508537148131,0.6425459322251439,0.592857180446234,0.6334992226384438,0.34814932981010926,0.5809136685614438,0.5520062329567589,0.6041134056938324,0.3218396943820364
2015_16_GB_ARI,2015,16,2015-12-27,ARI,GB,1.0,6.0,-248.0,221.0,0.5694508537148131,0.6283087659430243,0.6440946428514565,0.606385437688334,0.5965070703611751,0.6978477356864831,0.6958254667505769,0.6787796500324468,0.6202885633619217
2015_16_STL_SEA,2015,16,2015-12-27,SEA,LA,0.0,11.0,-575.0,480.0,0.5694508537148131,0.8606435626500943,0.8573449667540349,0.8571579658871555,0.8540290891831569,0.8272725590410764,0.8316708229426435,0.8075089948946793,0.8210007615722731
2015_16_NYG_MIN,2015,16,2015-12-27,MIN,NYG,1.0,7.0,-305.0,269.0,0.5694508537148131,0.6574333432379089,0.6560815126785065,0.6301797595184888,0.6259418211001435,0.7276911387392455,0.7353719494266393,0.763498209542758,0.7667812082716772
2015_16_CIN_DEN,2015,16,2015-12-28,DEN,CIN,1.0,3.5,-185.0,166.0,0.5694508537148131,0.5748911785775584,0.5573993227234965,0.5970795670542062,0.32758573616156533,0.6159504905510759,0.6332518337408314,0.6052045149099151,0.47174017239346266
2015_17_BAL_CIN,2015,17,2016-01-03,CIN,BAL,1.0,10.0,-380.0,330.0,0.5694508537148131,0.752270994082948,0.7419017868779041,0.7212734905839319,0.7055973353779134,0.8054245386513871,0.7729422894985808,0.8169667252891892,0.7940776783238732
2015_17_DET_CHI,2015,17,2016-01-03,CHI,DET,0.0,-2.5,112.0,-124.0,0.5694508537148131,0.47636979092040915,0.4489625706718739,0.4482028543163831,0.258979216445068,0.4006339664745038,0.4600722970752547,0.3891598399406902,0.321252827932176
2015_17_JAX_HOU,2015,17,2016-01-03,HOU,JAX,1.0,5.0,-220.0,197.0,0.5694508537148131,0.790036265132523,0.6767906010571162,0.7001405811392755,0.7000510615076966,0.6662338106801508,0.6712553934662009,0.62706503920508,0.6656014151253614
2015_17_NE_MIA,2015,17,2016-01-03,MIA,NE,1.0,-10.0,330.0,-380.0,0.5694508537148131,0.15621186043908258,0.1908587570748348,0.17641029672371766,0.12371050680156538,0.18289602719081283,0.2270577105014191,0.16573847865398658,0.07772535519712254
2015_17_NO_ATL,2015,17,2016-01-03,ATL,NO,0.0,6.0,-248.0,221.0,0.5694508537148131,0.666947141457064,0.5727110048854308,0.5753001721315161,0.3340113480507806,0.6978477356864831,0.6958254667505769,0.668682901266271,0.5097607465869853
2015_17_NYJ_BUF,2015,17,2016-01-03,BUF,NYJ,1.0,-2.5,131.0,-145.0,0.5694508537148131,0.5253366264631198,0.5438557612185834,0.5101784189093765,0.49874877136863355,0.4006339664745038,0.4224502112251056,0.4290814968684728,0.44902172227683296
2015_17_PHI_NYG,2015,17,2016-01-03,NYG,PHI,0.0,4.0,-202.0,181.0,0.5694508537148131,0.579328691206003,0.608369462400111,0.6434687382039951,0.5096184373162369,0.6330514525257197,0.6527218785216531,0.6476789270870876,0.5645838651649067
2015_17_PIT_CLE,2015,17,2016-01-03,CLE,PIT,0.0,-13.0,498.0,-600.0,0.5694508537148131,0.20059256604048,0.24179474640621776,0.20560684584509525,0.1343039985876545,0.12625794436051976,0.16324626865671643,0.12972957057181736,0.08080199918812539
2015_17_TEN_IND,2015,17,2016-01-03,IND,TEN,1.0,3.5,-185.0,166.0,0.5694508537148131,0.8082267829953499,0.7082878907671648,0.6757056553229114,0.6328375537468562,0.6159504905510759,0.6332518337408314,0.6035619378943702,0.6201598551192204
2015_17_WAS_DAL,2015,17,2016-01-03,DAL,WAS,0.0,3.0,-167.0,151.0,0.5694508537148131,0.5093124947510898,0.4943455375618002,0.45748975907227296,0.2612052239202925,0.598557951693096,0.6108836002739845,0.6093112637469735,0.3135934338398175
2015_17_OAK_KC,2015,17,2016-01-03,KC,LV,1.0,6.5,-290.0,256.0,0.5694508537148131,0.8393225106124684,0.8121716941404499,0.8128557113940919,0.7895409692220567,0.7130011465392949,0.7258155230596175,0.7354639564139503,0.7276894560198065
2015_17_SD_DEN,2015,17,2016-01-03,DEN,LAC,1.0,10.0,-460.0,393.0,0.5694508537148131,0.8360364253202173,0.7016776195177586,0.6390114657580435,0.5465399671700095,0.8054245386513871,0.8019661928000565,0.7556302765098509,0.7226974143831031
2015_17_SEA_ARI,2015,17,2016-01-03,ARI,SEA,0.0,6.0,-234.0,209.0,0.5694508537148131,0.6478716038564387,0.5703216242475936,0.5671226376259209,0.44646227250145243,0.6978477356864831,0.6840292887820937,0.6615348393863885,0.5358090623347681
2015_17_STL_SF,2015,17,2016-01-03,SF,LA,1.0,-3.0,146.0,-162.0,0.5694508537148131,0.4346711685473925,0.468524575074786,0.44485031560141536,0.4887713006537668,0.3832540209649485,0.3966571791921516,0.3745630964026875,0.46415691881805315
2015_17_TB_CAR,2015,17,2016-01-03,CAR,TB,1.0,10.0,-402.0,347.0,0.5694508537148131,0.8889957526292015,0.8079063392459004,0.79450527219321,0.814127189066484,0.8054245386513871,0.7816384942625731,0.7829775947441924,0.8605377281327451
2015_17_MIN_GB,2015,17,2016-01-03,GB,MIN,0.0,3.0,-147.0,133.0,0.5694508537148131,0.653199151982189,0.5421726998325791,0.6025713849138865,0.4119954460207939,0.598557951693096,0.5810079557598683,0.5500044925605542,0.3845828683005892
2016_01_CAR_DEN,2016,1,2016-09-08,DEN,CAR,1.0,-3.0,136.0,-150.0,0.566240198101527,0.5801754401599611,0.523522642690574,0.4260965634580769,0.5884710608400783,0.3836126629599991,0.413907284768212,0.4410835256750851,0.5005544502437618
2016_01_BUF_BAL,2016,1,2016-09-11,BAL,BUF,1.0,3.0,-167.0,151.0,0.566240198101527,0.5019079852413857,0.5073800252709458,0.601800054738029,0.48095417848801386,0.5950232719728398,0.6108836002739845,0.6046811167769409,0.5246933675580335
2016_01_CHI_HOU,2016,1,2016-09-11,HOU,CHI,1.0,5.5,-235.0,210.0,0.566240198101527,0.6624932165574254,0.6369435033836268,0.644505906381256,0.6455734267053506,0.6775844705248072,0.685002350728726,0.6345222377372289,0.618727270773374
2016_01_CIN_NYJ,2016,1,2016-09-11,NYJ,CIN,0.0,1.0,-117.0,106.0,0.566240198101527,0.46784040997865944,0.5438542973927818,0.50826253421308,0.49289874674917755,0.5245884515974475,0.5262215623771888,0.531042195459025,0.51105728417633
2016_01_CLE_PHI,2016,1,2016-09-11,PHI,CLE,1.0,3.5,-180.0,162.0,0.566240198101527,0.7122480732072579,0.7506039211018867,0.6312921092497077,0.6556665499152052,0.6121492062098972,0.6274614156466205,0.6745511641402455,0.601925654937104
2016_01_GB_JAX,2016,1,2016-09-11,JAX,GB,0.0,-3.5,161.0,-179.0,0.566240198101527,0.26301366695960976,0.4012835591950517,0.3583922659464362,0.29974944945907595,0.3668332029103104,0.3738994089977084,0.3872827576011631,0.2650371399492784
2016_01_MIN_TEN,2016,1,2016-09-11,TEN,MIN,0.0,-2.5,115.0,-127.0,0.566240198101527,0.22977084966424066,0.28709274984727456,0.3195192528150808,0.18570951049412074,0.4006739475407037,0.453954604539546,0.38213538292515126,0.34499774000791006
2016_01_OAK_NO,2016,1,2016-09-11,NO,LV,0.0,2.5,-147.0,133.0,0.566240198101527,0.5852338665685392,0.6419736480359245,0.6605960626095112,0.48143325049173896,0.5776628552687998,0.5810079557598683,0.5935250490296633,0.35004499520581767
2016_01_SD_KC,2016,1,2016-09-11,KC,LAC,1.0,6.5,-275.0,244.0,0.566240198101527,0.8085182049220642,0.8008990708995595,0.7740266850072339,0.8586092439540324,0.7080354764548622,0.7161241483724451,0.7414031327595859,0.7497051358984579
2016_01_TB_ATL,2016,1,2016-09-11,ATL,TB,0.0,2.5,-133.0,120.0,0.566240198101527,0.6837677249354421,0.607414488259986,0.6360893808952386,0.5055924286182926,0.5776628552687998,0.556697108066971,0.5537310672862937,0.4018921535781668
2016_01_MIA_SEA,2016,1,2016-09-11,SEA,MIA,1.0,10.5,-500.0,423.0,0.566240198101527,0.82929863595493,0.8471648032102379,0.8503737350008117,0.7840026447926524,0.8113088587707278,0.8133748055987559,0.8380280066665661,0.8137745338000354
2016_01_DET_IND,2016,1,2016-09-11,IND,DET,0.0,2.5,-145.0,131.0,0.566240198101527,0.5337956391854326,0.4770857320739427,0.5352880728592522,0.5673724578568572,0.5776628552687998,0.5775497887748944,0.5710065242230632,0.5538976930761124
2016_01_NYG_DAL,2016,1,2016-09-11,DAL,NYG,0.0,1.0,-113.0,102.0,0.566240198101527,0.5401196531195238,0.5168780744760286,0.45326626726301694,0.5152271498503854,0.5245884515974475,0.5172913928296243,0.5234331776072184,0.4894635537912018
2016_01_NE_ARI,2016,1,2016-09-11,ARI,NE,0.0,9.0,-380.0,330.0,0.566240198101527,0.5756504798863187,0.5098423029230043,0.6932242584240723,0.6363748529409008,0.7762219931997912,0.7729422894985808,0.728235196617323,0.7585939210912322
2016_01_PIT_WAS,2016,1,2016-09-12,WAS,PIT,0.0,-2.5,121.0,-134.0,0.566240198101527,0.4073555506017032,0.48420428093693724,0.4554059872105836,0.34532459237478436,0.4006739475407037,0.44139283962726833,0.4677926397229966,0.3692516090702394
2016_01_LA_SF,2016,1,2016-09-12,SF,LA,1.0,-2.5,114.0,-126.0,0.566240198101527,0.5025436751097611,0.4843691709891152,0.45279503539539556,0.681290958623405,0.4006739475407037,0.4559761116939714,0.3757998283901772,0.6148812201646602
2016_02_NYJ_BUF,2016,2,2016-09-15,BUF,NYJ,0.0,1.5,-125.0,113.0,0.566240198101527,0.5538642185849628,0.5269454654546769,0.5055089528332778,0.5867638405305192,0.5424023174561298,0.5419847328244275,0.541830405741691,0.5388651396986573
2016_02_BAL_CLE,2016,2,2016-09-18,CLE,BAL,0.0,-4.0,171.0,-190.0,0.566240198101527,0.3796127052219366,0.32983939119904715,0.33008685047482356,0.4560715826344742,0.3503704941963647,0.360293204124736,0.2931426948780512,0.31717444460174693
2016_02_CIN_PIT,2016,2,2016-09-18,PIT,CIN,1.0,3.0,-162.0,146.0,0.566240198101527,0.615113256322115,0.5615172613149558,0.5748665106646025,0.48541121094168493,0.5950232719728398,0.6033428208078484,0.5185138184045169,0.43944872581122807
2016_02_DAL_WAS,2016,2,2016-09-18,WAS,DAL,0.0,3.5,-185.0,166.0,0.566240198101527,0.6158157235432806,0.5479533481908698,0.5757245229039222,0.5664428770272479,0.6121492062098972,0.6332518337408314,0.5445310733560197,0.6511893228476762
2016_02_KC_HOU,2016,2,2016-09-18,HOU,KC,1.0,-1.0,-103.0,-107.0,0.566240198101527,0.39424604786657697,0.40612267325978024,0.41002081971942894,0.39219560336927267,0.4531616085668539,0.4953533757725013,0.40922465395381985,0.3671210238655596
2016_02_MIA_NE,2016,2,2016-09-18,NE,MIA,1.0,5.5,-230.0,205.0,0.566240198101527,0.8158007349096339,0.801193435995601,0.7617063750059638,0.6440487636085815,0.6775844705248072,0.6800775569558896,0.7211130898411876,0.5740924685598446
2016_02_NO_NYG,2016,2,2016-09-18,NYG,NO,1.0,3.5,-190.0,171.0,0.566240198101527,0.5982425538459207,0.5984589159283568,0.595278872541536,0.5821021647955664,0.6121492062098972,0.6397067958752639,0.6397030791715441,0.6046027188710481
2016_02_SF_CAR,2016,2,2016-09-18,CAR,SF,1.0,12.0,-550.0,447.0,0.566240198101527,0.7901751616821064,0.8116033817574123,0.8231655410564759,0.8858194105943442,0.8420140497461883,0.8223315566488998,0.8339973173191014,0.8967419588072362
2016_02_TB_ARI,2016,2,2016-09-18,ARI,TB,1.0,7.5,-330.0,289.0,0.566240198101527,0.7979305978446237,0.7369323719043549,0.7474724376663429,0.7475134647274854,0.7367279440553297,0.7490809359864622,0.7444913098334367,0.8100862379419635
2016_02_TEN_DET,2016,2,2016-09-18,DET,TEN,0.0,6.0,-260.0,231.0,0.566240198101527,0.8179239567154687,0.8330057654187899,0.8205031407567156,0.8251399119452102,0.6930202581975409,0.7050630837293135,0.7499059193617746,0.7222411641859787
2016_02_SEA_LA,2016,2,2016-09-18,LA,SEA,1.0,-5.5,210.0,-235.0,0.566240198101527,0.2763930174543667,0.22147756778278602,0.2134241285172239,0.3033759262723711,0.3031876264741681,0.3149976492712741,0.2762804004354535,0.2375467082724157
2016_02_ATL_OAK,2016,2,2016-09-18,LV,ATL,0.0,4.0,-195.0,175.0,0.566240198101527,0.5710168906885061,0.6124159452968634,0.581637312333622,0.5574194636975344,0.6290024672537351,0.6451127819548872,0.6822375573141195,0.6162549355203476
2016_02_IND_DEN,2016,2,2016-09-18,DEN,IND,1.0,5.0,-224.0,200.0,0.566240198101527,0.8096385018824116,0.7738031489958376,0.7264469817350825,0.6826884708452515,0.6617513533561417,0.674698795180723,0.6839880342509587,0.5704897549108322
2016_02_JAX_SD,2016,2,2016-09-18,LAC,JAX,1.0,3.0,-145.0,131.0,0.566240198101527,0.6594788400871918,0.617754169369634,0.6623849125424788,0.5829459177652802,0.5950232719728398,0.5775497887748944,0.6022587958741523,0.4793544946348361
2016_02_GB_MIN,2016,2,2016-09-18,MIN,GB,1.0,-1.5,108.0,-119.0,0.566240198101527,0.5491118738626516,0.5703877807146301,0.5149387687915256,0.5039778044548421,0.43548934553150925,0.46943325045014145,0.4488696353011538,0.38535213621169184
2016_02_PHI_CHI,2016,2,2016-09-19,CHI,PHI,0.0,3.0,-160.0,144.0,0.566240198101527,0.4483879231939927,0.5349396920625898,0.5831328175637505,0.4659310528597297,0.5950232719728398,0.6002460024600246,0.6503229212847016,0.45689049865901926
2016_03_HOU_NE,2016,3,2016-09-22,NE,HOU,1.0,1.0,-117.0,106.0,0.566240198101527,0.7003642497305712,0.7414139780933062,0.6435969827345751,0.660059751509362,0.5245884515974475,0.5262215623771888,0.6362952907174321,0.37880019687704736
2016_03_ARI_BUF,2016,3,2016-09-25,BUF,ARI,1.0,-5.0,195.0,-218.0,0.566240198101527,0.3604624058708958,0.5234729608257443,0.5069441606170824,0.5221534770308043,0.3185203740225431,0.33087087711996666,0.42526346795037434,0.41828859750269903
2016_03_BAL_JAX,2016,3,2016-09-25,JAX,BAL,0.0,-1.0,104.0,-115.0,0.566240198101527,0.3303208455211519,0.45336856503441697,0.42206958579031617,0.3207768124196157,0.4531616085668539,0.478202846975089,0.46329970658978525,0.3770414343383099
2016_03_CLE_MIA,2016,3,2016-09-25,MIA,CLE,1.0,10.0,-420.0,361.0,0.566240198101527,0.6645255344391265,0.7224151040908423,0.7658626580245956,0.5984650674130322,0.8001053433172116,0.7882908557935022,0.8300563874722516,0.7754258381009291
2016_03_DEN_CIN,2016,3,2016-09-25,CIN,DEN,0.0,3.5,-183.0,165.0,0.566240198101527,0.43158336326808405,0.5302430225577307,0.5727185241033409,0.4730015569527999,0.6121492062098972,0.6314864248974542,0.6330529175850981,0.6175688610801136
2016_03_DET_GB,2016,3,2016-09-25,GB,DET,1.0,6.0,-260.0,231.0,0.566240198101527,0.6747648868587308,0.5680371072403116,0.6083250497679825,0.5543308519040306,0.6930202581975409,0.7050630837293135,0.6538802899716311,0.522843387788251
2016_03_MIN_CAR,2016,3,2016-09-25,CAR,MIN,0.0,6.0,-260.0,231.0,0.566240198101527,0.6497255914240129,0.6731096773450963,0.6655607943251924,0.664914236848943,0.6930202581975409,0.7050630837293135,0.6445876580268153,0.7115864651061936
2016_03_OAK_TEN,2016,3,2016-09-25,TEN,LV,0.0,-1.5,109.0,-120.0,0.566240198101527,0.4180251023373465,0.48405050159936025,0.5093480311568294,0.3961564555455691,0.43548934553150925,0.4672897196261682,0.461521001613085,0.32464862369018777
2016_03_WAS_NYG,2016,3,2016-09-25,NYG,WAS,0.0,3.5,-174.0,157.0,0.566240198101527,0.6140299520161603,0.6086745027582882,0.6285177777316371,0.4892303025551476,0.6121492062098972,0.6200671122327297,0.6136399316345166,0.5069857940127971
2016_03_LA_TB,2016,3,2016-09-25,TB,LA,0.0,3.5,-173.0,156.0,0.566240198101527,0.47926397893169687,0.5810446771473256,0.5804518333404803,0.4570661311347178,0.6121492062098972,0.6186511705872493,0.6121779343646707,0.6084085473232331
2016_03_SF_SEA,2016,3,2016-09-25,SEA,SF,1.0,10.5,-458.0,391.0,0.566240198101527,0.7834445131988599,0.7882067054416936,0.8196193574361295,0.7612466104560885,0.8113088587707278,0.801195676184097,0.802345018088987,0.7814198120196557
2016_03_NYJ_KC,2016,3,2016-09-25,KC,NYJ,1.0,3.0,-166.0,150.0,0.566240198101527,0.6753271515441951,0.6466884739651663,0.6482486740121913,0.5336073691172399,0.5950232719728398,0.6093979441997063,0.6268186190040633,0.4303074596986288
2016_03_PIT_PHI,2016,3,2016-09-25,PHI,PIT,1.0,-3.5,171.0,-190.0,0.566240198101527,0.39981269042258194,0.47905696358093613,0.4372373788692182,0.31157423848478927,0.3668332029103104,0.360293204124736,0.4316414646962408,0.24365483451003983
2016_03_SD_IND,2016,3,2016-09-25,IND,LAC,1.0,1.5,-127.0,115.0,0.566240198101527,0.5803174689459796,0.5748588121121732,0.5643191508310638,0.5485919140576961,0.5424023174561298,0.5460453954604539,0.5963997564387757,0.4737887501488407
2016_03_CHI_DAL,2016,3,2016-09-25,DAL,CHI,1.0,6.5,-260.0,231.0,0.566240198101527,0.6493694518552586,0.6501432207620644,0.6516241981035522,0.5767548485374653,0.7080354764548622,0.7050630837293135,0.7200058978514908,0.548350408245086
2016_03_ATL_NO,2016,3,2016-09-26,NO,ATL,0.0,2.5,-157.0,142.0,0.566240198101527,0.5139819655366219,0.523000066586238,0.5271626169453939,0.5510310043268379,0.5776628552687998,0.5965083053348824,0.5583549984170288,0.45171813240585235
2016_04_MIA_CIN,2016,4,2016-09-29,CIN,MIA,1.0,7.5,-340.0,297.0,0.566240198101527,0.7323824715058848,0.7174117726304768,0.721737721828154,0.7360880024292012,0.7367279440553297,0.75416247625433,0.7553704827824463,0.8012269722214372
2016_04_IND_JAX,2016,4,2016-10-02,JAX,IND,1.0,1.0,-106.0,-104.0,0.566240198101527,0.3126647475942952,0.31798033580337653,0.31473932455800097,0.41972024100358746,0.5245884515974475,0.5023229882921391,0.4205764139749182,0.4536286860867412
2016_04_BUF_NE,2016,4,2016-10-02,NE,BUF,0.0,3.5,-170.0,153.0,0.566240198101527,0.7513659253021422,0.7423484536530565,0.6925321173894476,0.5586698887703692,0.6121492062098972,0.6143408084559349,0.6487520434151237,0.5538160302882242
2016_04_CAR_ATL,2016,4,2016-10-02,ATL,CAR,1.0,-2.5,125.0,-138.0,0.566240198101527,0.3957176458972933,0.41923347473006184,0.44552575313814624,0.5157415497781339,0.4006739475407037,0.43391066545123064,0.434028616334027,0.5135761999613627
2016_04_CLE_WAS,2016,4,2016-10-02,WAS,CLE,1.0,7.5,-340.0,297.0,0.566240198101527,0.7296762239374232,0.7547124246219473,0.7653696665919747,0.7735646511160654,0.7367279440553297,0.75416247625433,0.7809725660970781,0.703424423849373
2016_04_DET_CHI,2016,4,2016-10-02,CHI,DET,1.0,-3.0,159.0,-177.0,0.566240198101527,0.3975690919029086,0.3672404922768764,0.36459411146640813,0.34601142949329955,0.3836126629599991,0.37665039500700276,0.3543582207010577,0.33832682742763975
2016_04_OAK_BAL,2016,4,2016-10-02,BAL,LV,0.0,3.5,-185.0,166.0,0.566240198101527,0.6636819569000829,0.6550876450421246,0.6857145133534811,0.4556848039256275,0.6121492062098972,0.6332518337408314,0.6391586484555088,0.5047334817470399
2016_04_SEA_NYJ,2016,4,2016-10-02,NYJ,SEA,0.0,-1.0,102.0,-113.0,0.566240198101527,0.3917594804643805,0.4057883516694716,0.39866175245855767,0.3665801533754322,0.4531616085668539,0.4827086071703758,0.45014413640002465,0.38668006026676865
2016_04_TEN_HOU,2016,4,2016-10-02,HOU,TEN,1.0,4.0,-196.0,176.0,0.566240198101527,0.8237099079884926,0.7395669489323932,0.7310337611616876,0.8743270658855121,0.6290024672537351,0.6463391320971134,0.589112707177042,0.7340369871277925
2016_04_DEN_TB,2016,4,2016-10-02,TB,DEN,0.0,-3.5,156.0,-173.0,0.566240198101527,0.1876712733952657,0.30469099353631973,0.31765490051482054,0.15865423345698468,0.3668332029103104,0.3813488294127508,0.3667690642187099,0.17494404878271796
2016_04_DAL_SF,2016,4,2016-10-02,SF,DAL,0.0,-1.0,111.0,-123.0,0.566240198101527,0.5255836838271637,0.49822436522868335,0.477605889400755,0.4971541624701495,0.4531616085668539,0.46214743124779806,0.47007683708480624,0.4324267243909481
2016_04_LA_ARI,2016,4,2016-10-02,ARI,LA,0.0,10.0,-414.0,357.0,0.566240198101527,0.700585017007234,0.6768229008947276,0.696067924359284,0.7843025495557717,0.8001053433172116,0.7863656389496172,0.7342757395654256,0.7279805209827328
2016_04_NO_SD,2016,4,2016-10-02,LAC,NO,0.0,4.0,-196.0,176.0,0.566240198101527,0.6012207622197098,0.6204907579595625,0.6320015841288029,0.48895255760876577,0.6290024672537351,0.6463391320971134,0.6478324430401907,0.5819486455092514
2016_04_KC_PIT,2016,4,2016-10-02,PIT,KC,1.0,3.0,-177.0,159.0,0.566240198101527,0.5256871189831142,0.5200573800699549,0.538002305992054,0.6533057189742488,0.5950232719728398,0.6233496049929973,0.5845246014856192,0.6483301179622608
2016_04_NYG_MIN,2016,4,2016-10-03,MIN,NYG,1.0,3.5,-195.0,175.0,0.566240198101527,0.7772168056925581,0.7282622449701311,0.7146983676048954,0.7366641053603329,0.6121492062098972,0.6451127819548872,0.6707490802831991,0.7504711473737494
2016_05_ARI_SF,2016,5,2016-10-06,SF,ARI,0.0,-3.5,169.0,-188.0,0.566240198101527,0.36057157710795495,0.388659687901442,0.5008250195939041,0.3872009720950957,0.3668332029103104,0.36284835962304085,0.413779549172306,0.31947305614580523
2016_05_CHI_IND,2016,5,2016-10-09,IND,CHI,1.0,4.0,-202.0,181.0,0.566240198101527,0.6413432154119041,0.6417548916979501,0.6629405912418781,0.4484931512588245,0.6290024672537351,0.6527218785216531,0.6554350050410941,0.5063318750235547
2016_05_HOU_MIN,2016,5,2016-10-09,MIN,HOU,1.0,6.0,-250.0,222.0,0.566240198101527,0.7170109836091737,0.7271205514953648,0.7264552009164102,0.6564710814474907,0.6930202581975409,0.6969696969696969,0.7592840286695244,0.670721524382774
2016_05_NE_CLE,2016,5,2016-10-09,CLE,NE,0.0,-10.0,385.0,-450.0,0.566240198101527,0.19720029278845017,0.22574442120950874,0.134611019932642,0.16496670554878487,0.1859681334379508,0.20128087831655989,0.15088882847398216,0.10741166690764874
2016_05_NYJ_PIT,2016,5,2016-10-09,PIT,NYJ,1.0,10.0,-390.0,338.0,0.566240198101527,0.7438569621247251,0.7101164286213435,0.7165984010644303,0.7019203432115935,0.8001053433172116,0.7770903466472567,0.7918360958871424,0.812100553004406
2016_05_PHI_DET,2016,5,2016-10-09,DET,PHI,1.0,-3.5,166.0,-185.0,0.566240198101527,0.4383173397086836,0.4855677607228055,0.5089581697330156,0.6405079417198022,0.3668332029103104,0.36674816625916873,0.4107773513694153,0.41587861936732284
2016_05_TEN_MIA,2016,5,2016-10-09,MIA,TEN,0.0,2.5,-134.0,121.0,0.566240198101527,0.7233565143718182,0.718091075297616,0.7166699403569141,0.6460799225691546,0.5776628552687998,0.5586071603727317,0.6304767508638676,0.5071720150749195
2016_05_WAS_BAL,2016,5,2016-10-09,BAL,WAS,0.0,4.0,-195.0,175.0,0.566240198101527,0.6132776408734397,0.6381485089489182,0.6678880291052789,0.6187536889528016,0.6290024672537351,0.6451127819548872,0.6697134557951582,0.6849082722576713
2016_05_ATL_DEN,2016,5,2016-10-09,DEN,ATL,0.0,3.5,-195.0,175.0,0.566240198101527,0.7793824263362644,0.7185573763802697,0.6625101475254144,0.785071932671657,0.6121492062098972,0.6451127819548872,0.6547247783236587,0.7522308128409299
2016_05_BUF_LA,2016,5,2016-10-09,LA,BUF,0.0,-2.5,116.0,-128.0,0.566240198101527,0.4987932363821268,0.44985956674536587,0.4542120343889612,0.5086245587859218,0.4006739475407037,0.4519505233111322,0.418147907994122,0.4847097810696895
2016_05_CIN_DAL,2016,5,2016-10-09,DAL,CIN,1.0,-2.5,115.0,-127.0,0.566240198101527,0.45650700167874675,0.5178931794050529,0.5045044991040563,0.5305045658128263,0.4006739475407037,0.453954604539546,0.4498032006982541,0.49558328634144133
2016_05_SD_OAK,2016,5,2016-10-09,LV,LAC,1.0,3.5,-185.0,166.0,0.566240198101527,0.6111951485239057,0.5543954255487497,0.5157078700314955,0.4264614503063444,0.6121492062098972,0.6332518337408314,0.6153558588144107,0.5430531000873757
2016_05_NYG_GB,2016,5,2016-10-09,GB,NYG,1.0,7.0,-308.0,271.0,0.566240198101527,0.7543896965458408,0.7856056592180266,0.793329167966341,0.7947929192965303,0.722610226019417,0.7368896226171744,0.8011423620331067,0.8027826223305182
2016_05_TB_CAR,2016,5,2016-10-10,CAR,TB,0.0,6.0,-244.0,217.0,0.566240198101527,0.810078476808522,0.7699144272082737,0.6888344249241721,0.8223713192462824,0.6930202581975409,0.6921645130114186,0.6547058599153653,0.7026213475553849
2016_06_DEN_SD,2016,6,2016-10-13,LAC,DEN,1.0,-3.0,136.0,-150.0,0.566240198101527,0.22950461834732033,0.3447000894909042,0.36774067953738965,0.22203665944611492,0.3836126629599991,0.413907284768212,0.3525521543620399,0.28982319915786053
2016_06_BAL_NYG,2016,6,2016-10-16,NYG,BAL,1.0,3.5,-190.0,171.0,0.566240198101527,0.5179626448111619,0.5823538988663078,0.5819025607144418,0.5364742240938376,0.6121492062098972,0.6397067958752639,0.6506852766963699,0.544005173644383
2016_06_CAR_NO,2016,6,2016-10-16,NO,CAR,1.0,-2.5,126.0,-139.0,0.566240198101527,0.363024526671126,0.47318613137431265,0.4500567331583409,0.2442346080928283,0.4006739475407037,0.4320786780923455,0.46553493686008884,0.347350933200381
2016_06_CIN_NE,2016,6,2016-10-16,NE,CIN,1.0,7.5,-335.0,293.0,0.566240198101527,0.6812298104927267,0.73676192004614,0.760065923807691,0.6448405026557561,0.7367279440553297,0.7516485398646913,0.7877214388380824,0.6677550713743424
2016_06_CLE_TEN,2016,6,2016-10-16,TEN,CLE,1.0,7.5,-325.0,285.0,0.566240198101527,0.6068076921311469,0.699123796803131,0.7045350652880653,0.5698000267465579,0.7367279440553297,0.7464578672632363,0.7788067040207428,0.6841892275772679
2016_06_JAX_CHI,2016,6,2016-10-16,CHI,JAX,0.0,2.5,-139.0,126.0,0.566240198101527,0.6102431961177938,0.5483655354791008,0.5530607181508119,0.589391979582462,0.5776628552687998,0.5679213219076544,0.5669325968949998,0.5586828444549949
2016_06_LA_DET,2016,6,2016-10-16,DET,LA,1.0,2.5,-145.0,131.0,0.566240198101527,0.5635876914740434,0.7230628138674396,0.7323386046749866,0.7552784601931729,0.5776628552687998,0.5775497887748944,0.664303523442415,0.6555801179941857
2016_06_PHI_WAS,2016,6,2016-10-16,WAS,PHI,1.0,-3.0,136.0,-150.0,0.566240198101527,0.4757226168351765,0.43229704439415173,0.4403386542338483,0.47546530629705813,0.3836126629599991,0.413907284768212,0.353807577321619,0.3881169246161859
2016_06_PIT_MIA,2016,6,2016-10-16,MIA,PIT,1.0,-7.5,269.0,-305.0,0.566240198101527,0.21533710869724718,0.30690562884321226,0.30693874935464166,0.2509383763256092,0.24628924423559645,0.26462805057336075,0.28892638995051906,0.2200009094878129
2016_06_SF_BUF,2016,6,2016-10-16,BUF,SF,1.0,7.5,-305.0,269.0,0.566240198101527,0.7950579747124803,0.7656008092335403,0.6720142351052075,0.771801064944124,0.7367279440553297,0.7353719494266393,0.7382111638689891,0.7776922233806535
2016_06_KC_OAK,2016,6,2016-10-16,LV,KC,0.0,-1.0,111.0,-123.0,0.566240198101527,0.37537234617978543,0.3572316338642162,0.3464098947013992,0.3343041451350115,0.4531616085668539,0.46214743124779806,0.4020671820438743,0.3732477120324353
2016_06_ATL_SEA,2016,6,2016-10-16,SEA,ATL,1.0,7.0,-302.0,266.0,0.566240198101527,0.6839628697521577,0.7663522770943465,0.7692404996677191,0.709899326618707,0.722610226019417,0.7333014887349733,0.7861419902879345,0.7647896945577426
2016_06_DAL_GB,2016,6,2016-10-16,GB,DAL,0.0,5.0,-237.0,211.0,0.566240198101527,0.6847889871832651,0.6646203814408075,0.6968504793992345,0.6364709216362906,0.6617513533561417,0.6862401891869245,0.6876378380225232,0.6564102534957116
2016_06_IND_HOU,2016,6,2016-10-16,HOU,IND,1.0,3.0,-160.0,144.0,0.566240198101527,0.6454048614917246,0.5669614647128574,0.5551553408297766,0.5162320465546618,0.5950232719728398,0.6002460024600246,0.5276532494720132,0.4232787970386457
2016_06_NYJ_ARI,2016,6,2016-10-17,ARI,NYJ,1.0,7.5,-350.0,305.0,0.566240198101527,0.7018681742742481,0.7116828100755024,0.7826291672691621,0.6910943256019842,0.7367279440553297,0.7590361445783131,0.7412607756549804,0.7269872118899898
2016_07_CHI_GB,2016,7,2016-10-20,GB,CHI,1.0,7.5,-335.0,293.0,0.566240198101527,0.8058784664664443,0.7222148113140782,0.7498486828668276,0.6106304603589006,0.7367279440553297,0.7516485398646913,0.7403654995350316,0.6623929189483786
2016_07_NYG_LA,2016,7,2016-10-23,LA,NYG,0.0,-3.0,131.0,-145.0,0.566240198101527,0.5272014513701161,0.4167648407850695,0.40717737094233525,0.6548890686025017,0.3836126629599991,0.4224502112251056,0.36770161948158636,0.5433732529954485
2016_07_BAL_NYJ,2016,7,2016-10-23,NYJ,BAL,1.0,2.0,-123.0,111.0,0.566240198101527,0.5700432512408433,0.5940344426109101,0.5068229743114487,0.45629880918036475,0.5601084139704019,0.537852568752202,0.6144919381953633,0.4619543990802741
2016_07_BUF_MIA,2016,7,2016-10-23,MIA,BUF,1.0,-2.5,121.0,-134.0,0.566240198101527,0.3223581494039059,0.3180937990053681,0.3355023267890208,0.3323243882933435,0.4006739475407037,0.44139283962726833,0.3551916062571514,0.4150403403521145
2016_07_CLE_CIN,2016,7,2016-10-23,CIN,CLE,1.0,11.5,-575.0,480.0,0.566240198101527,0.8240413188602823,0.7693650341474287,0.7726586257932317,0.739262127529577,0.8322567104341669,0.8316708229426435,0.8309140996747308,0.7872472234544
2016_07_IND_TEN,2016,7,2016-10-23,TEN,IND,0.0,4.0,-195.0,175.0,0.566240198101527,0.4225286052764562,0.4749003356885192,0.4713114415050326,0.4737186314793358,0.6290024672537351,0.6451127819548872,0.5883827502362101,0.5248479638015102
2016_07_MIN_PHI,2016,7,2016-10-23,PHI,MIN,1.0,-2.5,116.0,-128.0,0.566240198101527,0.3977338661032155,0.4232969601544345,0.41684402380886854,0.32861706867268886,0.4006739475407037,0.4519505233111322,0.3751969871488787,0.3316709457263361
2016_07_NO_KC,2016,7,2016-10-23,KC,NO,1.0,6.0,-245.0,218.0,0.566240198101527,0.7931788723619466,0.728862214440595,0.7130597456912645,0.7789413513077593,0.6930202581975409,0.6930878035761944,0.7149228770762959,0.7710352640683813
2016_07_OAK_JAX,2016,7,2016-10-23,JAX,LV,0.0,1.5,-123.0,111.0,0.566240198101527,0.4469126513831999,0.5653042885977326,0.5678554385034117,0.39504962512821273,0.5424023174561298,0.537852568752202,0.5677369120848408,0.38697919942988573
2016_07_WAS_DET,2016,7,2016-10-23,DET,WAS,1.0,-1.0,-105.0,-105.0,0.566240198101527,0.5395989171026484,0.6535925871235467,0.6589272187319231,0.6442673783360914,0.4531616085668539,0.5,0.5733918909910688,0.46371862484780946
2016_07_SD_ATL,2016,7,2016-10-23,ATL,LAC,0.0,4.5,-208.0,186.0,0.566240198101527,0.7189493613767161,0.677707000334398,0.658128825660609,0.6458582288587975,0.6455474416682199,0.658869395711501,0.6575722463249899,0.6364889225713065
2016_07_TB_SF,2016,7,2016-10-23,SF,TB,0.0,1.0,-115.0,104.0,0.566240198101527,0.5389372611454645,0.5157569226412618,0.549713363957316,0.494589632216349,0.5245884515974475,0.521797153024911,0.5547303061497186,0.469521276534817
2016_07_NE_PIT,2016,7,2016-10-23,PIT,NE,0.0,-7.5,260.0,-295.0,0.566240198101527,0.5067333443028917,0.4982342107226287,0.29351796659116763,0.504144555691066,0.24628924423559645,0.271105010295127,0.250325374153392,0.3492193131750317
2016_07_HOU_DEN,2016,7,2016-10-24,DEN,HOU,1.0,8.5,-385.0,334.0,0.566240198101527,0.7115285161749039,0.7509449216909574,0.7435839546125516,0.6834954856081512,0.7635423748617746,0.7750359478640011,0.8048723097735875,0.7950334232543833
2016_08_JAX_TEN,2016,8,2016-10-27,TEN,JAX,1.0,3.0,-144.0,130.0,0.566240198101527,0.5635494645893475,0.5498209089691573,0.5577638176042252,0.5586854236807329,0.5950232719728398,0.5757997218358832,0.5745366121557801,0.51526358811233
2016_08_ARI_CAR,2016,8,2016-10-30,CAR,ARI,1.0,2.5,-134.0,121.0,0.566240198101527,0.4849587016985628,0.6375841560678998,0.612273660986907,0.44358527385738067,0.5776628552687998,0.5586071603727317,0.6482871559292077,0.44438130802871606
2016_08_DET_HOU,2016,8,2016-10-30,HOU,DET,1.0,1.0,-109.0,-101.0,0.566240198101527,0.565549832932182,0.48322798208669904,0.48321009146482713,0.44289114535422947,0.5245884515974475,0.5092984332140034,0.4700613340788983,0.4012922100493269
2016_08_KC_IND,2016,8,2016-10-30,IND,KC,0.0,-3.0,126.0,-139.0,0.566240198101527,0.34396930949944854,0.45836075192054676,0.4650598820719793,0.4156230054045185,0.3836126629599991,0.4320786780923455,0.42751190007675943,0.4398773091245718
2016_08_NE_BUF,2016,8,2016-10-30,BUF,NE,0.0,-5.5,210.0,-235.0,0.566240198101527,0.44388013936137144,0.4466866623711288,0.40794280151625284,0.4334498385958922,0.3031876264741681,0.3149976492712741,0.2891066482572116,0.24467411788329096
2016_08_NYJ_CLE,2016,8,2016-10-30,CLE,NYJ,0.0,-2.5,121.0,-134.0,0.566240198101527,0.3082091049662336,0.39101423595218826,0.329735227371326,0.3202082511714316,0.4006739475407037,0.44139283962726833,0.4090849240064121,0.38233794853447206
2016_08_OAK_TB,2016,8,2016-10-30,TB,LV,0.0,1.0,-117.0,106.0,0.566240198101527,0.5286476055784675,0.5360376114586883,0.5390763997425942,0.5929808981272696,0.5245884515974475,0.5262215623771888,0.5019453644575665,0.5638680066492403
2016_08_SEA_NO,2016,8,2016-10-30,NO,SEA,1.0,-1.0,-105.0,-105.0,0.566240198101527,0.2532148265498774,0.37686247741484447,0.3821223807636774,0.25877301059425895,0.4531616085668539,0.5,0.45278881908576724,0.3466817959831158
2016_08_SD_DEN,2016,8,2016-10-30,DEN,LAC,1.0,3.5,-177.0,159.0,0.566240198101527,0.7858411408986964,0.6900146498068328,0.6515612800417807,0.6523948658932986,0.6121492062098972,0.6233496049929973,0.6054968481485092,0.5829555817835306
2016_08_GB_ATL,2016,8,2016-10-30,ATL,GB,1.0,3.0,-154.0,139.0,0.566240198101527,0.516752914894292,0.5488204773413565,0.5353719152921248,0.5482167528858625,0.5950232719728398,0.5916792592354435,0.586505374287213,0.4706140552274178
2016_08_PHI_DAL,2016,8,2016-10-30,DAL,PHI,1.0,5.0,-225.0,201.0,0.566240198101527,0.5567845247735306,0.6057313110711454,0.6056356742726039,0.5675354435477292,0.6617513533561417,0.6757296083811425,0.6714522241384768,0.6099806278412052
2016_08_MIN_CHI,2016,8,2016-10-31,CHI,MIN,1.0,-5.5,205.0,-230.0,0.566240198101527,0.21990792100463072,0.3251338723039087,0.3237484726747409,0.25322589472281415,0.3031876264741681,0.3199224430441105,0.30536990485480353,0.28666122180313464
2016_09_ATL_TB,2016,9,2016-11-03,TB,ATL,0.0,-4.5,184.0,-205.0,0.566240198101527,0.38383978119270085,0.35636405941717664,0.34617429149907614,0.3362385862583663,0.33425656951353344,0.3437781785392245,0.2946310692891128,0.24562695888434205
2016_09_DAL_CLE,2016,9,2016-11-06,CLE,DAL,0.0,-7.0,255.0,-289.0,0.566240198101527,0.1968163914422811,0.2859668787635042,0.3172705569767182,0.20801428147447673,0.2598174415473642,0.2749213753136153,0.27057122784761467,0.2274881969685563
2016_09_DET_MIN,2016,9,2016-11-06,MIN,DET,0.0,4.0,-194.0,174.0,0.566240198101527,0.693714424102652,0.5699509800205492,0.574159580672836,0.7328194851052017,0.6290024672537351,0.6438780948689375,0.5532026651083194,0.6344202909859757
2016_09_JAX_KC,2016,9,2016-11-06,KC,JAX,1.0,7.0,-300.0,264.0,0.566240198101527,0.901590128608556,0.8140847741125644,0.7633907221535496,0.9224676002921569,0.722610226019417,0.7319034852546917,0.7277046640644295,0.9141796859431872
2016_09_NYJ_MIA,2016,9,2016-11-06,MIA,NYJ,1.0,3.5,-190.0,171.0,0.566240198101527,0.5007221248304233,0.5914581381957625,0.5744080752455762,0.5153872661215896,0.6121492062098972,0.6397067958752639,0.6364638772847956,0.570176321237272
2016_09_PHI_NYG,2016,9,2016-11-06,NYG,PHI,1.0,3.0,-149.0,135.0,0.566240198101527,0.46506351134486,0.5195104341510759,0.5446129761029723,0.48593960318445123,0.5950232719728398,0.5844112492697988,0.5874338732586932,0.4972082524510719
2016_09_PIT_BAL,2016,9,2016-11-06,BAL,PIT,1.0,-3.5,140.0,-155.0,0.566240198101527,0.38549239940324587,0.3715503805481849,0.29207257948673004,0.3021976220038539,0.3668332029103104,0.4066985645933015,0.32649403249194314,0.2607287450704822
2016_09_CAR_LA,2016,9,2016-11-06,LA,CAR,0.0,-3.0,127.0,-140.0,0.566240198101527,0.4078810319111657,0.4850564817772364,0.47610390252334406,0.40242025756359123,0.3836126629599991,0.43026174256005734,0.4824943028549092,0.413985635125234
2016_09_NO_SF,2016,9,2016-11-06,SF,NO,0.0,-5.0,190.0,-212.0,0.566240198101527,0.4250554259243077,0.47724314907673554,0.4722476379418788,0.433913723598194,0.3185203740225431,0.3366422097539922,0.40109161103830077,0.3600427085487062
2016_09_IND_GB,2016,9,2016-11-06,GB,IND,0.0,7.5,-340.0,297.0,0.566240198101527,0.7289829165144754,0.7363080184412116,0.7485642233602714,0.7473380671274031,0.7367279440553297,0.75416247625433,0.7658835781201928,0.776030264980035
2016_09_TEN_SD,2016,9,2016-11-06,LAC,TEN,1.0,3.5,-179.0,161.0,0.566240198101527,0.7133178815685323,0.614318007729727,0.6428219517203305,0.5612758943860288,0.6121492062098972,0.6261005910022917,0.5766612456213326,0.5832369330798638
2016_09_DEN_OAK,2016,9,2016-11-06,LV,DEN,1.0,1.0,-102.0,-108.0,0.566240198101527,0.3335697976489217,0.39190508621354087,0.39829347986583463,0.36667140975158014,0.5245884515974475,0.4930284439486894,0.4977362423805881,0.4438268951147546
2016_09_BUF_SEA,2016,9,2016-11-07,SEA,BUF,1.0,5.5,-220.0,197.0,0.566240198101527,0.6741175832419248,0.6399550866347457,0.6751926745344135,0.7015687737287182,0.6775844705248072,0.6712553934662009,0.6668726957711788,0.6037979170712849
2016_10_CLE_BAL,2016,10,2016-11-10,BAL,CLE,1.0,7.5,-345.0,301.0,0.566240198101527,0.8034575075911228,0.7186761141771915,0.7362691513225431,0.7386701509096419,0.7367279440553297,0.7566244633432689,0.7005828939105908,0.7793886775758979
2016_10_ATL_PHI,2016,10,2016-11-13,PHI,ATL,1.0,2.0,-123.0,111.0,0.566240198101527,0.5166364154079646,0.4828899443897112,0.47406190799839565,0.5991231607864891,0.5601084139704019,0.537852568752202,0.5464956048198272,0.46499340785525245
2016_10_CHI_TB,2016,10,2016-11-13,TB,CHI,1.0,-2.5,131.0,-145.0,0.566240198101527,0.5644875040719214,0.5468318769430248,0.5448864274837594,0.4522743219209676,0.4006739475407037,0.4224502112251056,0.40534864763012196,0.4025473335452588
2016_10_DEN_NO,2016,10,2016-11-13,NO,DEN,0.0,3.0,-150.0,136.0,0.566240198101527,0.3675175741268254,0.48271766140351857,0.5191063071273978,0.37443513819015356,0.5950232719728398,0.5860927152317882,0.5836752679960477,0.349536933352081
2016_10_GB_TEN,2016,10,2016-11-13,TEN,GB,1.0,-3.0,127.0,-140.0,0.566240198101527,0.28934363278487496,0.44475626834727305,0.4281594694657241,0.4089733327696811,0.3836126629599991,0.43026174256005734,0.4285754022654001,0.41942684236980643
2016_10_HOU_JAX,2016,10,2016-11-13,JAX,HOU,0.0,3.0,-156.0,141.0,0.566240198101527,0.2713232951965781,0.3426506911706292,0.35334444188840014,0.3538364714609497,0.5950232719728398,0.5949110703209063,0.50722327122453,0.49394771606646304
2016_10_KC_CAR,2016,10,2016-11-13,CAR,KC,0.0,3.0,-170.0,153.0,0.566240198101527,0.46864249719477097,0.560743152857884,0.5059077925522212,0.5364636152746997,0.5950232719728398,0.6143408084559349,0.5982967434549008,0.5320068697497679
2016_10_LA_NYJ,2016,10,2016-11-13,NYJ,LA,0.0,-1.0,104.0,-115.0,0.566240198101527,0.6107827251774168,0.6633094716266876,0.5958325728224406,0.6186158531145199,0.4531616085668539,0.478202846975089,0.5022017952050164,0.5044263776695733
2016_10_MIN_WAS,2016,10,2016-11-13,WAS,MIN,1.0,2.5,-145.0,131.0,0.566240198101527,0.49496076122585864,0.6076711331019751,0.5911707571359301,0.39652360700114,0.5776628552687998,0.5775497887748944,0.6100600730334719,0.369259232268237
2016_10_MIA_SD,2016,10,2016-11-13,LAC,MIA,0.0,4.0,-198.0,178.0,0.566240198101527,0.5892390573265636,0.6116731283742493,0.6379368240329226,0.6031575197377347,0.6290024672537351,0.6487671491207393,0.6080667913652602,0.6478196054914249
2016_10_DAL_PIT,2016,10,2016-11-13,PIT,DAL,0.0,3.0,-173.0,156.0,0.566240198101527,0.5074141221814519,0.500247249409935,0.5353204756961664,0.49949265729743053,0.5950232719728398,0.6186511705872493,0.585392012569885,0.48955171930609515
2016_10_SF_ARI,2016,10,2016-11-13,ARI,SF,1.0,14.0,-850.0,671.0,0.566240198101527,0.8439988922707788,0.8316196717606887,0.8291034802608183,0.7964761710955656,0.876492720373864,0.8733924168721262,0.8568170720630139,0.8950002351732035
2016_10_SEA_NE,2016,10,2016-11-13,NE,SEA,0.0,7.5,-310.0,273.0,0.566240198101527,0.6325001046148606,0.7556552773021081,0.7601247372545422,0.5807158472563388,0.7367279440553297,0.7382366085679627,0.810336840008818,0.6455920320442026
2016_10_CIN_NYG,2016,10,2016-11-14,NYG,CIN,1.0,-1.0,102.0,-113.0,0.566240198101527,0.524965895998095,0.5054003753616518,0.5342373230601379,0.4391321406285313,0.4531616085668539,0.4827086071703758,0.47053840835144806,0.3373099294390167
2016_11_NO_CAR,2016,11,2016-11-17,CAR,NO,1.0,3.5,-184.0,166.0,0.566240198101527,0.6924170041557105,0.6237700949268061,0.6030944137691634,0.5865645926708901,0.6121492062098972,0.6328092676872155,0.5998775648596093,0.5434023130734289
2016_11_ARI_MIN,2016,11,2016-11-20,MIN,ARI,1.0,2.0,-125.0,113.0,0.566240198101527,0.5075671388546601,0.5635427479503413,0.5554336661262583,0.5052397582708134,0.5601084139704019,0.5419847328244275,0.6330585741851081,0.506387624069285
2016_11_BAL_DAL,2016,11,2016-11-20,DAL,BAL,1.0,7.0,-300.0,264.0,0.566240198101527,0.7314642231714447,0.7581806835751302,0.7361024257967496,0.7763632017749358,0.722610226019417,0.7319034852546917,0.7803643521686077,0.768412214899063
2016_11_BUF_CIN,2016,11,2016-11-20,CIN,BUF,0.0,2.5,-136.0,123.0,0.566240198101527,0.5409198124967657,0.443635963095931,0.46755426795985006,0.5994795654387116,0.5776628552687998,0.562379468921525,0.49850389676102985,0.5777369598756812
2016_11_CHI_NYG,2016,11,2016-11-20,NYG,CHI,1.0,7.0,-283.0,250.0,0.566240198101527,0.739215581858529,0.7211317841172744,0.7314884527009268,0.5525795450240459,0.722610226019417,0.7211503458318166,0.742469025983848,0.6578322055951047
2016_11_JAX_DET,2016,11,2016-11-20,DET,JAX,1.0,5.5,-230.0,205.0,0.566240198101527,0.8257306313933551,0.822274322092363,0.8211716328276535,0.8410048818174763,0.6775844705248072,0.6800775569558896,0.7829936724001062,0.7172166594312956
2016_11_PIT_CLE,2016,11,2016-11-20,CLE,PIT,0.0,-8.0,272.0,-309.0,0.566240198101527,0.222599143096657,0.2703881392816733,0.260315170694778,0.21200688354948544,0.23324347046015992,0.2624351932652328,0.2325325744850995,0.26459915663605726
2016_11_TB_KC,2016,11,2016-11-20,KC,TB,0.0,7.0,-290.0,256.0,0.566240198101527,0.8359345853451895,0.7747383757502116,0.7781211972550959,0.7112360297104349,0.722610226019417,0.7258155230596175,0.7690692865001357,0.8158937732011498
2016_11_TEN_IND,2016,11,2016-11-20,IND,TEN,1.0,3.0,-140.0,127.0,0.566240198101527,0.6874341051993758,0.6086503976823907,0.6094363951606039,0.5260140500716222,0.5950232719728398,0.5697382574399427,0.5994183789035025,0.4415336365152114
2016_11_MIA_LA,2016,11,2016-11-20,LA,MIA,0.0,1.0,-107.0,-103.0,0.566240198101527,0.5365175355319399,0.5324894086161873,0.5204036029642936,0.45149229765197196,0.5245884515974475,0.5046466242274987,0.5491287531359893,0.39881713345474745
2016_11_NE_SF,2016,11,2016-11-20,SF,NE,0.0,-10.5,423.0,-500.0,0.566240198101527,0.15932972190929764,0.17148358650114331,0.17033023301228595,0.26181523020319936,0.17537407336322833,0.18662519440124417,0.14784796908936054,0.1882319653976268
2016_11_PHI_SEA,2016,11,2016-11-20,SEA,PHI,1.0,6.5,-265.0,235.0,0.566240198101527,0.7218371386500725,0.7174219663505275,0.7368453328706921,0.5681962563994946,0.7080354764548622,0.7086409898223908,0.7522038013851902,0.6263120456068537
2016_11_GB_WAS,2016,11,2016-11-20,WAS,GB,1.0,2.5,-133.0,120.0,0.566240198101527,0.6098997728986333,0.5961697925530957,0.5673653563011498,0.5378776414344889,0.5776628552687998,0.556697108066971,0.5758833106526576,0.4914993479810219
2016_11_HOU_OAK,2016,11,2016-11-21,LV,HOU,1.0,6.5,-253.0,225.0,0.566240198101527,0.48559594808118783,0.5367911755433039,0.5473562497267902,0.6811920162314928,0.7080354764548622,0.6996383748138693,0.688315882892047,0.7592581194090955
2016_12_MIN_DET,2016,12,2016-11-24,DET,MIN,1.0,2.0,-119.0,108.0,0.566240198101527,0.5269189022807101,0.5650794101209106,0.5641373454370814,0.5321052088523676,0.5601084139704019,0.5305667495498585,0.5810860530499709,0.44130944432122005
2016_12_WAS_DAL,2016,12,2016-11-24,DAL,WAS,1.0,5.5,-231.0,206.0,0.566240198101527,0.6663224440007635,0.676553296983274,0.6865948111561669,0.6380188794597157,0.6775844705248072,0.6810745187212147,0.7086047290568349,0.6428104331826643
2016_12_PIT_IND,2016,12,2016-11-24,IND,PIT,0.0,-8.0,346.0,-400.0,0.566240198101527,0.49572146854998805,0.5481311638399783,0.4196935961136285,0.4847591004607947,0.23324347046015992,0.21891418563922943,0.3019172729593139,0.2790352193650218
2016_12_ARI_ATL,2016,12,2016-11-27,ATL,ARI,1.0,3.5,-187.0,168.0,0.566240198101527,0.5491589300981348,0.69070110282712,0.6792740141132597,0.5726418649294189,0.6121492062098972,0.6358607389362566,0.7252043138896175,0.7201503336188194
2016_12_CIN_BAL,2016,12,2016-11-27,BAL,CIN,1.0,3.5,-185.0,166.0,0.566240198101527,0.5168944134233685,0.5120003878115986,0.5300595473832901,0.4765292689429296,0.6121492062098972,0.6332518337408314,0.5756904373940832,0.5391855792206804
2016_12_JAX_BUF,2016,12,2016-11-27,BUF,JAX,1.0,8.5,-350.0,305.0,0.566240198101527,0.8608736112243661,0.8035751442634932,0.7860245589419627,0.8474967324891087,0.7635423748617746,0.7590361445783131,0.8018864164645855,0.8076235956480974
2016_12_LA_NO,2016,12,2016-11-27,NO,LA,1.0,7.5,-330.0,289.0,0.566240198101527,0.5977246816704155,0.7015577052226207,0.7400364343549244,0.5662203235286053,0.7367279440553297,0.7490809359864622,0.7398506196263788,0.7231996712177204
2016_12_NYG_CLE,2016,12,2016-11-27,CLE,NYG,0.0,-6.5,237.0,-267.0,0.566240198101527,0.22436995705462578,0.2993732925844753,0.28562962482707277,0.22399639134335958,0.27381876092590646,0.28970863363304095,0.28694203041241945,0.18954092677339682
2016_12_SD_HOU,2016,12,2016-11-27,HOU,LAC,0.0,-2.5,116.0,-128.0,0.566240198101527,0.6538468456896801,0.5642346643713066,0.5337192756030943,0.49355420837002095,0.4006739475407037,0.4519505233111322,0.43576146154307144,0.352860564046317
2016_12_SF_MIA,2016,12,2016-11-27,MIA,SF,1.0,7.0,-310.0,273.0,0.566240198101527,0.7894541654911555,0.7975500976202907,0.7825784026486096,0.7624456672989782,0.722610226019417,0.7382366085679627,0.760866799015448,0.7295008523179067
2016_12_TEN_CHI,2016,12,2016-11-27,CHI,TEN,0.0,-6.5,222.0,-250.0,0.566240198101527,0.5521530747440325,0.49636177181188046,0.388735243142388,0.492030766299409,0.27381876092590646,0.303030303030303,0.2958264169598489,0.3455592061152471
2016_12_SEA_TB,2016,12,2016-11-27,TB,SEA,1.0,-5.0,197.0,-220.0,0.566240198101527,0.25063108472282686,0.3522198610595292,0.3436526864707681,0.19358929450913565,0.3185203740225431,0.32874460653379906,0.3115062306978335,0.19167445296221067
2016_12_CAR_OAK,2016,12,2016-11-27,LV,CAR,1.0,3.5,-164.0,148.0,0.566240198101527,0.5258165813272553,0.5433986615885897,0.5308686898977316,0.5543110284526871,0.6121492062098972,0.6063931297709924,0.6362131741379838,0.6501234417853669
2016_12_NE_NYJ,2016,12,2016-11-27,NYJ,NE,0.0,-9.0,361.0,-420.0,0.566240198101527,0.27649889132800093,0.31188308864237396,0.343449594156763,0.30610665938424964,0.20862140583393549,0.21170914420649786,0.18737791571265056,0.2789623418791156
2016_12_KC_DEN,2016,12,2016-11-27,DEN,KC,0.0,3.5,-179.0,161.0,0.566240198101527,0.5549811264256487,0.6025332525907404,0.5813676142270678,0.4069627830363795,0.6121492062098972,0.6261005910022917,0.6084791908501829,0.49636090039541964
2016_12_GB_PHI,2016,12,2016-11-28,PHI,GB,0.0,4.0,-196.0,176.0,0.566240198101527,0.6620796117890794,0.6361252981896809,0.6045137500440361,0.6141723517541824,0.6290024672537351,0.6463391320971134,0.6446641533666427,0.5944501976365538
2016_13_DAL_MIN,2016,13,2016-12-01,MIN,DAL,0.0,-3.0,138.0,-153.0,0.566240198101527,0.4434993525039457,0.4325275768559819,0.448365297457437,0.6086891337631262,0.3836126629599991,0.40995560164630396,0.374565476866045,0.5954098390707475
2016_13_DEN_JAX,2016,13,2016-12-04,JAX,DEN,0.0,-3.5,160.0,-178.0,0.566240198101527,0.16652071157391976,0.3640122160520264,0.43238220495935836,0.27555145678123705,0.3668332029103104,0.3752699784017279,0.425302275876218,0.3111125914699804
2016_13_DET_NO,2016,13,2016-12-04,NO,DET,0.0,6.5,-284.0,251.0,0.566240198101527,0.498088186856731,0.5544512990899252,0.5657522221429504,0.4111256853073133,0.7080354764548622,0.7219084035804293,0.6337023007805942,0.4877357242659653
2016_13_HOU_GB,2016,13,2016-12-04,GB,HOU,1.0,7.0,-312.0,274.0,0.566240198101527,0.6116971218726773,0.6669041760050326,0.6898093311916524,0.5844360676484248,0.722610226019417,0.7390555330360762,0.7432912191719219,0.7489005648133221
2016_13_KC_ATL,2016,13,2016-12-04,ATL,KC,0.0,5.0,-208.0,186.0,0.566240198101527,0.45141230142102357,0.5973201470687428,0.604179216764647,0.6613921795463659,0.6617513533561417,0.658869395711501,0.6768151862928615,0.661007210270227
2016_13_LA_NE,2016,13,2016-12-04,NE,LA,1.0,13.0,-750.0,604.0,0.566240198101527,0.8571061719890175,0.8788569896527811,0.8987959358492372,0.8338972183843102,0.8601407461607501,0.8613376835236541,0.8954482898822277,0.7514117838852662
2016_13_MIA_BAL,2016,13,2016-12-04,BAL,MIA,1.0,3.5,-185.0,166.0,0.566240198101527,0.5367306091873808,0.5475722076135415,0.5748363312487191,0.45206871661900266,0.6121492062098972,0.6332518337408314,0.5986957812035764,0.5272486882501399
2016_13_PHI_CIN,2016,13,2016-12-04,CIN,PHI,1.0,1.0,-118.0,107.0,0.566240198101527,0.5463184705986358,0.5839940124712548,0.6088398874644279,0.6167680441071413,0.5245884515974475,0.5284039285250725,0.5416320653896542,0.5604759676693841
2016_13_SF_CHI,2016,13,2016-12-04,CHI,SF,1.0,0.0,107.0,-118.0,0.566240198101527,0.6102674629808439,0.6694833974270286,0.6133504465321307,0.6961734750199021,0.4888179531823974,0.4715960714749275,0.548370484072549,0.4930357139860736
2016_13_BUF_OAK,2016,13,2016-12-04,LV,BUF,1.0,3.0,-150.0,136.0,0.566240198101527,0.5557213376255472,0.5456641918509236,0.5532351469442186,0.5656154511904478,0.5950232719728398,0.5860927152317882,0.5855256215928122,0.5157023311516574
2016_13_NYG_PIT,2016,13,2016-12-04,PIT,NYG,1.0,7.0,-315.0,277.0,0.566240198101527,0.6290896752422731,0.6946420429297577,0.6917476200728074,0.644547314701393,0.722610226019417,0.741037721131946,0.7540144262198922,0.7308717204336508
2016_13_TB_SD,2016,13,2016-12-04,LAC,TB,0.0,3.5,-185.0,166.0,0.566240198101527,0.5590521148022998,0.6156305781770908,0.64128042013708,0.5508001141549179,0.6121492062098972,0.6332518337408314,0.6405733803352713,0.6204657296113456
2016_13_WAS_ARI,2016,13,2016-12-04,ARI,WAS,1.0,2.5,-133.0,120.0,0.566240198101527,0.5662424881827723,0.5291715143603606,0.5673629785849171,0.5696546516656916,0.5776628552687998,0.556697108066971,0.554741549791141,0.5047561772924614
2016_13_CAR_SEA,2016,13,2016-12-04,SEA,CAR,1.0,8.5,-385.0,334.0,0.566240198101527,0.685405908792869,0.6620831471523175,0.673232197018368,0.6186326399434535,0.7635423748617746,0.7750359478640011,0.7831444313477061,0.6920239054900712
2016_13_IND_NYJ,2016,13,2016-12-05,NYJ,IND,0.0,1.0,-123.0,111.0,0.566240198101527,0.5534081282555826,0.5735695718537532,0.5257223213949875,0.5463039353006818,0.5245884515974475,0.537852568752202,0.5215928555671271,0.4780109674354588
2016_14_OAK_KC,2016,14,2016-12-08,KC,LV,1.0,3.5,-199.0,179.0,0.566240198101527,0.6783660806332334,0.5911701689029,0.6049918094204988,0.6005413376164094,0.6121492062098972,0.6499689771835965,0.5955232444595692,0.581340019506747
2016_14_ARI_MIA,2016,14,2016-12-11,MIA,ARI,1.0,-2.0,111.0,-123.0,0.566240198101527,0.46006759870358666,0.5030894927546112,0.4828426527632086,0.47142949746807816,0.4179794827396761,0.46214743124779806,0.4890147995878906,0.46090916281635125
2016_14_CHI_DET,2016,14,2016-12-11,DET,CHI,1.0,7.5,-314.0,276.0,0.566240198101527,0.809358989815452,0.7145253574710697,0.7450416500065661,0.6994312274951909,0.7367279440553297,0.7403802739176241,0.7284193049042587,0.7285704472634951
2016_14_CIN_CLE,2016,14,2016-12-11,CLE,CIN,0.0,-4.0,169.0,-188.0,0.566240198101527,0.2138037216752299,0.3019423014886363,0.3193316930019399,0.23544182318283374,0.3503704941963647,0.36284835962304085,0.36575183211651413,0.24482376121717453
2016_14_DEN_TEN,2016,14,2016-12-11,TEN,DEN,1.0,2.0,-128.0,116.0,0.566240198101527,0.26547506478137395,0.5434545873283236,0.5005249520551998,0.41707082300240594,0.5601084139704019,0.5480494766888677,0.6510142290952975,0.5063486378641986
2016_14_HOU_IND,2016,14,2016-12-11,IND,HOU,0.0,6.5,-270.0,239.0,0.566240198101527,0.6147011607538118,0.6204112601414896,0.6316726179642428,0.5557189873760764,0.7080354764548622,0.7121294639383801,0.6982993666655161,0.661385266039938
2016_14_MIN_JAX,2016,14,2016-12-11,JAX,MIN,0.0,-3.0,153.0,-170.0,0.566240198101527,0.23400808528967476,0.3943089076376288,0.39295714631511147,0.24710551060943145,0.3836126629599991,0.3856591915440651,0.4021848974924752,0.3310410813511698
2016_14_PIT_BUF,2016,14,2016-12-11,BUF,PIT,0.0,-1.0,104.0,-115.0,0.566240198101527,0.5040677664518045,0.5769840918935492,0.5357726331271543,0.5401073362457899,0.4531616085668539,0.478202846975089,0.5370753317841946,0.45865364031893474
2016_14_SD_CAR,2016,14,2016-12-11,CAR,LAC,1.0,1.0,-112.0,102.0,0.566240198101527,0.6825678374265167,0.6333871491670356,0.6190902217699856,0.6047410838621903,0.5245884515974475,0.5162468054034319,0.5719882325257034,0.4972439263448078
2016_14_WAS_PHI,2016,14,2016-12-11,PHI,WAS,0.0,-1.5,109.0,-120.0,0.566240198101527,0.5124204845426541,0.45525299098647715,0.4468937360334946,0.3652379485278862,0.43548934553150925,0.4672897196261682,0.41659094469150254,0.3237995420198122
2016_14_NYJ_SF,2016,14,2016-12-11,SF,NYJ,0.0,3.0,-146.0,132.0,0.566240198101527,0.3987810484725234,0.4638265863206399,0.590968474509988,0.2774954823719537,0.5950232719728398,0.5792858120125872,0.6064635087305515,0.34658241877624824
2016_14_ATL_LA,2016,14,2016-12-11,LA,ATL,0.0,-4.5,186.0,-208.0,0.566240198101527,0.34778449676318923,0.3394897139725766,0.31053107889518256,0.41699544103037695,0.33425656951353344,0.341130604288499,0.35093399160850486,0.47890208152915664
2016_14_NO_TB,2016,14,2016-12-11,TB,NO,1.0,2.0,-128.0,116.0,0.566240198101527,0.6314620282087996,0.5263724823849867,0.5017263191293823,0.4454563874965144,0.5601084139704019,0.5480494766888677,0.5395223618630334,0.4039044409724932
2016_14_SEA_GB,2016,14,2016-12-11,GB,SEA,1.0,-3.0,131.0,-145.0,0.566240198101527,0.3692841677012256,0.47820504043327455,0.495540404578885,0.3776473133940712,0.3836126629599991,0.4224502112251056,0.4544850242872785,0.4245677484939712
2016_14_DAL_NYG,2016,14,2016-12-11,NYG,DAL,1.0,-3.5,166.0,-185.0,0.566240198101527,0.3825579315214156,0.31521876216052586,0.3395051858852539,0.5872685170627856,0.3668332029103104,0.36674816625916873,0.28155629465171245,0.5100165552632276
2016_14_BAL_NE,2016,14,2016-12-12,NE,BAL,1.0,6.0,-248.0,221.0,0.566240198101527,0.7771394949341565,0.7966617885771069,0.807613356609768,0.84577592468271,0.6930202581975409,0.6958254667505769,0.7822017732662009,0.7516252697735909
2016_15_LA_SEA,2016,15,2016-12-15,SEA,LA,1.0,15.0,-1100.0,828.0,0.566240198101527,0.8370270026406703,0.7959713292761709,0.8208404203877402,0.7264342506609477,0.891174750211267,0.8948106591865358,0.8618047504102337,0.7994839418785662
2016_15_MIA_NYJ,2016,15,2016-12-17,NYJ,MIA,0.0,-2.5,131.0,-145.0,0.566240198101527,0.4695931095798529,0.525954092504306,0.5089052860749308,0.636542972524603,0.4006739475407037,0.4224502112251056,0.4116304596972895,0.547490595969809
2016_15_CLE_BUF,2016,15,2016-12-18,BUF,CLE,1.0,10.5,-465.0,397.0,0.566240198101527,0.8753112005215755,0.8671626687375824,0.8490521719199353,0.9592601830113668,0.8113088587707278,0.8035500078232298,0.8514368681985207,0.9530572580524616
2016_15_DET_NYG,2016,15,2016-12-18,NYG,DET,1.0,4.0,-196.0,176.0,0.566240198101527,0.5036723664265726,0.48351066155820394,0.5077441928102542,0.7354116715026559,0.6290024672537351,0.6463391320971134,0.5898127646505478,0.7669398527997344
2016_15_GB_CHI,2016,15,2016-12-18,CHI,GB,0.0,-4.5,201.0,-225.0,0.566240198101527,0.2798428819842166,0.3601257454153133,0.3230223768383219,0.35508720158876084,0.33425656951353344,0.3242703916188576,0.32635344785763243,0.2832764235476806
2016_15_IND_MIN,2016,15,2016-12-18,MIN,IND,0.0,5.0,-239.0,213.0,0.566240198101527,0.6630838293825975,0.6448912631776718,0.6522140295272667,0.47454213965099523,0.6617513533561417,0.6881525568730624,0.6799867834023031,0.6052526297730121
2016_15_JAX_HOU,2016,15,2016-12-18,HOU,JAX,1.0,3.5,-185.0,166.0,0.566240198101527,0.8210734329917896,0.6678826811511358,0.6503003879997187,0.8114018213393516,0.6121492062098972,0.6332518337408314,0.5813476838369757,0.7451448260348472
2016_15_PHI_BAL,2016,15,2016-12-18,BAL,PHI,1.0,5.0,-225.0,201.0,0.566240198101527,0.6384928723111694,0.6581756071736633,0.6842467372945892,0.6872487003576014,0.6617513533561417,0.6757296083811425,0.6676105665069448,0.6681455881494921
2016_15_PIT_CIN,2016,15,2016-12-18,CIN,PIT,0.0,-3.0,140.0,-155.0,0.566240198101527,0.44977662028142507,0.4512685197533152,0.43900735476383956,0.42808075307446364,0.3836126629599991,0.4066985645933015,0.36020468794065996,0.3514828944480271
2016_15_TEN_KC,2016,15,2016-12-18,KC,TEN,0.0,6.0,-242.0,216.0,0.566240198101527,0.8519734754307451,0.7802635575568767,0.7804020792957881,0.7701922364569292,0.6930202581975409,0.690978748012144,0.7453089173969272,0.7448824729275486
2016_15_NO_ARI,2016,15,2016-12-18,ARI,NO,0.0,3.0,-154.0,139.0,0.566240198101527,0.6854110065074717,0.6198008341021952,0.6148518778097217,0.5919035354873995,0.5950232719728398,0.5916792592354435,0.6077718241465284,0.4811356914203921
2016_15_SF_ATL,2016,15,2016-12-18,ATL,SF,1.0,13.5,-900.0,704.0,0.566240198101527,0.8905249485741302,0.8880668970702533,0.8829183897029182,0.9625775228045275,0.8685323333611417,0.8785818358426419,0.893887931758557,0.9487683825997093
2016_15_NE_DEN,2016,15,2016-12-18,DEN,NE,0.0,-3.0,136.0,-150.0,0.566240198101527,0.43052808444544194,0.42682543362437364,0.4091148580399,0.6019801717056784,0.3836126629599991,0.413907284768212,0.369019935045128,0.573846898855835
2016_15_OAK_SD,2016,15,2016-12-18,LAC,LV,0.0,-2.5,116.0,-128.0,0.566240198101527,0.38742372902493755,0.39341395643636823,0.43343047706720594,0.4462316028635448,0.4006739475407037,0.4519505233111322,0.326631691105539,0.4219557888185244
2016_15_TB_DAL,2016,15,2016-12-18,DAL,TB,1.0,7.0,-295.0,260.0,0.566240198101527,0.7024150600849919,0.7446138099358872,0.7421642145314763,0.7519175816376054,0.722610226019417,0.7288949897048731,0.7925060201327739,0.7866152885765713
2016_15_CAR_WAS,2016,15,2016-12-19,WAS,CAR,0.0,7.0,-296.0,261.0,0.566240198101527,0.5414032947076146,0.6519988402555237,0.637077415050292,0.6941901679167616,0.722610226019417,0.7296116239689737,0.7547028979749396,0.7647522554775266
2016_16_NYG_PHI,2016,16,2016-12-22,PHI,NYG,1.0,2.0,-126.0,114.0,0.566240198101527,0.43004646947024033,0.47683270459374794,0.4321019484398171,0.49191417875708576,0.5601084139704019,0.5440238883060285,0.5379240611151698,0.4800967414308709
2016_16_ATL_CAR,2016,16,2016-12-24,CAR,ATL,0.0,-3.0,136.0,-150.0,0.566240198101527,0.548704207591437,0.3644669472392458,0.36544124438910336,0.6520357654876434,0.3836126629599991,0.413907284768212,0.3045370824876828,0.47861170500602335
2016_16_MIA_BUF,2016,16,2016-12-24,BUF,MIA,0.0,4.5,-220.0,197.0,0.566240198101527,0.5777925784175136,0.6438853445628128,0.6386358813560098,0.6279303546343179,0.6455474416682199,0.6712553934662009,0.6703872900254149,0.729795017554633
2016_16_MIN_GB,2016,16,2016-12-24,GB,MIN,1.0,6.0,-265.0,235.0,0.566240198101527,0.679753783149895,0.644227410774679,0.6375261189428999,0.7161882203818039,0.6930202581975409,0.7086409898223908,0.657184334357283,0.7294527107402167
2016_16_NYJ_NE,2016,16,2016-12-24,NE,NYJ,1.0,17.0,-1500.0,1051.0,0.566240198101527,0.894873946135275,0.8472238127542105,0.8808100520416555,0.8803104287921505,0.915995021167387,0.9151868539623641,0.9139814116601396,0.9124151746359038
2016_16_SD_CLE,2016,16,2016-12-24,CLE,LAC,1.0,-4.5,179.0,-199.0,0.566240198101527,0.2883119971975789,0.3584307465978461,0.34782003928577576,0.2964256601331598,0.33425656951353344,0.3500310228164034,0.3878867197159558,0.30004089927279676
2016_16_TEN_JAX,2016,16,2016-12-24,JAX,TEN,1.0,-4.0,175.0,-195.0,0.566240198101527,0.32738646200438254,0.3844701635165989,0.4026705014755146,0.3396183168056259,0.3503704941963647,0.35488721804511275,0.33465587842122235,0.3184450235430496
2016_16_WAS_CHI,2016,16,2016-12-24,CHI,WAS,0.0,-3.0,140.0,-155.0,0.566240198101527,0.3495158025241548,0.4897748046392681,0.47132283935078084,0.3920351469622679,0.3836126629599991,0.4066985645933015,0.44103606148077634,0.3775986415088341
2016_16_IND_OAK,2016,16,2016-12-24,LV,IND,1.0,3.5,-174.0,157.0,0.566240198101527,0.6452825778658946,0.607703716839301,0.5968198424228054,0.6427495312067757,0.6121492062098972,0.6200671122327297,0.635280647475046,0.6755779697811849
2016_16_ARI_SEA,2016,16,2016-12-24,SEA,ARI,0.0,9.0,-380.0,330.0,0.566240198101527,0.7311450778004839,0.7032700537884292,0.6973738844062422,0.6568913551126303,0.7762219931997912,0.7729422894985808,0.7849575922281059,0.7720699925748132
2016_16_SF_LA,2016,16,2016-12-24,LA,SF,0.0,6.0,-253.0,225.0,0.566240198101527,0.7148721326229848,0.6448494630042265,0.5981994173695498,0.5408209143190105,0.6930202581975409,0.6996383748138693,0.6952562257754915,0.5359569686527884
2016_16_TB_NO,2016,16,2016-12-24,NO,TB,1.0,3.0,-170.0,153.0,0.566240198101527,0.5263648205069018,0.5962801317869755,0.6151222201120918,0.4946049378823872,0.5950232719728398,0.6143408084559349,0.5796683688510339,0.4227091484873101
2016_16_CIN_HOU,2016,16,2016-12-24,HOU,CIN,1.0,3.0,-154.0,139.0,0.566240198101527,0.5373164516671705,0.5297671690051171,0.5198538025658751,0.534807389954761,0.5950232719728398,0.5916792592354435,0.5922445387781959,0.5179029282427091
2016_16_BAL_PIT,2016,16,2016-12-25,PIT,BAL,1.0,5.5,-250.0,222.0,0.566240198101527,0.7096660284442302,0.6699518436302033,0.6783463552930228,0.7260895432711296,0.6775844705248072,0.6969696969696969,0.6761830777492694,0.6549508546348136
2016_16_DEN_KC,2016,16,2016-12-25,KC,DEN,1.0,3.5,-190.0,171.0,0.566240198101527,0.671294503170931,0.6365936278137816,0.6362169433170147,0.5993890357603429,0.6121492062098972,0.6397067958752639,0.6403295909618533,0.7069365149415623
2016_16_DET_DAL,2016,16,2016-12-26,DAL,DET,1.0,6.5,-280.0,248.0,0.566240198101527,0.6833333296388721,0.674293932460126,0.6586409040987665,0.6005884953252445,0.7080354764548622,0.7194329592439458,0.7042386718310921,0.576314958168717
2016_17_BAL_CIN,2016,17,2017-01-01,CIN,BAL,1.0,-2.5,125.0,-138.0,0.566240198101527,0.5607537137284038,0.5736378219692113,0.5814477495039081,0.5458332593762324,0.4006739475407037,0.43391066545123064,0.4233872777943546,0.4341308936192664
2016_17_BUF_NYJ,2016,17,2017-01-01,NYJ,BUF,1.0,-3.5,171.0,-190.0,0.566240198101527,0.39326766624892434,0.31444989999765854,0.5469915842932771,0.36670809128730647,0.3668332029103104,0.360293204124736,0.3203978031039,0.2931955913370632
2016_17_CAR_TB,2016,17,2017-01-01,TB,CAR,1.0,3.5,-190.0,171.0,0.566240198101527,0.484244355747998,0.5355793523546923,0.5328671499724428,0.5543507954307381,0.6121492062098972,0.6397067958752639,0.599313987344682,0.5763528645159222
2016_17_CHI_MIN,2016,17,2017-01-01,MIN,CHI,1.0,6.0,-255.0,227.0,0.566240198101527,0.7557638787304318,0.6322229597304747,0.6733371470497554,0.6397600986713583,0.6930202581975409,0.7013921016108003,0.6598927751155359,0.6565812738662842
2016_17_CLE_PIT,2016,17,2017-01-01,PIT,CLE,1.0,3.5,-190.0,171.0,0.566240198101527,0.924023076234488,0.8733588416176113,0.7585371091018586,0.9542188925058583,0.6121492062098972,0.6397067958752639,0.6180770818451125,0.8566998088761898
2016_17_DAL_PHI,2016,17,2017-01-01,PHI,DAL,1.0,6.5,-245.0,218.0,0.566240198101527,0.32334475134963014,0.34688948683497345,0.4704490592227344,0.28059984343777583,0.7080354764548622,0.6930878035761944,0.6532612888723142,0.47730780973265413
2016_17_HOU_TEN,2016,17,2017-01-01,TEN,HOU,1.0,3.0,-164.0,148.0,0.566240198101527,0.4226760076580438,0.520159671402455,0.44979999118984265,0.5514870184759612,0.5950232719728398,0.6063931297709924,0.5914054246725985,0.5267050550959707
2016_17_JAX_IND,2016,17,2017-01-01,IND,JAX,1.0,5.5,-250.0,222.0,0.566240198101527,0.8015445674049106,0.6874134078752187,0.6816641432063433,0.7068320375305819,0.6775844705248072,0.6969696969696969,0.659780766851421,0.660731144205418
2016_17_NE_MIA,2016,17,2017-01-01,MIA,NE,0.0,-7.5,323.0,-372.0,0.566240198101527,0.3093548961165029,0.276894372125675,0.24249293400300695,0.2150717062380601,0.24628924423559645,0.23074365943800232,0.21084034066425086,0.25084624084328083
2016_17_ARI_LA,2016,17,2017-01-01,LA,ARI,0.0,-7.0,252.0,-285.0,0.566240198101527,0.342886285513933,0.31362669528909387,0.27600724323072606,0.29201451144380874,0.2598174415473642,0.277337559429477,0.28149316009431696,0.27873234683122267
2016_17_KC_SD,2016,17,2017-01-01,LAC,KC,0.0,-5.5,210.0,-235.0,0.566240198101527,0.22225280695052108,0.3232561476762763,0.3601666264198276,0.23639238915021465,0.3031876264741681,0.3149976492712741,0.2646153456517676,0.2143210852738514
2016_17_NO_ATL,2016,17,2017-01-01,ATL,NO,1.0,7.5,-350.0,305.0,0.566240198101527,0.7336632801498274,0.714010724674955,0.7015687627388209,0.7004041551826438,0.7367279440553297,0.7590361445783131,0.74792352770461,0.7177642344630958
2016_17_NYG_WAS,2016,17,2017-01-01,WAS,NYG,0.0,10.0,-430.0,369.0,0.566240198101527,0.565838016406046,0.584591075166084,0.5501324105493819,0.48791229428595,0.8001053433172116,0.7918875407389956,0.7706439197312124,0.6222502431245931
2016_17_OAK_DEN,2016,17,2017-01-01,DEN,LV,1.0,1.0,-118.0,107.0,0.566240198101527,0.5194798440877549,0.4550945970894569,0.5457512985955844,0.38135512945274375,0.5245884515974475,0.5284039285250725,0.47709526720139,0.35911084260772275
2016_17_SEA_SF,2016,17,2017-01-01,SF,SEA,0.0,-11.5,423.0,-500.0,0.566240198101527,0.1623270462848557,0.2019662448344413,0.20885946243817638,0.17771078969788467,0.15562105544277396,0.18662519440124417,0.14906358713142603,0.13490943724486174
2016_17_GB_DET,2016,17,2017-01-01,DET,GB,0.0,-3.5,171.0,-190.0,0.566240198101527,0.47438375407447164,0.4535670281717024,0.45453206741686564,0.3588999131779452,0.3668332029103104,0.360293204124736,0.3866051222511402,0.33186355107183513
2017_01_KC_NE,2017,1,2017-09-07,NE,KC,0.0,8.0,-441.0,378.0,0.5674262233843855,0.6837830484326924,0.7317709223050286,0.75152968130732,0.6521392657032388,0.7519596374880306,0.7957704474929974,0.7461611349494313,0.7132392893350357
2017_01_ARI_DET,2017,1,2017-09-10,DET,ARI,1.0,-2.5,106.0,-117.0,0.5674262233843855,0.5040489517546651,0.5085541588157705,0.504429798364601,0.48361906643987784,0.4027806761898908,0.47377843762281124,0.5146063882748574,0.4533345433109114
2017_01_ATL_CHI,2017,1,2017-09-10,CHI,ATL,0.0,-6.5,245.0,-277.0,0.5674262233843855,0.2211509270832053,0.2415500682098641,0.23123170059123527,0.29170784812497214,0.27558719206584703,0.28289498367913557,0.27572798279956046,0.36012634742759253
2017_01_BAL_CIN,2017,1,2017-09-10,CIN,BAL,0.0,2.5,-140.0,127.0,0.5674262233843855,0.6147552017662624,0.637233346080101,0.6451628954359299,0.6565263414362756,0.5797663093712614,0.5697382574399427,0.6011247485670277,0.5694892428647392
2017_01_JAX_HOU,2017,1,2017-09-10,HOU,JAX,0.0,5.5,-225.0,201.0,0.5674262233843855,0.7495599564942373,0.6036668841270949,0.5868786232052929,0.6078059411482176,0.6794483875209091,0.6757296083811425,0.6428368848920625,0.6315607413191561
2017_01_NYJ_BUF,2017,1,2017-09-10,BUF,NYJ,1.0,7.0,-340.0,297.0,0.5674262233843855,0.617377010174161,0.6901288758333701,0.749064671436558,0.6823085495770402,0.7243114889002261,0.75416247625433,0.7361351299897501,0.7908490554589847
2017_01_OAK_TEN,2017,1,2017-09-10,TEN,LV,0.0,2.5,-134.0,121.0,0.5674262233843855,0.4478773645550304,0.5872208469553397,0.556942083325955,0.5959235572206071,0.5797663093712614,0.5586071603727317,0.6264864216960151,0.6364847437507979
2017_01_PHI_WAS,2017,1,2017-09-10,WAS,PHI,0.0,-2.0,113.0,-125.0,0.5674262233843855,0.5555026662135872,0.5845017284391736,0.5990443143965031,0.7269084117861958,0.42011006096349945,0.45801526717557256,0.42027868635808885,0.6142617003629144
2017_01_PIT_CLE,2017,1,2017-09-10,CLE,PIT,0.0,-10.0,385.0,-450.0,0.5674262233843855,0.18891280530245733,0.24200780484607548,0.2107010449356101,0.35322604236439753,0.18733023556265616,0.20128087831655989,0.1879147708177822,0.26083087843892383
2017_01_IND_LA,2017,1,2017-09-10,LA,IND,1.0,3.5,-185.0,166.0,0.5674262233843855,0.3900634526155945,0.31137722730343464,0.40903377331334984,0.41892238494599765,0.6141890793308479,0.6332518337408314,0.5935439873307854,0.6325242011340098
2017_01_CAR_SF,2017,1,2017-09-10,SF,CAR,0.0,-4.5,201.0,-225.0,0.5674262233843855,0.2931997688809653,0.4278221124338992,0.4440230778489547,0.5663244234811317,0.3362222926227788,0.3242703916188576,0.41187552398005417,0.5112137439040203
2017_01_SEA_GB,2017,1,2017-09-10,GB,SEA,1.0,2.5,-134.0,121.0,0.5674262233843855,0.5876328727967317,0.6058354655053496,0.5950771117628207,0.6765205813805193,0.5797663093712614,0.5586071603727317,0.615709705590522,0.6732806040523679
2017_01_NYG_DAL,2017,1,2017-09-10,DAL,NYG,1.0,6.0,-248.0,221.0,0.5674262233843855,0.6332825135495861,0.7126634656044298,0.6988194618402588,0.7372100505527578,0.6948322049171881,0.6958254667505769,0.7392123658675306,0.8061795599886288
2017_01_NO_MIN,2017,1,2017-09-11,MIN,NO,1.0,3.0,-172.0,155.0,0.5674262233843855,0.5737200480440129,0.5534186415962336,0.5535099812019043,0.45598110695596145,0.5970972506086364,0.6172248803827751,0.6168272943319638,0.45457889747130087
2017_01_LAC_DEN,2017,1,2017-09-11,DEN,LAC,1.0,3.0,-145.0,131.0,0.5674262233843855,0.7478547252113497,0.6409543343195465,0.6231431387419353,0.5392131936678014,0.5970972506086364,0.5775497887748944,0.5892438416660206,0.3795711318669934
2017_02_HOU_CIN,2017,2,2017-09-14,CIN,HOU,0.0,5.5,-236.0,211.0,0.5674262233843855,0.6170859410080669,0.6939607438618225,0.7226732006091147,0.6832761664200682,0.6794483875209091,0.6859695689558487,0.7190731577636353,0.722323127609314
2017_02_ARI_IND,2017,2,2017-09-17,IND,ARI,0.0,-7.0,252.0,-285.0,0.5674262233843855,0.4949341525487121,0.5135150273745712,0.48589020397502686,0.5026965868179878,0.26153067577226013,0.277337559429477,0.33465747625966913,0.3523128773123133
2017_02_BUF_CAR,2017,2,2017-09-17,CAR,BUF,1.0,6.5,-280.0,248.0,0.5674262233843855,0.6402453308725987,0.567129371859819,0.5803284376372964,0.5563464260806298,0.7097930685605787,0.7194329592439458,0.6799767823378219,0.619683672984675
2017_02_CHI_TB,2017,2,2017-09-17,TB,CHI,1.0,7.0,-307.0,270.0,0.5674262233843855,0.7507921070927002,0.7540529925978715,0.7736900706158203,0.736172284359823,0.7243114889002261,0.73621103117506,0.7523421785493692,0.7733309627811426
2017_02_CLE_BAL,2017,2,2017-09-17,BAL,CLE,1.0,7.5,-320.0,281.0,0.5674262233843855,0.8256584403520156,0.754091282638284,0.769614884712157,0.8433301969528161,0.7383713066233574,0.7437774524158125,0.7020939242066379,0.8081691139477137
2017_02_MIN_PIT,2017,2,2017-09-17,PIT,MIN,1.0,8.5,-380.0,330.0,0.5674262233843855,0.6969135486478335,0.6763941878484343,0.7552183910392944,0.6720028616120705,0.7650667766749301,0.7729422894985808,0.7768862798358938,0.7372108082755735
2017_02_NE_NO,2017,2,2017-09-17,NO,NE,0.0,-5.5,197.0,-220.0,0.5674262233843855,0.2953356305621015,0.34430986546598547,0.3393307368858281,0.26574487534963753,0.3050602050267991,0.32874460653379906,0.29760672449145376,0.23620362692418986
2017_02_PHI_KC,2017,2,2017-09-17,KC,PHI,1.0,4.0,-199.0,179.0,0.5674262233843855,0.7316573605132058,0.7802398579393296,0.7850493044140413,0.7475620469461537,0.6310039211223201,0.6499689771835965,0.7285456203100444,0.7258314167289143
2017_02_TEN_JAX,2017,2,2017-09-17,JAX,TEN,0.0,-1.0,102.0,-113.0,0.5674262233843855,0.5489635366156432,0.5292973083510826,0.5169647259219017,0.5289657434628475,0.4553243836287709,0.4827086071703758,0.4002659877499816,0.4455112232080056
2017_02_MIA_LAC,2017,2,2017-09-17,LAC,MIA,0.0,3.5,-185.0,166.0,0.5674262233843855,0.44553276593954944,0.49923547455618444,0.573714955833047,0.42450079730059587,0.6141890793308479,0.6332518337408314,0.5691642767393388,0.5230163265487575
2017_02_NYJ_OAK,2017,2,2017-09-17,LV,NYJ,1.0,14.0,-850.0,671.0,0.5674262233843855,0.723295948527131,0.743755612029612,0.7464712359632625,0.7400875370137602,0.8773895499273584,0.8733924168721262,0.8846057419046586,0.9034150321531171
2017_02_DAL_DEN,2017,2,2017-09-17,DEN,DAL,1.0,-2.5,116.0,-128.0,0.5674262233843855,0.5363779290375597,0.46463304649031045,0.4702915172728415,0.5101789618205532,0.4027806761898908,0.4519505233111322,0.3716373494132178,0.5211218786674493
2017_02_SF_SEA,2017,2,2017-09-17,SEA,SF,1.0,13.5,-800.0,638.0,0.5674262233843855,0.8465422198823059,0.8274183119984831,0.8295374656484732,0.8524983007327528,0.8694799231922802,0.8677248677248677,0.8658491405447327,0.861081680363534
2017_02_WAS_LA,2017,2,2017-09-17,LA,WAS,0.0,3.0,-150.0,136.0,0.5674262233843855,0.5080969537739017,0.4703161680312794,0.45004326759995594,0.6239083229949209,0.5970972506086364,0.5860927152317882,0.6311303928185745,0.5756309868967678
2017_02_GB_ATL,2017,2,2017-09-17,ATL,GB,1.0,3.5,-177.0,159.0,0.5674262233843855,0.604144546521509,0.6959176516197046,0.692554108464477,0.6676940962763709,0.6141890793308479,0.6233496049929973,0.661914499584951,0.7168800524526696
2017_02_DET_NYG,2017,2,2017-09-18,NYG,DET,0.0,3.0,-167.0,151.0,0.5674262233843855,0.5493951557252065,0.5189824188727801,0.5347145821143136,0.4691813265081229,0.5970972506086364,0.6108836002739845,0.5586290581724723,0.48471716095760164
2017_03_LA_SF,2017,3,2017-09-21,SF,LA,0.0,-3.0,127.0,-140.0,0.5674262233843855,0.4293426793226236,0.4760117612960516,0.5223735963458591,0.6021085579219876,0.3856906809724459,0.43026174256005734,0.3788908122182218,0.5208633685902506
2017_03_ATL_DET,2017,3,2017-09-24,DET,ATL,0.0,-3.0,151.0,-167.0,0.5674262233843855,0.41727271615855543,0.38798986932270496,0.4054561339950737,0.41205237512865006,0.3856906809724459,0.38911639972601536,0.415678908452181,0.4397114050920757
2017_03_CLE_IND,2017,3,2017-09-24,IND,CLE,1.0,1.0,-116.0,105.0,0.5674262233843855,0.7628372578457947,0.7717233530736439,0.7694665292225537,0.7379751967570671,0.5267499919537767,0.5240193918025562,0.6068522545031969,0.609484562493096
2017_03_DEN_BUF,2017,3,2017-09-24,BUF,DEN,1.0,-3.5,162.0,-180.0,0.5674262233843855,0.4015137074231118,0.5351089409804757,0.5381090477746732,0.5766415442031857,0.3688779322393162,0.37253858435337944,0.44872786961921285,0.4373819275197515
2017_03_HOU_NE,2017,3,2017-09-24,NE,HOU,1.0,13.5,-990.0,761.0,0.5674262233843855,0.8252698367726398,0.8541660435330769,0.8761216568178027,0.7723523513809027,0.8694799231922802,0.8866224945131528,0.8886015237684358,0.8104970568164086
2017_03_MIA_NYJ,2017,3,2017-09-24,NYJ,MIA,1.0,-5.5,200.0,-224.0,0.5674262233843855,0.42320158586547285,0.4399930961390302,0.4659416747659902,0.4267474380892385,0.3050602050267991,0.3253012048192771,0.30529178916044764,0.34348031715745647
2017_03_NO_CAR,2017,3,2017-09-24,CAR,NO,0.0,5.5,-242.0,216.0,0.5674262233843855,0.7066012913389045,0.5822641383828125,0.574793113883886,0.6835446080386011,0.6794483875209091,0.690978748012144,0.6310966867303057,0.7101388443954605
2017_03_NYG_PHI,2017,3,2017-09-24,PHI,NYG,1.0,5.0,-230.0,205.0,0.5674262233843855,0.642677065272392,0.675633169617534,0.6313174871725029,0.6327223780741116,0.6636644460376847,0.6800775569558896,0.6715580767648662,0.6814029386877352
2017_03_PIT_CHI,2017,3,2017-09-24,CHI,PIT,1.0,-7.0,264.0,-300.0,0.5674262233843855,0.1997560230827453,0.2834218994685678,0.25157416511989,0.2193463271891336,0.26153067577226013,0.2680965147453084,0.2712445043960986,0.24222730287741048
2017_03_TB_MIN,2017,3,2017-09-24,MIN,TB,1.0,0.0,-106.0,-104.0,0.5674262233843855,0.5505263564853056,0.6046071015461354,0.5733509393504159,0.5470170536555988,0.49099121355991115,0.5023229882921391,0.5500212942046216,0.5384318724727591
2017_03_SEA_TEN,2017,3,2017-09-24,TEN,SEA,1.0,2.0,-130.0,118.0,0.5674262233843855,0.4080932854921097,0.5308770357652934,0.5084547993187061,0.5865687385231634,0.5622364352402781,0.5520062329567589,0.6054576655712307,0.6217908926446762
2017_03_CIN_GB,2017,3,2017-09-24,GB,CIN,1.0,7.0,-335.0,293.0,0.5674262233843855,0.7393936701163845,0.7039753884757867,0.6929121661741865,0.8356677046490094,0.7243114889002261,0.7516485398646913,0.7370650414882683,0.7908361244561414
2017_03_KC_LAC,2017,3,2017-09-24,LAC,KC,0.0,-3.0,131.0,-145.0,0.5674262233843855,0.21793207561943245,0.28180447171386264,0.31973763358172874,0.2101366676349782,0.3856906809724459,0.4224502112251056,0.31349899092965955,0.3014786736214792
2017_03_OAK_WAS,2017,3,2017-09-24,WAS,LV,1.0,-3.5,166.0,-185.0,0.5674262233843855,0.46796610003175493,0.48496921516892916,0.48424477756094436,0.6345444760089741,0.3688779322393162,0.36674816625916873,0.3427080569209575,0.49058496028807286
2017_03_BAL_JAX,2017,3,2017-09-24,JAX,BAL,1.0,-3.0,146.0,-162.0,0.5674262233843855,0.282583334691951,0.3938469429554107,0.4074872058656557,0.5437586361842378,0.3856906809724459,0.3966571791921516,0.41476483610094067,0.5045030076447379
2017_03_DAL_ARI,2017,3,2017-09-25,ARI,DAL,0.0,-3.0,137.0,-151.0,0.5674262233843855,0.5183438952855012,0.5678989898403602,0.5889466434369353,0.4473513042739583,0.3856906809724459,0.4122390658104357,0.371732946766828,0.41348433808979185
2017_04_BUF_ATL,2017,4,2017-10-01,ATL,BUF,0.0,8.0,-380.0,330.0,0.5674262233843855,0.7646159385093455,0.7781588743822657,0.7753954537449744,0.8485391439117742,0.7519596374880306,0.7729422894985808,0.770755716071939,0.7878862155762116
2017_04_CAR_NE,2017,4,2017-10-01,NE,CAR,0.0,9.0,-450.0,385.0,0.5674262233843855,0.7849834822897395,0.8248306550952961,0.8330967085384212,0.9148013683799667,0.7776860680171258,0.7987191216834401,0.8178293718171777,0.8466846372354938
2017_04_CIN_CLE,2017,4,2017-10-01,CLE,CIN,0.0,-3.0,148.0,-164.0,0.5674262233843855,0.33806627354973107,0.3555590643656534,0.3003565807150953,0.36585163210363897,0.3856906809724459,0.39360687022900764,0.35577848104875076,0.3769584731470555
2017_04_DET_MIN,2017,4,2017-10-01,MIN,DET,0.0,2.5,-155.0,140.0,0.5674262233843855,0.5522867621367646,0.5673595955149427,0.5186452970449514,0.6141786682653307,0.5797663093712614,0.5933014354066986,0.5304915223634492,0.5740167099674736
2017_04_JAX_NYJ,2017,4,2017-10-01,NYJ,JAX,1.0,-4.0,175.0,-195.0,0.5674262233843855,0.589622310445002,0.5129206753481218,0.5313635562348992,0.4362114627792108,0.35237767569315936,0.35488721804511275,0.41426482177571133,0.30996989316148865
2017_04_LA_DAL,2017,4,2017-10-01,DAL,LA,0.0,5.0,-237.0,211.0,0.5674262233843855,0.7801323939000501,0.7730157289038923,0.7894688167965627,0.8447646252038096,0.6636644460376847,0.6862401891869245,0.7069772925904658,0.8119026655036585
2017_04_PIT_BAL,2017,4,2017-10-01,BAL,PIT,0.0,-3.5,166.0,-185.0,0.5674262233843855,0.40095128138578445,0.37266919424554273,0.3628272185529488,0.5060385567085809,0.3688779322393162,0.36674816625916873,0.32308657447835004,0.42648265972366267
2017_04_TEN_HOU,2017,4,2017-10-01,HOU,TEN,1.0,-2.5,126.0,-139.0,0.5674262233843855,0.5456015919588411,0.42445381472189764,0.4100903467238714,0.4458094618552848,0.4027806761898908,0.4320786780923455,0.3282338091757228,0.4671155373619607
2017_04_NYG_TB,2017,4,2017-10-01,TB,NYG,1.0,2.5,-139.0,126.0,0.5674262233843855,0.5973129340674048,0.6644502118636963,0.6438497725369666,0.679030879429555,0.5797663093712614,0.5679213219076544,0.6254370347291146,0.6373635120634903
2017_04_PHI_LAC,2017,4,2017-10-01,LAC,PHI,0.0,1.5,-117.0,106.0,0.5674262233843855,0.36628497053166154,0.48313544991002505,0.5402977505910307,0.4635332810700474,0.5445497629233342,0.5262215623771888,0.5660514453104186,0.5749907738253078
2017_04_SF_ARI,2017,4,2017-10-01,ARI,SF,1.0,6.5,-265.0,235.0,0.5674262233843855,0.8072581367256565,0.7308780379792319,0.7417339248196307,0.7190659883464121,0.7097930685605787,0.7086409898223908,0.6438904516481297,0.6842510776300649
2017_04_OAK_DEN,2017,4,2017-10-01,DEN,LV,1.0,3.5,-185.0,166.0,0.5674262233843855,0.6223453809506017,0.5567686539884779,0.5531206045114642,0.5483399172041465,0.6141890793308479,0.6332518337408314,0.5292205880471669,0.5736877018033019
2017_04_IND_SEA,2017,4,2017-10-01,SEA,IND,1.0,12.5,-750.0,604.0,0.5674262233843855,0.6860914025451672,0.6992377695384329,0.7499474113859603,0.7360017974150861,0.8523593471780551,0.8613376835236541,0.8521236095485084,0.8194852579876951
2017_04_NO_MIA,2017,4,2017-10-01,MIA,NO,0.0,-4.0,176.0,-196.0,0.5674262233843855,0.4657416376922838,0.3757271331782594,0.37101179691015046,0.4731379431817497,0.35237767569315936,0.35366086790288664,0.36050690279412906,0.34725655188448057
2017_04_WAS_KC,2017,4,2017-10-02,KC,WAS,1.0,6.5,-269.0,239.0,0.5674262233843855,0.7721472303987152,0.7678990909906037,0.758427476975569,0.7293146664365154,0.7097930685605787,0.7119235543480806,0.7964937204804226,0.6985630655115742
2017_05_NE_TB,2017,5,2017-10-05,TB,NE,0.0,-3.5,162.0,-180.0,0.5674262233843855,0.3288757448254555,0.3586324649505885,0.3472888985861234,0.3274159861963611,0.3688779322393162,0.37253858435337944,0.36915771380423196,0.2836084061025144
2017_05_ARI_PHI,2017,5,2017-10-08,PHI,ARI,1.0,6.0,-254.0,226.0,0.5674262233843855,0.6245463609765132,0.6122719511990438,0.5661522958029304,0.6396197250866343,0.6948322049171881,0.7005177489763459,0.7306169361383469,0.700982490498588
2017_05_BUF_CIN,2017,5,2017-10-08,CIN,BUF,1.0,3.0,-150.0,136.0,0.5674262233843855,0.46564261507754684,0.5579927165704092,0.57864507901241,0.374366496857151,0.5970972506086364,0.5860927152317882,0.5952405195493337,0.434835411742016
2017_05_CAR_DET,2017,5,2017-10-08,DET,CAR,0.0,2.0,-130.0,118.0,0.5674262233843855,0.598354445393438,0.6078688655192249,0.6262716401436035,0.6285189221194514,0.5622364352402781,0.5520062329567589,0.6097044457906305,0.576834392254616
2017_05_JAX_PIT,2017,5,2017-10-08,PIT,JAX,0.0,7.5,-330.0,289.0,0.5674262233843855,0.8069309469932984,0.7409738847868117,0.7655750584788104,0.7234604639915236,0.7383713066233574,0.7490809359864622,0.7644785938221794,0.7682167900358989
2017_05_LAC_NYG,2017,5,2017-10-08,NYG,LAC,0.0,3.0,-160.0,144.0,0.5674262233843855,0.6628722477415878,0.5939529997579126,0.5965066707017593,0.5710690358476102,0.5970972506086364,0.6002460024600246,0.6005578094433466,0.527941803373409
2017_05_NYJ_CLE,2017,5,2017-10-08,CLE,NYJ,0.0,-1.5,111.0,-122.0,0.5674262233843855,0.31101360009655593,0.4206662790290599,0.38442293282408685,0.376885686943522,0.43763867083508856,0.4630595302657377,0.45941559823479944,0.4712310371350458
2017_05_SF_IND,2017,5,2017-10-08,IND,SF,1.0,-1.0,-106.0,-104.0,0.5674262233843855,0.7455111170821724,0.7031186958585655,0.6562973428852121,0.7559774632345918,0.4553243836287709,0.5023229882921391,0.5029505148093906,0.5754681079578433
2017_05_TEN_MIA,2017,5,2017-10-08,MIA,TEN,1.0,0.0,-113.0,102.0,0.5674262233843855,0.5803766569950142,0.5321987977915918,0.6169503585803939,0.5821402239486776,0.49099121355991115,0.5172913928296243,0.49871416172371585,0.5608130344629911
2017_05_BAL_OAK,2017,5,2017-10-08,LV,BAL,0.0,3.0,-155.0,140.0,0.5674262233843855,0.6551091981261512,0.736354131398063,0.6554369175252271,0.7511605196918373,0.5970972506086364,0.5933014354066986,0.715366683740548,0.7572845262566735
2017_05_SEA_LA,2017,5,2017-10-08,LA,SEA,0.0,2.0,-133.0,120.0,0.5674262233843855,0.40527960749332137,0.3633091091720667,0.3316579016836087,0.4791892721563162,0.5622364352402781,0.556697108066971,0.5496919068883538,0.5852377747236269
2017_05_GB_DAL,2017,5,2017-10-08,DAL,GB,0.0,2.5,-139.0,126.0,0.5674262233843855,0.49604003973667044,0.5254682017327581,0.5255274914021401,0.4761295233945058,0.5797663093712614,0.5679213219076544,0.6025075858312654,0.5447309955815831
2017_05_KC_HOU,2017,5,2017-10-08,HOU,KC,0.0,-2.0,116.0,-128.0,0.5674262233843855,0.29200295801931975,0.36336956397219533,0.3840636468175893,0.33738660400690984,0.42011006096349945,0.4519505233111322,0.3571352862627875,0.44481046120694584
2017_05_MIN_CHI,2017,5,2017-10-09,CHI,MIN,0.0,-3.5,159.0,-177.0,0.5674262233843855,0.3755725765334571,0.42371243638550254,0.3536763754274224,0.4315153488748541,0.3688779322393162,0.37665039500700276,0.3942398947699624,0.3536457060474943
2017_06_PHI_CAR,2017,6,2017-10-12,CAR,PHI,0.0,3.0,-148.0,134.0,0.5674262233843855,0.5472979439825759,0.5441305168665171,0.573533323479331,0.5335866695347843,0.5970972506086364,0.582716381747207,0.6010731004382497,0.5318174700690407
2017_06_CHI_BAL,2017,6,2017-10-15,BAL,CHI,0.0,5.5,-225.0,201.0,0.5674262233843855,0.7412847884591056,0.6900738328575283,0.7394638847081664,0.6730423265436756,0.6794483875209091,0.6757296083811425,0.667674084800384,0.6378060981576898
2017_06_CLE_HOU,2017,6,2017-10-15,HOU,CLE,1.0,7.5,-315.0,277.0,0.5674262233843855,0.8273082315156804,0.8141770072530932,0.7907361791505947,0.767024257526992,0.7383713066233574,0.741037721131946,0.7650395883867835,0.7973929508536223
2017_06_DET_NO,2017,6,2017-10-15,NO,DET,1.0,6.0,-230.0,205.0,0.5674262233843855,0.5528892448496423,0.7192827711933928,0.7148439145968786,0.6479613796504333,0.6948322049171881,0.6800775569558896,0.7324542192655267,0.6661085319212269
2017_06_GB_MIN,2017,6,2017-10-15,MIN,GB,1.0,-3.0,136.0,-150.0,0.5674262233843855,0.4080903718315474,0.386275342259914,0.3391875360750405,0.39854147416640734,0.3856906809724459,0.413907284768212,0.33178588290677063,0.436875913352067
2017_06_MIA_ATL,2017,6,2017-10-15,ATL,MIA,0.0,14.0,-800.0,638.0,0.5674262233843855,0.7764489788005347,0.8710647462280761,0.8709966330559045,0.8770108956051934,0.8773895499273584,0.8677248677248677,0.9024790879706911,0.8889439036287926
2017_06_NE_NYJ,2017,6,2017-10-15,NYJ,NE,0.0,-9.0,346.0,-400.0,0.5674262233843855,0.27421487437316755,0.23175064993898248,0.22235643390505588,0.2854540777755512,0.2101020272300146,0.21891418563922943,0.1772344817116522,0.2787714131996043
2017_06_SF_WAS,2017,6,2017-10-15,WAS,SF,1.0,12.0,-480.0,408.0,0.5674262233843855,0.8273452252165434,0.8252151342888262,0.8157402139979831,0.8540418709932751,0.8431237238793018,0.8078452160084814,0.8546414189408148,0.8427730956281932
2017_06_LA_JAX,2017,6,2017-10-15,JAX,LA,0.0,1.0,-115.0,104.0,0.5674262233843855,0.6238089126025929,0.6962640762788532,0.697731852335485,0.7403660642556185,0.5267499919537767,0.521797153024911,0.5477908207734551,0.6561434116922826
2017_06_TB_ARI,2017,6,2017-10-15,ARI,TB,1.0,-2.5,121.0,-134.0,0.5674262233843855,0.5661650006993271,0.5692505971533163,0.5954088670656708,0.4557707117815086,0.4027806761898908,0.44139283962726833,0.4081235848697734,0.42423242010663587
2017_06_LAC_OAK,2017,6,2017-10-15,LV,LAC,0.0,3.0,-155.0,140.0,0.5674262233843855,0.6604848180240032,0.6288159467823065,0.6645164785347812,0.5308855379673529,0.5970972506086364,0.5933014354066986,0.6409492431212026,0.518342508078736
2017_06_PIT_KC,2017,6,2017-10-15,KC,PIT,0.0,3.5,-170.0,153.0,0.5674262233843855,0.7561370714366252,0.7799092447656271,0.750480669656535,0.7745207005357754,0.6141890793308479,0.6143408084559349,0.7207596565399972,0.744060317703567
2017_06_NYG_DEN,2017,6,2017-10-15,DEN,NYG,0.0,14.0,-700.0,569.0,0.5674262233843855,0.7595495056481605,0.796434519982584,0.7808383728279606,0.8070692899550092,0.8773895499273584,0.8540944738281961,0.8948608434367349,0.8881025174234984
2017_06_IND_TEN,2017,6,2017-10-16,TEN,IND,1.0,7.0,-283.0,250.0,0.5674262233843855,0.5491771310791987,0.5675287381774792,0.6908278709414434,0.537359362335799,0.7243114889002261,0.7211503458318166,0.7177638751874507,0.7870526607558761
2017_07_KC_OAK,2017,7,2017-10-19,LV,KC,1.0,-3.0,140.0,-155.0,0.5674262233843855,0.28787089095582263,0.3479815370762357,0.3734849408960483,0.3395951861878732,0.3856906809724459,0.4066985645933015,0.374057081845676,0.4452314355098562
2017_07_ARI_LA,2017,7,2017-10-22,LA,ARI,1.0,3.0,-164.0,148.0,0.5674262233843855,0.45123803229124426,0.40258154126262136,0.3819536549641978,0.5087660370286908,0.5970972506086364,0.6063931297709924,0.5891075036442571,0.5220871924720895
2017_07_BAL_MIN,2017,7,2017-10-22,MIN,BAL,1.0,5.0,-220.0,197.0,0.5674262233843855,0.6713360803882392,0.6951451180848196,0.6693179275305752,0.5644619253930842,0.6636644460376847,0.6712553934662009,0.6924159987686058,0.6266572256832175
2017_07_CAR_CHI,2017,7,2017-10-22,CHI,CAR,1.0,-2.5,126.0,-139.0,0.5674262233843855,0.34661501959250446,0.40807284065492316,0.36000806315496725,0.2890158158649099,0.4027806761898908,0.4320786780923455,0.4124030888947158,0.3067274727863322
2017_07_JAX_IND,2017,7,2017-10-22,IND,JAX,0.0,-3.0,141.0,-156.0,0.5674262233843855,0.5345469090363589,0.4893570119845734,0.4770445570692875,0.6778825326302268,0.3856906809724459,0.4050889296790936,0.4267924419306109,0.6274610377651193
2017_07_NO_GB,2017,7,2017-10-22,GB,NO,0.0,-3.5,171.0,-190.0,0.5674262233843855,0.6193999806668972,0.604688107114836,0.3747938925460783,0.5774282139202737,0.3688779322393162,0.360293204124736,0.4413240814838057,0.4365021270417835
2017_07_NYJ_MIA,2017,7,2017-10-22,MIA,NYJ,1.0,3.0,-160.0,144.0,0.5674262233843855,0.6252206987869802,0.6103923497431724,0.6157858167284094,0.5799302494972749,0.5970972506086364,0.6002460024600246,0.6386374243923965,0.5899005482791772
2017_07_TB_BUF,2017,7,2017-10-22,BUF,TB,1.0,3.0,-166.0,150.0,0.5674262233843855,0.6488464731562394,0.727862166933837,0.7312605720246904,0.4812212708057108,0.5970972506086364,0.6093979441997063,0.7032483692384897,0.4461971138281429
2017_07_TEN_CLE,2017,7,2017-10-22,CLE,TEN,0.0,-5.5,205.0,-230.0,0.5674262233843855,0.2925462966775221,0.3471616233507339,0.2840827342181129,0.30453713874777233,0.3050602050267991,0.3199224430441105,0.2874121758945604,0.29352350209018346
2017_07_DAL_SF,2017,7,2017-10-22,SF,DAL,0.0,-6.5,235.0,-265.0,0.5674262233843855,0.23240425920179447,0.24193426964022252,0.24494585541330796,0.21010711346095215,0.27558719206584703,0.29135901017760923,0.2164192428242251,0.17178474439249694
2017_07_CIN_PIT,2017,7,2017-10-22,PIT,CIN,1.0,4.0,-199.0,179.0,0.5674262233843855,0.7035925680249158,0.5331712280349159,0.5335374736287606,0.596343057351959,0.6310039211223201,0.6499689771835965,0.5526318079735534,0.6206408452239007
2017_07_DEN_LAC,2017,7,2017-10-22,LAC,DEN,1.0,-1.0,-105.0,-105.0,0.5674262233843855,0.4015438507626751,0.4832121550584858,0.5074986534146182,0.5070784056386176,0.4553243836287709,0.5,0.47850672046095527,0.460932584277679
2017_07_SEA_NYG,2017,7,2017-10-22,NYG,SEA,0.0,-4.0,186.0,-208.0,0.5674262233843855,0.4242279565417597,0.3650085915067849,0.3732459477396043,0.3669135705769596,0.35237767569315936,0.341130604288499,0.33913401556239536,0.299837949518215
2017_07_ATL_NE,2017,7,2017-10-22,NE,ATL,1.0,3.0,-150.0,136.0,0.5674262233843855,0.6722813025489043,0.6339099172702365,0.6414610910551629,0.6859224317644164,0.5970972506086364,0.5860927152317882,0.6169402050912955,0.6343713964407232
2017_07_WAS_PHI,2017,7,2017-10-23,PHI,WAS,1.0,5.0,-225.0,201.0,0.5674262233843855,0.6683257751942244,0.6559293852387492,0.6309049684396159,0.52552386688546,0.6636644460376847,0.6757296083811425,0.6889528828962272,0.6042099504496208
2017_08_MIA_BAL,2017,8,2017-10-26,BAL,MIA,1.0,3.0,-156.0,141.0,0.5674262233843855,0.50088008780724,0.5412805835484479,0.5254585713352041,0.5894559334074571,0.5970972506086364,0.5949110703209063,0.5622678973720054,0.550480512856637
2017_08_ATL_NYJ,2017,8,2017-10-29,NYJ,ATL,0.0,-6.5,248.0,-280.0,0.5674262233843855,0.3521980445965711,0.34970823000757534,0.33883453924511203,0.4210841794867166,0.27558719206584703,0.2805670407560544,0.2670951196351963,0.38927862631614796
2017_08_CAR_TB,2017,8,2017-10-29,TB,CAR,0.0,1.5,-123.0,111.0,0.5674262233843855,0.5128424093562474,0.5381486130916023,0.5235331536135586,0.6653819609592987,0.5445497629233342,0.537852568752202,0.5298799005600824,0.6074400574069055
2017_08_CHI_NO,2017,8,2017-10-29,NO,CHI,1.0,7.5,-350.0,305.0,0.5674262233843855,0.7782934151590647,0.7938728349487132,0.8269220406379549,0.8735813019693597,0.7383713066233574,0.7590361445783131,0.7548124928286789,0.8036167115467721
2017_08_IND_CIN,2017,8,2017-10-29,CIN,IND,1.0,11.0,-500.0,423.0,0.5674262233843855,0.6935272811187679,0.7536536084945323,0.7972210801434232,0.7777013277561063,0.8232487451518796,0.8133748055987559,0.8410531292168297,0.8471243795198007
2017_08_LAC_NE,2017,8,2017-10-29,NE,LAC,1.0,6.5,-272.0,241.0,0.5674262233843855,0.8440698787612234,0.8187508334674409,0.8119786514384871,0.824541552215743,0.7097930685605787,0.7137404580152672,0.764542765617042,0.7463261496020379
2017_08_OAK_BUF,2017,8,2017-10-29,BUF,LV,1.0,2.5,-128.0,116.0,0.5674262233843855,0.6440416425522939,0.5722162661302623,0.5679986860060134,0.6434046800570078,0.5797663093712614,0.5480494766888677,0.5317955035903976,0.6109630620129448
2017_08_SF_PHI,2017,8,2017-10-29,PHI,SF,1.0,13.0,-750.0,604.0,0.5674262233843855,0.9003241931399756,0.8656194905875969,0.8664183347160347,0.9442114541567193,0.8611407992135968,0.8613376835236541,0.8772120092717064,0.9300934538863607
2017_08_HOU_SEA,2017,8,2017-10-29,SEA,HOU,1.0,6.0,-250.0,222.0,0.5674262233843855,0.7127922131426215,0.6417989028527868,0.6601830629941231,0.689436303987563,0.6948322049171881,0.6969696969696969,0.6806198371385555,0.6669837550753288
2017_08_DAL_WAS,2017,8,2017-10-29,WAS,DAL,0.0,-3.0,151.0,-167.0,0.5674262233843855,0.4909946141267902,0.4081201523986574,0.4145417791837771,0.5094176078717845,0.3856906809724459,0.38911639972601536,0.310320623491406,0.42787008259636217
2017_08_PIT_DET,2017,8,2017-10-29,DET,PIT,0.0,-3.0,153.0,-170.0,0.5674262233843855,0.44132494448250564,0.552471463714556,0.5541717850029011,0.4866070026459391,0.3856906809724459,0.3856591915440651,0.4895398562788522,0.4171038647303087
2017_08_MIN_CLE,2017,8,2017-10-29,CLE,MIN,0.0,-11.0,408.0,-480.0,0.5674262233843855,0.14022691384434977,0.19259156340786274,0.19838544250661622,0.1558728624102606,0.16650628787284263,0.1921547839915187,0.15436552337843049,0.09373609945406607
2017_08_DEN_KC,2017,8,2017-10-30,KC,DEN,1.0,7.0,-310.0,273.0,0.5674262233843855,0.7719929671354068,0.7992668313809758,0.7876776271037514,0.8410347670443483,0.7243114889002261,0.7382366085679627,0.8089358207561942,0.8306068745490068
2017_09_BUF_NYJ,2017,9,2017-11-02,NYJ,BUF,1.0,-3.0,158.0,-175.0,0.5674262233843855,0.3856263526548679,0.37596036351278783,0.3830311033336517,0.34596773474971687,0.3856906809724459,0.3785271851342051,0.3379919548831946,0.3535966801870719
2017_09_ATL_CAR,2017,9,2017-11-05,CAR,ATL,1.0,-3.0,134.0,-148.0,0.5674262233843855,0.4540632906455473,0.39569374021205733,0.39484008978813817,0.4206278697479833,0.3856906809724459,0.4172836182527931,0.3357703547728841,0.5019936834034904
2017_09_BAL_TEN,2017,9,2017-11-05,TEN,BAL,1.0,3.0,-172.0,155.0,0.5674262233843855,0.5228718926118433,0.6024016688448842,0.6131613743435239,0.6641081271160181,0.5970972506086364,0.6172248803827751,0.6523094777419335,0.6275306717860233
2017_09_CIN_JAX,2017,9,2017-11-05,JAX,CIN,1.0,6.0,-230.0,205.0,0.5674262233843855,0.5660021249204673,0.6689842017557239,0.6231482873500349,0.7347678191342182,0.6948322049171881,0.6800775569558896,0.6961578351083407,0.7054084774505487
2017_09_DEN_PHI,2017,9,2017-11-05,PHI,DEN,1.0,7.0,-300.0,264.0,0.5674262233843855,0.7236085593434753,0.7895725656425808,0.7933438685661331,0.9062017116349518,0.7243114889002261,0.7319034852546917,0.8005350853808741,0.8634314934091291
2017_09_IND_HOU,2017,9,2017-11-05,HOU,IND,0.0,6.0,-253.0,225.0,0.5674262233843855,0.7094971113135963,0.7119401001295792,0.6191067497921017,0.7221632903380909,0.6948322049171881,0.6996383748138693,0.6552893407531761,0.6140925476903687
2017_09_LA_NYG,2017,9,2017-11-05,NYG,LA,0.0,-5.5,220.0,-247.0,0.5674262233843855,0.4967821970319179,0.4915625787640991,0.5509322784450071,0.5426408896173767,0.3050602050267991,0.3050817654299279,0.3355130592402236,0.38096746962683864
2017_09_TB_NO,2017,9,2017-11-05,NO,TB,1.0,7.0,-300.0,264.0,0.5674262233843855,0.770453298685617,0.7544955376244438,0.7651169854217245,0.6641801141177813,0.7243114889002261,0.7319034852546917,0.7351472314383999,0.6841169738614828
2017_09_ARI_SF,2017,9,2017-11-05,SF,ARI,0.0,-2.5,118.0,-130.0,0.5674262233843855,0.3037000818662648,0.31001662617801173,0.3944619872580735,0.3862695937623594,0.4027806761898908,0.4479937670432412,0.3650500673613536,0.455769855588796
2017_09_WAS_SEA,2017,9,2017-11-05,SEA,WAS,0.0,8.0,-390.0,338.0,0.5674262233843855,0.7398494444926887,0.7321214505742526,0.7392758746312555,0.737363425498291,0.7519596374880306,0.7770903466472567,0.766656019872458,0.8066439395610001
2017_09_KC_DAL,2017,9,2017-11-05,DAL,KC,1.0,2.0,-128.0,116.0,0.5674262233843855,0.4354574395641876,0.5782188043133323,0.5856708638273976,0.5645089987964304,0.5622364352402781,0.5480494766888677,0.591843069710066,0.5870647354463085
2017_09_OAK_MIA,2017,9,2017-11-05,MIA,LV,0.0,-3.0,140.0,-155.0,0.5674262233843855,0.5733923468118236,0.5315868950852981,0.5335115642603735,0.4774774451185055,0.3856906809724459,0.4066985645933015,0.4083173890715077,0.42599161263437735
2017_09_DET_GB,2017,9,2017-11-06,GB,DET,0.0,-2.5,118.0,-130.0,0.5674262233843855,0.6492740928787537,0.7324261191696353,0.6230195476846064,0.6926512465618745,0.4027806761898908,0.4479937670432412,0.5128857630189296,0.5326823211471523
2017_10_SEA_ARI,2017,10,2017-11-09,ARI,SEA,0.0,-6.0,218.0,-245.0,0.5674262233843855,0.40510710421353163,0.39445742153382796,0.3418616970601597,0.4159960908233926,0.29010241376625684,0.3069121964238057,0.2915820618079418,0.3236222987596898
2017_10_CIN_TEN,2017,10,2017-11-12,TEN,CIN,1.0,4.5,-220.0,197.0,0.5674262233843855,0.5929231273454045,0.5934514727471866,0.5869666555569888,0.5605307775857011,0.647506510813232,0.6712553934662009,0.646160229431454,0.6459008798484261
2017_10_CLE_DET,2017,10,2017-11-12,DET,CLE,1.0,10.5,-450.0,385.0,0.5674262233843855,0.8835506605983058,0.7977465275192182,0.8297692382413968,0.8990959569670205,0.8125924986339865,0.7987191216834401,0.8170972906795431,0.9246475495174479
2017_10_GB_CHI,2017,10,2017-11-12,CHI,GB,0.0,4.5,-225.0,201.0,0.5674262233843855,0.3974844825172607,0.4616177460679552,0.5169849226494686,0.3440815857273848,0.647506510813232,0.6757296083811425,0.6186385095559922,0.5842946861744017
2017_10_LAC_JAX,2017,10,2017-11-12,JAX,LAC,1.0,5.0,-220.0,197.0,0.5674262233843855,0.632287792712356,0.621331045982148,0.580689506898552,0.5609221994738278,0.6636644460376847,0.6712553934662009,0.6198339195129339,0.5966706915979242
2017_10_MIN_WAS,2017,10,2017-11-12,WAS,MIN,0.0,-1.0,-106.0,-104.0,0.5674262233843855,0.47293157758483206,0.4161380622324866,0.4525215976075678,0.42432614743030117,0.4553243836287709,0.5023229882921391,0.41306691617426783,0.40165802632177156
2017_10_NO_BUF,2017,10,2017-11-12,BUF,NO,0.0,-2.0,116.0,-128.0,0.5674262233843855,0.4498732904486311,0.5015582633440713,0.48471817717470567,0.40544138133976443,0.42011006096349945,0.4519505233111322,0.4903833375008895,0.40237097924083953
2017_10_NYJ_TB,2017,10,2017-11-12,TB,NYJ,1.0,1.0,-125.0,113.0,0.5674262233843855,0.5067052928690771,0.5205263215924629,0.5152440660075425,0.6219205596177079,0.5267499919537767,0.5419847328244275,0.5250232603890125,0.6140797727449132
2017_10_PIT_IND,2017,10,2017-11-12,IND,PIT,0.0,-10.5,400.0,-470.0,0.5674262233843855,0.27474561137724973,0.30109921948423074,0.2635977660047207,0.41593927047268847,0.17667742724306854,0.1952054794520548,0.18405004128899397,0.2310617975918063
2017_10_HOU_LA,2017,10,2017-11-12,LA,HOU,1.0,12.0,-650.0,534.0,0.5674262233843855,0.6808414078477185,0.6950265312888012,0.7261926591407589,0.725267831019948,0.8431237238793018,0.8460275097515911,0.8635126606771647,0.8440438458402315
2017_10_DAL_ATL,2017,10,2017-11-12,ATL,DAL,1.0,3.5,-185.0,166.0,0.5674262233843855,0.5399124352169362,0.5209652869048246,0.5482881463437249,0.5573830728376664,0.6141890793308479,0.6332518337408314,0.5826730743046424,0.6444646112718978
2017_10_NYG_SF,2017,10,2017-11-12,SF,NYG,1.0,-3.0,146.0,-162.0,0.5674262233843855,0.3378233021088698,0.44451638919352504,0.38566813012145207,0.5252411488505329,0.3856906809724459,0.3966571791921516,0.3794357393137291,0.46825745078544256
2017_10_NE_DEN,2017,10,2017-11-12,DEN,NE,0.0,-7.0,245.0,-277.0,0.5674262233843855,0.25115455953477417,0.21349514647699158,0.2042880247422132,0.3469793884318639,0.26153067577226013,0.28289498367913557,0.19521206598072743,0.34167176994268295
2017_10_MIA_CAR,2017,10,2017-11-13,CAR,MIA,1.0,8.0,-365.0,318.0,0.5674262233843855,0.6933371905135889,0.7024327956772295,0.705925711137974,0.8088960780916609,0.7519596374880306,0.7664138242829156,0.7364319557886742,0.7969877815448212
2017_11_TEN_PIT,2017,11,2017-11-16,PIT,TEN,1.0,7.0,-315.0,277.0,0.5674262233843855,0.7529449437762233,0.7207865477372635,0.7260788251035236,0.7164536652778877,0.7243114889002261,0.741037721131946,0.7402949187190627,0.7595790251213375
2017_11_ARI_HOU,2017,11,2017-11-19,HOU,ARI,1.0,2.5,-130.0,118.0,0.5674262233843855,0.5374674662472406,0.5697608061757249,0.588343253410131,0.5515895804243458,0.5797663093712614,0.5520062329567589,0.5711765944581291,0.5198965485660542
2017_11_BAL_GB,2017,11,2017-11-19,GB,BAL,0.0,-2.5,121.0,-134.0,0.5674262233843855,0.6562957272176522,0.5906307522341551,0.4958437383017096,0.5680234390678188,0.4027806761898908,0.44139283962726833,0.44370328454384006,0.40882082285284793
2017_11_DET_CHI,2017,11,2017-11-19,CHI,DET,0.0,-3.0,140.0,-155.0,0.5674262233843855,0.3510202809138758,0.3807918100142451,0.34236069587183693,0.3242306702517498,0.3856906809724459,0.4066985645933015,0.3651991765798749,0.3344823719365907
2017_11_JAX_CLE,2017,11,2017-11-19,CLE,JAX,0.0,-7.5,273.0,-310.0,0.5674262233843855,0.2073205493176767,0.2585982584198631,0.254459682807314,0.16941105840265142,0.24794572620309738,0.2617633914320373,0.26094110786674857,0.16663627415443144
2017_11_KC_NYG,2017,11,2017-11-19,NYG,KC,1.0,-10.0,338.0,-390.0,0.5674262233843855,0.22445406516203634,0.21937494685493414,0.24378428974501568,0.20000115187983106,0.18733023556265616,0.22290965335274313,0.14954251917034625,0.10149265077930394
2017_11_LA_MIN,2017,11,2017-11-19,MIN,LA,1.0,1.0,-117.0,106.0,0.5674262233843855,0.6066063166754834,0.6210757157775522,0.6274167483213121,0.7015766766010322,0.5267499919537767,0.5262215623771888,0.5828505779589879,0.7448980443553525
2017_11_TB_MIA,2017,11,2017-11-19,MIA,TB,0.0,-1.0,108.0,-119.0,0.5674262233843855,0.5588298253523558,0.57070278200835,0.5768563310251752,0.4837771841180637,0.4553243836287709,0.46943325045014145,0.541123605445378,0.4282449162200466
2017_11_WAS_NO,2017,11,2017-11-19,NO,WAS,1.0,9.5,-360.0,314.0,0.5674262233843855,0.76989276432083,0.8220838993275729,0.8211122198173606,0.8296775115681505,0.7898137437852388,0.7641509433962264,0.8249779031804997,0.8237880864189954
2017_11_BUF_LAC,2017,11,2017-11-19,LAC,BUF,1.0,7.0,-300.0,264.0,0.5674262233843855,0.5023655962892896,0.5799789954044888,0.6690658983635538,0.5763957809409608,0.7243114889002261,0.7319034852546917,0.7006925697200943,0.7418805581875441
2017_11_CIN_DEN,2017,11,2017-11-19,DEN,CIN,0.0,2.5,-155.0,140.0,0.5674262233843855,0.5931525703211831,0.5195985428614819,0.4819993437814554,0.4160841608691413,0.5797663093712614,0.5933014354066986,0.5396621576715994,0.45598183211812293
2017_11_NE_OAK,2017,11,2017-11-19,LV,NE,0.0,-7.0,256.0,-290.0,0.5674262233843855,0.1914921262146511,0.28797292910603234,0.2936899921029575,0.20035038614329037,0.26153067577226013,0.27418447694038245,0.3051575729611069,0.2275576368710207
2017_11_PHI_DAL,2017,11,2017-11-19,DAL,PHI,0.0,-6.0,208.0,-233.0,0.5674262233843855,0.5046075166242981,0.4196821085947217,0.43922275155019225,0.5729992899964186,0.29010241376625684,0.31694966877331915,0.28843703196168874,0.44091699000467205
2017_11_ATL_SEA,2017,11,2017-11-20,SEA,ATL,0.0,1.0,-114.0,103.0,0.5674262233843855,0.5446596167405948,0.5771985541535537,0.5776244600924667,0.5710830897259237,0.5267499919537767,0.5195545777019441,0.5260763769976353,0.5153334827146239
2017_12_MIN_DET,2017,12,2017-11-23,DET,MIN,0.0,-2.5,122.0,-135.0,0.5674262233843855,0.4927452855475029,0.4630554050944518,0.49584261790444323,0.536816082770276,0.4027806761898908,0.43949878436506445,0.39989035229347397,0.4924956772617918
2017_12_LAC_DAL,2017,12,2017-11-23,DAL,LAC,0.0,-1.0,106.0,-117.0,0.5674262233843855,0.6639269407558344,0.6655345811418344,0.6443270584934178,0.7435930119345318,0.4553243836287709,0.47377843762281124,0.5652247784556729,0.6555875452885666
2017_12_NYG_WAS,2017,12,2017-11-23,WAS,NYG,1.0,7.0,-310.0,273.0,0.5674262233843855,0.6554742303441707,0.6740892631007273,0.66128628981797,0.63935961074307,0.7243114889002261,0.7382366085679627,0.6998314227688558,0.6689155238314581
2017_12_BUF_KC,2017,12,2017-11-26,KC,BUF,0.0,8.5,-350.0,305.0,0.5674262233843855,0.7740438572347573,0.7792581005135486,0.7258314105841797,0.8500510367071208,0.7650667766749301,0.7590361445783131,0.7978791806927439,0.8476946443101517
2017_12_CAR_NYJ,2017,12,2017-11-26,NYJ,CAR,0.0,-5.5,216.0,-242.0,0.5674262233843855,0.4036242038826943,0.4451704725084033,0.4480167042067228,0.5141392167158289,0.3050602050267991,0.309021251987856,0.3296751811305725,0.34595790335843946
2017_12_CHI_PHI,2017,12,2017-11-26,PHI,CHI,1.0,14.0,-750.0,604.0,0.5674262233843855,0.8696452486908364,0.8686537435976754,0.8736845146122636,0.9067350618111328,0.8773895499273584,0.8613376835236541,0.8894769232490193,0.9489587559282416
2017_12_CLE_CIN,2017,12,2017-11-26,CIN,CLE,1.0,7.5,-315.0,277.0,0.5674262233843855,0.8389738615363792,0.8067140570222405,0.850750282153125,0.8810522962478085,0.7383713066233574,0.741037721131946,0.7937540737846427,0.8488568930389164
2017_12_MIA_NE,2017,12,2017-11-26,NE,MIA,1.0,17.0,-1300.0,894.0,0.5674262233843855,0.9014229734053193,0.8896268316661116,0.8859914390982353,0.9753832201154455,0.9166259711796093,0.9022482893450635,0.9176529105236124,0.9749025016162357
2017_12_TB_ATL,2017,12,2017-11-26,ATL,TB,1.0,10.5,-470.0,400.0,0.5674262233843855,0.7784400066717865,0.7706962185624486,0.7845197839469137,0.6227778418852707,0.8125924986339865,0.8047945205479452,0.8281449976469144,0.7855800922881531
2017_12_TEN_IND,2017,12,2017-11-26,IND,TEN,0.0,-3.0,157.0,-174.0,0.5674262233843855,0.467301775619131,0.5248809827874501,0.48205790246757574,0.5177197908322225,0.3856906809724459,0.37993288776727036,0.41952823207308076,0.46485051483561135
2017_12_SEA_SF,2017,12,2017-11-26,SF,SEA,0.0,-7.0,252.0,-285.0,0.5674262233843855,0.18931077769462842,0.29259319515902604,0.2563285550572324,0.3795348832280263,0.26153067577226013,0.277337559429477,0.2793963397005679,0.32796945121629956
2017_12_DEN_OAK,2017,12,2017-11-26,LV,DEN,1.0,3.5,-208.0,186.0,0.5674262233843855,0.6013935404466522,0.6494823261312408,0.6469047739042332,0.6808684939731195,0.6141890793308479,0.658869395711501,0.6899448945679743,0.7854430634741566
2017_12_JAX_ARI,2017,12,2017-11-26,ARI,JAX,1.0,-6.5,231.0,-260.0,0.5674262233843855,0.4456623289893782,0.449744737232881,0.42487821708837664,0.41374395404647957,0.27558719206584703,0.2949369162706865,0.33308518369310763,0.29396245548124667
2017_12_NO_LA,2017,12,2017-11-26,LA,NO,1.0,2.5,-145.0,131.0,0.5674262233843855,0.41337692115641284,0.4172080084455719,0.3971048222068555,0.4998398069604611,0.5797663093712614,0.5775497887748944,0.5762581738911068,0.5754251469287094
2017_12_GB_PIT,2017,12,2017-11-26,PIT,GB,1.0,14.0,-900.0,704.0,0.5674262233843855,0.7539336678690322,0.7686184276318131,0.8401267587130556,0.8346666000264772,0.8773895499273584,0.8785818358426419,0.8809113690212673,0.8976117324191049
2017_12_HOU_BAL,2017,12,2017-11-27,BAL,HOU,1.0,7.5,-357.0,311.0,0.5674262233843855,0.6576324308736005,0.6566005389527136,0.7207780876076267,0.632794881193026,0.7383713066233574,0.7625073404459873,0.7556513020677751,0.8107047145835886
2017_13_WAS_DAL,2017,13,2017-11-30,DAL,WAS,1.0,-1.5,108.0,-119.0,0.5674262233843855,0.5946698986753317,0.5890795663506979,0.5769408358118238,0.44653735414625534,0.43763867083508856,0.46943325045014145,0.5226324239432638,0.3708793168355833
2017_13_DEN_MIA,2017,13,2017-12-03,MIA,DEN,1.0,-1.0,106.0,-117.0,0.5674262233843855,0.5269143147752314,0.5622937490152271,0.5216434943192629,0.6026306403397953,0.4553243836287709,0.47377843762281124,0.5284596953387211,0.4980737836503618
2017_13_DET_BAL,2017,13,2017-12-03,BAL,DET,1.0,2.5,-129.0,117.0,0.5674262233843855,0.5711938922689107,0.5357683933141665,0.5363151418814921,0.6164686137732597,0.5797663093712614,0.5500363507751557,0.5321389293171459,0.5466697373411251
2017_13_HOU_TEN,2017,13,2017-12-03,TEN,HOU,1.0,7.0,-285.0,252.0,0.5674262233843855,0.6271419041596005,0.5881785316692231,0.6537486809774883,0.6379572250573292,0.7243114889002261,0.722662440570523,0.7229625731765608,0.8164037602320647
2017_13_IND_JAX,2017,13,2017-12-03,JAX,IND,1.0,10.0,-440.0,377.0,0.5674262233843855,0.7246315631056017,0.7131287684939698,0.7231368870560968,0.8142992031523231,0.8014487408094888,0.7953615279672579,0.7602194887726713,0.8369271672464701
2017_13_KC_NYJ,2017,13,2017-12-03,NYJ,KC,1.0,-3.5,171.0,-190.0,0.5674262233843855,0.3408338685593211,0.39984863224907546,0.3961142041512336,0.35864862647733076,0.3688779322393162,0.360293204124736,0.33243459810571974,0.3236204422900414
2017_13_MIN_ATL,2017,13,2017-12-03,ATL,MIN,0.0,2.0,-121.0,110.0,0.5674262233843855,0.5930260488841986,0.6062972751601318,0.6452379924089029,0.6094570491767929,0.5622364352402781,0.534834771627026,0.6023704794931226,0.609051832928038
2017_13_NE_BUF,2017,13,2017-12-03,BUF,NE,0.0,-7.5,285.0,-325.0,0.5674262233843855,0.23515633399964894,0.2203549994732229,0.22455597681733477,0.2957205290252645,0.24794572620309738,0.25354213273676357,0.22619351771077745,0.3356021399751094
2017_13_SF_CHI,2017,13,2017-12-03,CHI,SF,0.0,2.5,-138.0,125.0,0.5674262233843855,0.6957623736711627,0.664839408782636,0.5593319392199858,0.591012456768703,0.5797663093712614,0.5660893345487694,0.6335868617714221,0.5060250065113416
2017_13_TB_GB,2017,13,2017-12-03,GB,TB,1.0,3.0,-162.0,146.0,0.5674262233843855,0.6229701605612249,0.6555778148782088,0.5582647251469158,0.6754650919068135,0.5970972506086364,0.6033428208078484,0.6370542210582363,0.6332919604181921
2017_13_CLE_LAC,2017,13,2017-12-03,LAC,CLE,1.0,13.5,-754.0,607.0,0.5674262233843855,0.8874680680494849,0.8821068069972682,0.9038344908540551,0.9778559887901878,0.8694799231922802,0.8619190981732576,0.8958404613568723,0.9638511635305762
2017_13_CAR_NO,2017,13,2017-12-03,NO,CAR,1.0,5.5,-248.0,221.0,0.5674262233843855,0.6289899305959658,0.6567561550138284,0.6622455326201288,0.6472689834016979,0.6794483875209091,0.6958254667505769,0.6643178361997232,0.7079129680735904
2017_13_LA_ARI,2017,13,2017-12-03,ARI,LA,0.0,-7.5,273.0,-310.0,0.5674262233843855,0.4128625369248813,0.38672318075871925,0.36568815633691065,0.3571310883027434,0.24794572620309738,0.2617633914320373,0.2263865979316463,0.2702638511533585
2017_13_NYG_OAK,2017,13,2017-12-03,LV,NYG,1.0,10.0,-450.0,385.0,0.5674262233843855,0.6891382511037291,0.7263506359902043,0.7459617365193308,0.7330771408639539,0.8014487408094888,0.7987191216834401,0.8331547371717598,0.7432772943559975
2017_13_PHI_SEA,2017,13,2017-12-03,SEA,PHI,1.0,-3.5,171.0,-190.0,0.5674262233843855,0.46107190579216134,0.46193379031339826,0.5037102871791984,0.5005240871123043,0.3688779322393162,0.360293204124736,0.3983729499625367,0.41469835431520385
2017_13_PIT_CIN,2017,13,2017-12-04,CIN,PIT,0.0,-4.5,191.0,-213.0,0.5674262233843855,0.31320090150779156,0.4135165348383241,0.43372961902557733,0.3396712327058496,0.3362222926227788,0.33553809375770505,0.38278821464716684,0.296143576597178
2017_14_NO_ATL,2017,14,2017-12-07,ATL,NO,1.0,2.5,-134.0,121.0,0.5674262233843855,0.5469914786459266,0.5050762054980004,0.5249699341165228,0.43800429432125126,0.5797663093712614,0.5586071603727317,0.5893712131937665,0.4852465835765454
2017_14_CHI_CIN,2017,14,2017-12-10,CIN,CHI,0.0,6.0,-260.0,231.0,0.5674262233843855,0.695820161270379,0.7434406593524824,0.7795197361402116,0.710244838056013,0.6948322049171881,0.7050630837293135,0.7380219965735815,0.6764544365559274
2017_14_DAL_NYG,2017,14,2017-12-10,NYG,DAL,0.0,-4.0,175.0,-195.0,0.5674262233843855,0.3556231211129265,0.29667932728643226,0.35676531494895175,0.33369847252816254,0.35237767569315936,0.35488721804511275,0.2731586664760668,0.25804964336618097
2017_14_DET_TB,2017,14,2017-12-10,TB,DET,0.0,0.0,111.0,-123.0,0.5674262233843855,0.4713780979880436,0.4889419086472931,0.48096917376887227,0.5611047606101865,0.49099121355991115,0.46214743124779806,0.47338453693944604,0.5615853393055593
2017_14_GB_CLE,2017,14,2017-12-10,CLE,GB,0.0,-2.5,120.0,-133.0,0.5674262233843855,0.19159717281294536,0.2954254919867912,0.34217623607137826,0.27108322706279037,0.4027806761898908,0.4433028919330289,0.3604069794551563,0.44625294400354004
2017_14_IND_BUF,2017,14,2017-12-10,BUF,IND,1.0,3.5,-180.0,162.0,0.5674262233843855,0.7110589705724959,0.6683137164371868,0.5555691434372266,0.7209947077932919,0.6141890793308479,0.6274614156466205,0.6591373880128609,0.7193281039487194
2017_14_MIN_CAR,2017,14,2017-12-10,CAR,MIN,1.0,-2.5,116.0,-128.0,0.5674262233843855,0.4412453261907418,0.49660972287678024,0.5220233331469963,0.45365288189399566,0.4027806761898908,0.4519505233111322,0.43855680590164153,0.4403796582690558
2017_14_OAK_KC,2017,14,2017-12-10,KC,LV,1.0,4.5,-209.0,187.0,0.5674262233843855,0.6593138532705005,0.6405795548936738,0.6422302156020775,0.6309202200621923,0.647506510813232,0.6600024206947392,0.6422634587345432,0.7022968329725107
2017_14_SF_HOU,2017,14,2017-12-10,HOU,SF,0.0,1.0,-123.0,111.0,0.5674262233843855,0.7440995242107326,0.7310343633018112,0.6697340210109157,0.6979176930453136,0.5267499919537767,0.537852568752202,0.5707594966557483,0.5652940218143645
2017_14_NYJ_DEN,2017,14,2017-12-10,DEN,NYJ,1.0,-1.0,-106.0,-104.0,0.5674262233843855,0.4818786125518779,0.44097742611781754,0.4619702600565585,0.38967631101546885,0.4553243836287709,0.5023229882921391,0.42544137003173227,0.4100469630143008
2017_14_TEN_ARI,2017,14,2017-12-10,ARI,TEN,1.0,-2.5,129.0,-143.0,0.5674262233843855,0.4603084483350932,0.47686381958119994,0.4309822137766568,0.374152007185533,0.4027806761898908,0.4259645555419216,0.384052189437493,0.38718428038810093
2017_14_WAS_LAC,2017,14,2017-12-10,LAC,WAS,1.0,6.0,-265.0,235.0,0.5674262233843855,0.6585388577763284,0.6683918418877735,0.6722864811716219,0.6806236804030321,0.6948322049171881,0.7086409898223908,0.690760725433726,0.6867892051580918
2017_14_PHI_LA,2017,14,2017-12-10,LA,PHI,0.0,-1.0,104.0,-115.0,0.5674262233843855,0.48507765470302394,0.5099927938016778,0.512912639326453,0.5254426084232303,0.4553243836287709,0.478202846975089,0.5103379814716588,0.5012105644408914
2017_14_SEA_JAX,2017,14,2017-12-10,JAX,SEA,1.0,3.0,-143.0,129.0,0.5674262233843855,0.4199571674866639,0.5072577675225058,0.47333111729524385,0.48319319181192144,0.5970972506086364,0.5740354444580784,0.5651302578204542,0.5302544480600281
2017_14_BAL_PIT,2017,14,2017-12-10,PIT,BAL,1.0,6.0,-244.0,217.0,0.5674262233843855,0.6971845835019044,0.6420302253958501,0.6499691467048957,0.7658077207336583,0.6948322049171881,0.6921645130114186,0.6932570144678053,0.7550472526225019
2017_14_NE_MIA,2017,14,2017-12-11,MIA,NE,1.0,-10.0,412.0,-485.0,0.5674262233843855,0.1659213178567126,0.1704799784631374,0.1696560015332925,0.24727593369278536,0.18733023556265616,0.19066553679681894,0.1640485186830405,0.2007218893898099
2017_15_DEN_IND,2017,15,2017-12-14,IND,DEN,0.0,-3.0,131.0,-145.0,0.5674262233843855,0.46829722227239096,0.5578306732776445,0.522743689546099,0.5090230659113041,0.3856906809724459,0.4224502112251056,0.46909858602314375,0.4564591270380973
2017_15_CHI_DET,2017,15,2017-12-16,DET,CHI,1.0,5.0,-236.0,211.0,0.5674262233843855,0.7102047702253179,0.6410663677780029,0.666065062297563,0.6633351484569211,0.6636644460376847,0.6859695689558487,0.6357731753361673,0.6420311238760911
2017_15_LAC_KC,2017,15,2017-12-16,KC,LAC,1.0,1.0,-113.0,102.0,0.5674262233843855,0.611128913303276,0.5780056504943311,0.5580730058557761,0.695800113452619,0.5267499919537767,0.5172913928296243,0.5885534242420329,0.7366845585169787
2017_15_ARI_WAS,2017,15,2017-12-17,WAS,ARI,1.0,4.0,-202.0,181.0,0.5674262233843855,0.5627823695911114,0.6179375996086818,0.6789772146837021,0.6248259962457565,0.6310039211223201,0.6527218785216531,0.6791360153990045,0.7355603547773137
2017_15_BAL_CLE,2017,15,2017-12-17,CLE,BAL,0.0,-6.5,231.0,-260.0,0.5674262233843855,0.14438935321199087,0.20906357051122365,0.1906498499338655,0.23604385409230394,0.27558719206584703,0.2949369162706865,0.23501187675264387,0.28580589752017577
2017_15_CIN_MIN,2017,15,2017-12-17,MIN,CIN,1.0,12.5,-650.0,534.0,0.5674262233843855,0.8207609559370872,0.7715295006003775,0.7347633626395167,0.7363581919585266,0.8523593471780551,0.8460275097515911,0.8357587787099556,0.7732608023929206
2017_15_GB_CAR,2017,15,2017-12-17,CAR,GB,1.0,3.0,-150.0,136.0,0.5674262233843855,0.6651704273573811,0.6689128530428351,0.5453524819037113,0.5879299732221861,0.5970972506086364,0.5860927152317882,0.6186447992372975,0.5062330198999344
2017_15_HOU_JAX,2017,15,2017-12-17,JAX,HOU,1.0,10.5,-450.0,385.0,0.5674262233843855,0.7653672531670842,0.7196423304090978,0.6974330868412919,0.8778114869768344,0.8125924986339865,0.7987191216834401,0.7836560973529891,0.8571251349742982
2017_15_MIA_BUF,2017,15,2017-12-17,BUF,MIA,1.0,3.5,-185.0,166.0,0.5674262233843855,0.5968763467981386,0.5834410148903534,0.6601709045084395,0.6367014684546861,0.6141890793308479,0.6332518337408314,0.6305758855126167,0.7029254714724926
2017_15_NYJ_NO,2017,15,2017-12-17,NO,NYJ,1.0,16.5,-1100.0,789.0,0.5674262233843855,0.8090662065373698,0.8377795526915439,0.8942610220614823,0.8953951117586542,0.91099071475652,0.89070042808999,0.915817269335103,0.9307471755770874
2017_15_PHI_NYG,2017,15,2017-12-17,NYG,PHI,0.0,-7.5,264.0,-300.0,0.5674262233843855,0.18745686961030444,0.17984789681721713,0.28469103728320655,0.22710071438593699,0.24794572620309738,0.2680965147453084,0.23902094009431363,0.2908850352887072
2017_15_LA_SEA,2017,15,2017-12-17,SEA,LA,0.0,-1.0,-105.0,-105.0,0.5674262233843855,0.6245753410138427,0.581873254751615,0.6149066502130751,0.5904549761217498,0.4553243836287709,0.5,0.4376673514268616,0.474428972407175
2017_15_NE_PIT,2017,15,2017-12-17,PIT,NE,0.0,-2.5,126.0,-139.0,0.5674262233843855,0.49178520544233734,0.48809116559145405,0.4737291494530195,0.47609386623141264,0.4027806761898908,0.4320786780923455,0.41186641249840145,0.452171502149996
2017_15_TEN_SF,2017,15,2017-12-17,SF,TEN,1.0,2.5,-123.0,111.0,0.5674262233843855,0.3483545771983556,0.44048880723376294,0.45870532138721043,0.5674774986834371,0.5797663093712614,0.537852568752202,0.5434766693722154,0.5813085794570375
2017_15_DAL_OAK,2017,15,2017-12-17,LV,DAL,0.0,-3.0,129.0,-143.0,0.5674262233843855,0.4634933794410049,0.4846092719417976,0.4995183283305881,0.38076494722611626,0.3856906809724459,0.4259645555419216,0.40892511919451846,0.38761234813462037
2017_15_ATL_TB,2017,15,2017-12-18,TB,ATL,0.0,-7.0,281.0,-320.0,0.5674262233843855,0.28279774871307783,0.24793692529295208,0.23290979202496653,0.3789611940697443,0.26153067577226013,0.2562225475841874,0.18549006905476062,0.3275471758405199
2017_16_IND_BAL,2017,16,2017-12-23,BAL,IND,1.0,13.5,-800.0,638.0,0.5674262233843855,0.8327928040749076,0.8046719860668626,0.8160546414840409,0.799640071638397,0.8694799231922802,0.8677248677248677,0.8577667226482748,0.8801852699203044
2017_16_MIN_GB,2017,16,2017-12-23,GB,MIN,0.0,-8.5,346.0,-400.0,0.5674262233843855,0.3749528580978349,0.38510318531076,0.2456948932133115,0.6100894373762906,0.22222621044525043,0.21891418563922943,0.24468780283450922,0.40763011190968135
2017_16_ATL_NO,2017,16,2017-12-24,NO,ATL,1.0,5.5,-242.0,216.0,0.5674262233843855,0.5572929008508243,0.583877216138993,0.5747784734614728,0.6337086260461534,0.6794483875209091,0.690978748012144,0.6224534591293989,0.6454785275405097
2017_16_BUF_NE,2017,16,2017-12-24,NE,BUF,1.0,11.0,-510.0,431.0,0.5674262233843855,0.8282001820151085,0.8339652411410238,0.8369256438566443,0.8956800342960939,0.8232487451518796,0.8161598505168621,0.8350358920545781,0.8894810527328817
2017_16_CLE_CHI,2017,16,2017-12-24,CHI,CLE,1.0,5.5,-230.0,205.0,0.5674262233843855,0.8108130060765459,0.7694496803396146,0.782219838524569,0.8199826964852324,0.6794483875209091,0.6800775569558896,0.7283454359789794,0.7735487752168062
2017_16_DEN_WAS,2017,16,2017-12-24,WAS,DEN,1.0,3.0,-160.0,144.0,0.5674262233843855,0.5767088065142482,0.5846353594803637,0.6205405550918965,0.5657941847659548,0.5970972506086364,0.6002460024600246,0.6305296615802218,0.5799417923142737
2017_16_DET_CIN,2017,16,2017-12-24,CIN,DET,1.0,-3.0,139.0,-154.0,0.5674262233843855,0.3790300832366103,0.48591726777386723,0.5260232414695237,0.4468972013007742,0.3856906809724459,0.40832074076455643,0.47111535360157336,0.45318074922675095
2017_16_LAC_NYJ,2017,16,2017-12-24,NYJ,LAC,0.0,-7.5,264.0,-300.0,0.5674262233843855,0.41099703882614363,0.42815377411285854,0.35505720621893533,0.4160945425874378,0.24794572620309738,0.2680965147453084,0.3101525287900656,0.2908446234494427
2017_16_LA_TEN,2017,16,2017-12-24,TEN,LA,0.0,-5.5,205.0,-230.0,0.5674262233843855,0.37178177027633746,0.4087536161449534,0.44525513495628216,0.5090060484560907,0.3050602050267991,0.3199224430441105,0.33435186554459495,0.3698944667638339
2017_16_MIA_KC,2017,16,2017-12-24,KC,MIA,1.0,11.0,-510.0,431.0,0.5674262233843855,0.7555164618500018,0.7762837309615103,0.7715225504395887,0.8759064043219504,0.8232487451518796,0.8161598505168621,0.8445036343663637,0.846648796156941
2017_16_TB_CAR,2017,16,2017-12-24,CAR,TB,1.0,10.0,-450.0,385.0,0.5674262233843855,0.7868363737260753,0.747162600499196,0.7446155093183641,0.7283228237984883,0.8014487408094888,0.7987191216834401,0.8095191734551921,0.849880144681119
2017_16_JAX_SF,2017,16,2017-12-24,SF,JAX,1.0,-4.0,186.0,-208.0,0.5674262233843855,0.2736990491022885,0.31488871881970837,0.36909391622356924,0.42690229376590944,0.35237767569315936,0.341130604288499,0.37354513522140564,0.3691603167456433
2017_16_NYG_ARI,2017,16,2017-12-24,ARI,NYG,1.0,3.0,-173.0,156.0,0.5674262233843855,0.6747082458688873,0.659299669458954,0.6563970792625069,0.6390601602580678,0.5970972506086364,0.6186511705872493,0.5743466819443666,0.519229302353342
2017_16_SEA_DAL,2017,16,2017-12-24,DAL,SEA,0.0,4.5,-213.0,191.0,0.5674262233843855,0.5821010845955988,0.6585321340289019,0.6261596017058215,0.6666900154998279,0.647506510813232,0.664461906242295,0.7166103204673517,0.702491969343161
2017_16_PIT_HOU,2017,16,2017-12-25,HOU,PIT,0.0,-8.0,346.0,-400.0,0.5674262233843855,0.2090381864117319,0.29206001856452707,0.2765370557864315,0.21489195736958625,0.2348420260634724,0.21891418563922943,0.23478335487584437,0.21682214487118207
2017_16_OAK_PHI,2017,16,2017-12-25,PHI,LV,1.0,10.0,-420.0,361.0,0.5674262233843855,0.8085748715177431,0.8153793973399144,0.7759183489981143,0.8279629735542063,0.8014487408094888,0.7882908557935022,0.8027309993477064,0.860774734285421
2017_17_CHI_MIN,2017,17,2017-12-31,MIN,CHI,1.0,13.5,-750.0,581.0,0.5674262233843855,0.8461737150316712,0.809511476559202,0.8167337840116112,0.7382601885763808,0.8694799231922802,0.8573227024758707,0.8666407105276616,0.809379723621791
2017_17_CLE_PIT,2017,17,2017-12-31,PIT,CLE,1.0,5.0,-210.0,184.0,0.5674262233843855,0.9538462462349897,0.9107165402825866,0.8629116495003955,0.9463668557563634,0.6636644460376847,0.6579876434245368,0.7205630328103079,0.8606424626272084
2017_17_DAL_PHI,2017,17,2017-12-31,PHI,DAL,0.0,-3.5,176.0,-200.0,0.5674262233843855,0.745724911652725,0.6810581549781273,0.6279046447525928,0.6693975211158203,0.3688779322393162,0.35211267605633806,0.34892137483943714,0.4135795005007209
2017_17_GB_DET,2017,17,2017-12-31,DET,GB,1.0,7.5,-315.0,277.0,0.5674262233843855,0.6015472926024118,0.551951267070555,0.6381381393513045,0.6234104807416735,0.7383713066233574,0.741037721131946,0.6799408309752609,0.718184911391762
2017_17_HOU_IND,2017,17,2017-12-31,IND,HOU,1.0,5.5,-230.0,201.0,0.5674262233843855,0.5273163420684542,0.586329710574098,0.5962538398207663,0.5166251593137269,0.6794483875209091,0.67719847402915,0.6960157682320802,0.5901695763903135
2017_17_NYJ_NE,2017,17,2017-12-31,NE,NYJ,1.0,17.0,-1400.0,851.0,0.5674262233843855,0.9043751122268645,0.8912218981057164,0.91821901449413,0.9736683252320927,0.9166259711796093,0.8987444309437019,0.927245827106467,0.975465074982301
2017_17_WAS_NYG,2017,17,2017-12-31,NYG,WAS,1.0,-5.0,201.0,-230.0,0.5674262233843855,0.359562731243804,0.35822359571519596,0.3634935330565619,0.4071585181313626,0.32044109999970605,0.32280152597085005,0.309743576152904,0.3157794218492471
2017_17_ARI_SEA,2017,17,2017-12-31,SEA,ARI,0.0,8.0,-374.0,325.0,0.5674262233843855,0.7370173195205743,0.6990064766626981,0.7332219806735226,0.8220120856029286,0.7519596374880306,0.7702931911800339,0.7832193133669466,0.77820277832593
2017_17_BUF_MIA,2017,17,2017-12-31,MIA,BUF,0.0,-2.5,118.0,-130.0,0.5674262233843855,0.48587682673910504,0.5328622810764295,0.4703221970298812,0.5655803378392656,0.4027806761898908,0.4479937670432412,0.39882906875555935,0.4856000987624161
2017_17_CAR_ATL,2017,17,2017-12-31,ATL,CAR,1.0,5.0,-236.0,211.0,0.5674262233843855,0.5955147767293897,0.6155990832446556,0.6426203862235328,0.6824521868740429,0.6636644460376847,0.6859695689558487,0.6733859385236138,0.7571855018713941
2017_17_CIN_BAL,2017,17,2017-12-31,BAL,CIN,0.0,8.0,-370.0,322.0,0.5674262233843855,0.7506161046869526,0.730848850890209,0.6972402269392464,0.6615677608246358,0.7519596374880306,0.768632470217584,0.7176164952476626,0.7687734037257233
2017_17_JAX_TEN,2017,17,2017-12-31,TEN,JAX,1.0,2.5,-138.0,125.0,0.5674262233843855,0.47806907343571214,0.43573051058865325,0.47581418152445715,0.48274832852982863,0.5797663093712614,0.5660893345487694,0.610983834589687,0.6052099977981525
2017_17_KC_DEN,2017,17,2017-12-31,DEN,KC,0.0,3.0,-174.0,154.0,0.5674262233843855,0.3157325120345837,0.300820331016358,0.39839694080790583,0.3790942707846629,0.5970972506086364,0.6172970557014359,0.47842733252375663,0.5596930288379007
2017_17_NO_TB,2017,17,2017-12-31,TB,NO,1.0,-6.0,222.0,-250.0,0.5674262233843855,0.24611030335885092,0.25592971304902384,0.25186245281630304,0.23783295328167514,0.29010241376625684,0.303030303030303,0.2448136153921154,0.23702557382672182
2017_17_OAK_LAC,2017,17,2017-12-31,LAC,LV,1.0,7.0,-305.0,269.0,0.5674262233843855,0.6811768009560976,0.6699542626351316,0.6792300443648313,0.863258502082958,0.7243114889002261,0.7353719494266393,0.6655854244346865,0.8499552873856269
2017_17_SF_LA,2017,17,2017-12-31,LA,SF,0.0,-6.5,241.0,-278.0,0.5674262233843855,0.8385375424770142,0.7968716277444576,0.6597238731919106,0.7313089916891861,0.27558719206584703,0.28507217303428406,0.36416591542190546,0.36306610609111367
2018_01_ATL_PHI,2018,1,2018-09-06,PHI,ATL,1.0,1.0,-106.0,-104.0,0.5671896316507503,0.6400831643123536,0.6808644145305591,0.608149449068045,0.7129052694722818,0.527697172800224,0.5023229882921391,0.545902760174787,0.6122027189110942
2018_01_BUF_BAL,2018,1,2018-09-09,BAL,BUF,1.0,7.5,-355.0,309.0,0.5671896316507503,0.6198812524046406,0.7221589176248449,0.8282090855846809,0.7620618988320719,0.7422167278075583,0.7613990927921551,0.7516208505870035,0.8380734098579637
2018_01_CIN_IND,2018,1,2018-09-09,IND,CIN,0.0,-1.0,-105.0,-105.0,0.5671896316507503,0.45616376897336397,0.5169516386534807,0.5857263745037378,0.49322477511429635,0.45503048741748686,0.5,0.4816093513825196,0.5031107724789118
2018_01_HOU_NE,2018,1,2018-09-09,NE,HOU,1.0,6.0,-240.0,214.0,0.5671896316507503,0.878909838624826,0.9043632097666389,0.8753616811379186,0.8694747495914324,0.6982695948661448,0.6891002194586686,0.77694342664832,0.7095795449106593
2018_01_JAX_NYG,2018,1,2018-09-09,NYG,JAX,0.0,-2.5,127.0,-141.0,0.5671896316507503,0.3830247512373283,0.324035670627042,0.37502831593223906,0.3684358465398473,0.401596801222245,0.4295364214803857,0.39335196695450586,0.45107134615404226
2018_01_SF_MIN,2018,1,2018-09-09,MIN,SF,1.0,6.0,-268.0,238.0,0.5671896316507503,0.762279537492229,0.7310913159022039,0.75719087646674,0.7219183004022539,0.6982695948661448,0.711109715505872,0.7399517446702738,0.6640192104785043
2018_01_TB_NO,2018,1,2018-09-09,NO,TB,0.0,10.0,-450.0,385.0,0.5671896316507503,0.7357806903167817,0.7344269711706635,0.7812926432050309,0.6964632339558355,0.8055901646243299,0.7987191216834401,0.816303966589306,0.8477814108387021
2018_01_TEN_MIA,2018,1,2018-09-09,MIA,TEN,1.0,-1.0,104.0,-115.0,0.5671896316507503,0.5043051409008531,0.5298700592467795,0.5636341310830328,0.5388885201566379,0.45503048741748686,0.478202846975089,0.46670562127322673,0.4447262914171505
2018_01_KC_LAC,2018,1,2018-09-09,LAC,KC,0.0,3.5,-185.0,166.0,0.5671896316507503,0.5166523228208041,0.5192345157158834,0.6460812705034445,0.6114073917777761,0.6165633799388854,0.6332518337408314,0.542939247238096,0.6863361087675681
2018_01_DAL_CAR,2018,1,2018-09-09,CAR,DAL,1.0,2.5,-149.0,134.0,0.5671896316507503,0.5697573771548565,0.5501860585347463,0.5632034161048891,0.5900545867842004,0.5816019332252389,0.5833751631362314,0.5733520820910739,0.601552413932106
2018_01_SEA_DEN,2018,1,2018-09-09,DEN,SEA,1.0,3.0,-175.0,157.0,0.5671896316507503,0.41476117702232224,0.4274437759562081,0.4624647899829589,0.3869927318375597,0.5992088830366985,0.6205588133839255,0.5508434884029694,0.506647166518718
2018_01_WAS_ARI,2018,1,2018-09-09,ARI,WAS,0.0,2.0,-129.0,117.0,0.5671896316507503,0.5862025900108263,0.6245525732012509,0.656844969634695,0.5769021840478714,0.5637845851638671,0.5500363507751557,0.5828431035114843,0.5357783280995552
2018_01_CHI_GB,2018,1,2018-09-09,GB,CHI,1.0,6.5,-271.0,240.0,0.5671896316507503,0.6235271465346741,0.5795328978852146,0.7681138208060835,0.593291298786786,0.7133864035893858,0.7129371711544413,0.7007171897091337,0.692434031135306
2018_01_NYJ_DET,2018,1,2018-09-10,DET,NYJ,0.0,7.0,-339.0,297.0,0.5671896316507503,0.7024061128100684,0.7275597002337372,0.7148615242131758,0.7452026368788773,0.7280408270559351,0.7540381997164995,0.7291347147083334,0.8290188270935918
2018_01_LA_OAK,2018,1,2018-09-10,LV,LA,0.0,-6.0,212.0,-238.0,0.5671896316507503,0.4646298123750053,0.45600652392487345,0.4815456380803405,0.409327234682673,0.2872998056335194,0.3128007699711261,0.32812633050962436,0.3083000971803632
2018_02_BAL_CIN,2018,2,2018-09-13,CIN,BAL,1.0,1.0,-115.0,104.0,0.5671896316507503,0.46355092796342023,0.3989275966017036,0.42477473573140595,0.5548679143903072,0.527697172800224,0.521797153024911,0.5418257932563083,0.6346999690245236
2018_02_CAR_ATL,2018,2,2018-09-16,ATL,CAR,1.0,5.5,-240.0,214.0,0.5671896316507503,0.6073362723331744,0.6391168381257119,0.6718074081134874,0.643863577284829,0.6827100962324322,0.6891002194586686,0.6983111167888276,0.7171434257403405
2018_02_CLE_NO,2018,2,2018-09-16,NO,CLE,1.0,10.0,-407.0,351.0,0.5671896316507503,0.8725308351698495,0.8893651922801857,0.8883249807283521,0.8625360231384192,0.8055901646243299,0.7835710352305374,0.8666016032621568,0.8739258349873141
2018_02_HOU_TEN,2018,2,2018-09-16,TEN,HOU,1.0,-3.5,159.0,-176.0,0.5671896316507503,0.6900993717587838,0.6732468140074344,0.5183938861427723,0.6542313843078816,0.36715300872236206,0.37713161346742463,0.39489854210154507,0.29614241275896874
2018_02_IND_WAS,2018,2,2018-09-16,WAS,IND,0.0,6.0,-239.0,213.0,0.5671896316507503,0.7406165583708048,0.7003180800430582,0.7043294544349183,0.6878265401959696,0.6982695948661448,0.6881525568730624,0.6815514607748769,0.6159958745938026
2018_02_KC_PIT,2018,2,2018-09-16,PIT,KC,0.0,4.5,-199.0,179.0,0.5671896316507503,0.5580469065313374,0.5937867144766463,0.6542852255554553,0.561873994451216,0.6503596831788232,0.6499689771835965,0.6307341566057834,0.5727907025507405
2018_02_LAC_BUF,2018,2,2018-09-16,BUF,LAC,0.0,-7.5,261.0,-296.0,0.5671896316507503,0.4962802578030084,0.4165191780662855,0.4554863818191447,0.43702755962519735,0.24471788289114146,0.2703883760310264,0.32733659552923167,0.34314342430525335
2018_02_MIA_NYJ,2018,2,2018-09-16,NYJ,MIA,0.0,3.0,-170.0,153.0,0.5671896316507503,0.5851989485610415,0.5616227943526484,0.5427696784200241,0.5661155309643755,0.5992088830366985,0.6143408084559349,0.5871480096557304,0.5438189406681058
2018_02_PHI_TB,2018,2,2018-09-16,TB,PHI,1.0,-3.0,129.0,-142.0,0.5671896316507503,0.316915016586031,0.3356020655083852,0.358006086450163,0.3456962506806741,0.38422978799576696,0.42667230861454913,0.35357483751279667,0.3504717979987457
2018_02_ARI_LA,2018,2,2018-09-16,LA,ARI,1.0,13.5,-775.0,621.0,0.5671896316507503,0.7174548928366635,0.7094922307611724,0.6683614757474667,0.6903695325699366,0.8733960089248043,0.8646087191984837,0.8689131298950273,0.7388903328478644
2018_02_DET_SF,2018,2,2018-09-16,SF,DET,1.0,6.0,-235.0,210.0,0.5671896316507503,0.536310512164538,0.6158864063005479,0.6133995515726555,0.6150691415603426,0.6982695948661448,0.685002350728726,0.7155926085863896,0.6865470576097163
2018_02_NE_JAX,2018,2,2018-09-16,JAX,NE,1.0,-2.0,120.0,-133.0,0.5671896316507503,0.37519159117980777,0.40321749010005326,0.36839458153620097,0.5064159766485746,0.4192143829588336,0.4433028919330289,0.3912740803357289,0.5102326952541282
2018_02_OAK_DEN,2018,2,2018-09-16,DEN,LV,1.0,5.5,-231.0,207.0,0.5671896316507503,0.6116040665052691,0.5735999861582906,0.5742616851397098,0.6540384952228204,0.6827100962324322,0.6817827855062153,0.5974058318725354,0.6734712488478144
2018_02_NYG_DAL,2018,2,2018-09-16,DAL,NYG,1.0,3.0,-152.0,138.0,0.5671896316507503,0.756509715751427,0.7746539289943885,0.7483399258630608,0.7300120579006157,0.5992088830366985,0.5894160583941606,0.6682821224208908,0.5360258422488376
2018_02_SEA_CHI,2018,2,2018-09-17,CHI,SEA,1.0,5.0,-231.0,206.0,0.5671896316507503,0.41081335879141195,0.48781232663804874,0.4353955100585001,0.4039608514006358,0.666731183736045,0.6810745187212147,0.6944190857927437,0.6468736796186793
2018_03_NYJ_CLE,2018,3,2018-09-20,CLE,NYJ,1.0,3.0,-170.0,153.0,0.5671896316507503,0.31967483487516224,0.39764646349158445,0.4373931421707265,0.36240046639333356,0.5992088830366985,0.6143408084559349,0.5648870478312384,0.5257241042115155
2018_03_BUF_MIN,2018,3,2018-09-23,MIN,BUF,0.0,16.5,-1200.0,803.0,0.5671896316507503,0.7799696083951445,0.8027010155598603,0.8282662043310006,0.8486124907462369,0.9143721060854595,0.8928806855636124,0.9044207597754781,0.8844854306741635
2018_03_CIN_CAR,2018,3,2018-09-23,CAR,CIN,1.0,2.5,-142.0,128.0,0.5671896316507503,0.6229967098608505,0.5793950372023922,0.5572445821476374,0.6333180009280212,0.5816019332252389,0.5722567873303167,0.5599068898768153,0.6255191116306628
2018_03_DEN_BAL,2018,3,2018-09-23,BAL,DEN,1.0,5.5,-225.0,201.0,0.5671896316507503,0.6667872283277276,0.7962154139546186,0.7954162124676022,0.8164952815896203,0.6827100962324322,0.6757296083811425,0.7673350512275428,0.7526512617722816
2018_03_GB_WAS,2018,3,2018-09-23,WAS,GB,1.0,-2.5,122.0,-135.0,0.5671896316507503,0.5467310381285059,0.5735927098403784,0.5638088498814079,0.6220976538150487,0.401596801222245,0.43949878436506445,0.3920688249735912,0.48773143165821436
2018_03_IND_PHI,2018,3,2018-09-23,PHI,IND,1.0,6.5,-274.0,243.0,0.5671896316507503,0.8415859017529472,0.8148556187089654,0.816343617389683,0.7930710377588167,0.7133864035893858,0.7153339117991809,0.7259249537878468,0.73125330052892
2018_03_NO_ATL,2018,3,2018-09-23,ATL,NO,0.0,1.5,-125.0,113.0,0.5671896316507503,0.6450420217234505,0.5707792828228723,0.581133056102945,0.5027315715464394,0.5458010297828424,0.5419847328244275,0.5526906228810317,0.46870530725825305
2018_03_NYG_HOU,2018,3,2018-09-23,HOU,NYG,0.0,6.5,-259.0,230.0,0.5671896316507503,0.5545255288257037,0.6242073259453809,0.6146124113770157,0.6455584503570241,0.7133864035893858,0.7042102661283678,0.7395995826727044,0.6868041417314966
2018_03_OAK_MIA,2018,3,2018-09-23,MIA,LV,1.0,3.0,-138.0,125.0,0.5671896316507503,0.6573524878508755,0.6466913787805635,0.6474497763251662,0.7006956225727172,0.5992088830366985,0.5660893345487694,0.601718952669717,0.6317724347283168
2018_03_SF_KC,2018,3,2018-09-23,KC,SF,1.0,6.0,-250.0,222.0,0.5671896316507503,0.7761779520106051,0.7773232310920182,0.7498032530346654,0.7849119628555934,0.6982695948661448,0.6969696969696969,0.7775649804515333,0.7347104086443162
2018_03_TEN_JAX,2018,3,2018-09-23,JAX,TEN,0.0,10.0,-415.0,357.0,0.5671896316507503,0.7029564540822363,0.7049249876155519,0.736793612454777,0.703299948486355,0.8055901646243299,0.7864444029773383,0.7707718992452485,0.8265040996929802
2018_03_LAC_LA,2018,3,2018-09-23,LA,LAC,1.0,7.5,-288.0,254.0,0.5671896316507503,0.6093047248838357,0.6590890208863599,0.6380062024450586,0.6248073406330517,0.7422167278075583,0.7243378424462885,0.7874630568896778,0.8286301079537438
2018_03_CHI_ARI,2018,3,2018-09-23,ARI,CHI,0.0,-6.0,224.0,-252.0,0.5671896316507503,0.5345811753272061,0.5335297757705273,0.6036886494041369,0.5231308216207912,0.2872998056335194,0.3012460632616733,0.31910500166846817,0.32655204958032946
2018_03_DAL_SEA,2018,3,2018-09-23,SEA,DAL,1.0,1.0,-117.0,106.0,0.5671896316507503,0.517843347531772,0.5082556766521423,0.5539037092945625,0.5583310625376973,0.527697172800224,0.5262215623771888,0.4909078169410869,0.5724586701778894
2018_03_NE_DET,2018,3,2018-09-23,DET,NE,1.0,-7.0,269.0,-306.0,0.5671896316507503,0.3067490468166453,0.3184603822851511,0.31618649865835907,0.31498147655707814,0.25842546054993815,0.2644709928736141,0.23213095464379682,0.24145385723183824
2018_03_PIT_TB,2018,3,2018-09-24,TB,PIT,0.0,1.0,-117.0,106.0,0.5671896316507503,0.49110031139039473,0.4806124100976627,0.45533986200738275,0.44938417157870214,0.527697172800224,0.5262215623771888,0.5257181412389836,0.5372703746883065
2018_04_MIN_LA,2018,4,2018-09-27,LA,MIN,1.0,7.5,-321.0,282.0,0.5671896316507503,0.610608129670792,0.7058849977092009,0.6706496523502409,0.7199058182293433,0.7422167278075583,0.7444178676800912,0.7740588795183216,0.8280922269137705
2018_04_BUF_GB,2018,4,2018-09-30,GB,BUF,1.0,8.5,-365.0,317.0,0.5671896316507503,0.49883776693031395,0.5953180024192508,0.6637706897696338,0.5156401331670978,0.7690857265577086,0.7659847512644372,0.7690639354491693,0.7054807136504516
2018_04_CIN_ATL,2018,4,2018-09-30,ATL,CIN,0.0,3.5,-179.0,161.0,0.5671896316507503,0.688325656749866,0.6998925031067269,0.7146917943629623,0.7289817146826518,0.6165633799388854,0.6261005910022917,0.6556925144666489,0.7505045859562958
2018_04_DET_DAL,2018,4,2018-09-30,DAL,DET,1.0,2.5,-140.0,127.0,0.5671896316507503,0.5973800173234276,0.6335864767045544,0.6146472957888466,0.7764365660178825,0.5816019332252389,0.5697382574399427,0.656557639730904,0.7233125973995185
2018_04_HOU_IND,2018,4,2018-09-30,IND,HOU,0.0,-1.0,104.0,-115.0,0.5671896316507503,0.6477716389334629,0.6260397705591465,0.6425955053213408,0.6313483628173985,0.45503048741748686,0.478202846975089,0.49684723505235634,0.43021788421070795
2018_04_MIA_NE,2018,4,2018-09-30,NE,MIA,1.0,6.5,-279.0,247.0,0.5671896316507503,0.704231248503105,0.7377134992350531,0.7668209884836643,0.6917363273503996,0.7133864035893858,0.7186611537119655,0.7514686228274391,0.7195450385482343
2018_04_NYJ_JAX,2018,4,2018-09-30,JAX,NYJ,1.0,7.5,-335.0,293.0,0.5671896316507503,0.736528791422443,0.7485922830069913,0.748551362453454,0.7470690540709498,0.7422167278075583,0.7516485398646913,0.7617402140733814,0.7590760910989157
2018_04_PHI_TEN,2018,4,2018-09-30,TEN,PHI,1.0,-3.0,132.0,-146.0,0.5671896316507503,0.3434018352416546,0.3982371480851259,0.5052633073403399,0.41396180274758027,0.38422978799576696,0.4207141879874127,0.43756814753387796,0.41659922446829384
2018_04_TB_CHI,2018,4,2018-09-30,CHI,TB,1.0,3.0,-140.0,126.0,0.5671896316507503,0.49382285314220875,0.5250354224322408,0.5264563710294972,0.5185727016930275,0.5992088830366985,0.5686556434219986,0.6325836809126156,0.5898449908842556
2018_04_CLE_OAK,2018,4,2018-09-30,LV,CLE,1.0,2.5,-135.0,122.0,0.5671896316507503,0.721654864387802,0.7081753789897187,0.7169307166169954,0.7083852926070955,0.5816019332252389,0.5605012156349355,0.67126561623763,0.7480815163124225
2018_04_SEA_ARI,2018,4,2018-09-30,ARI,SEA,0.0,-3.5,173.0,-192.0,0.5671896316507503,0.3980684390355434,0.40235560112088725,0.35276934585185177,0.3791263712211083,0.36715300872236206,0.35777298568908056,0.37546305620710874,0.36886064441138494
2018_04_NO_NYG,2018,4,2018-09-30,NYG,NO,0.0,-3.5,153.0,-170.0,0.5671896316507503,0.30640691078089766,0.29013671824427967,0.29563930002542094,0.2223196038708056,0.36715300872236206,0.3856591915440651,0.33488153901838813,0.2873437664289695
2018_04_SF_LAC,2018,4,2018-09-30,LAC,SF,1.0,10.0,-428.0,368.0,0.5671896316507503,0.6722688238278298,0.6710929316000245,0.8151881715481438,0.6629406833021925,0.8055901646243299,0.7913901005120425,0.7981567794623953,0.8162672453574686
2018_04_BAL_PIT,2018,4,2018-09-30,PIT,BAL,0.0,3.0,-170.0,153.0,0.5671896316507503,0.6242231447651798,0.5212542739429502,0.5245364023459239,0.4674368314443931,0.5992088830366985,0.6143408084559349,0.5614183093817862,0.4574170269569184
2018_04_KC_DEN,2018,4,2018-10-01,DEN,KC,0.0,-3.5,159.0,-176.0,0.5671896316507503,0.305337830800005,0.25782571935188225,0.27747535637954684,0.31910232881938405,0.36715300872236206,0.37713161346742463,0.25746509682117713,0.2860254007763908
2018_05_IND_NE,2018,5,2018-10-04,NE,IND,1.0,10.5,-537.0,452.0,0.5671896316507503,0.8393466513138167,0.8405482193654454,0.842372164911825,0.8101048084485092,0.8167412967572157,0.8231164821006097,0.8432445432499853,0.8140654569608362
2018_05_ATL_PIT,2018,5,2018-10-07,PIT,ATL,1.0,3.5,-180.0,162.0,0.5671896316507503,0.5414101656065248,0.5526766923571297,0.5379583637778744,0.6094926404142178,0.6165633799388854,0.6274614156466205,0.5951593941257952,0.6046875468707332
2018_05_BAL_CLE,2018,5,2018-10-07,CLE,BAL,1.0,-3.0,154.0,-171.0,0.5671896316507503,0.18742898844172026,0.18242692273206348,0.17612952873685922,0.22967460952780525,0.38422978799576696,0.38421186945302976,0.28990746189609157,0.306475465289564
2018_05_DEN_NYJ,2018,5,2018-10-07,NYJ,DEN,1.0,-1.0,-104.0,-106.0,0.5671896316507503,0.5270827970242797,0.5595639685759934,0.5507269480127643,0.6055989198738039,0.45503048741748686,0.497677011707861,0.5138960621062947,0.5669937523000498
2018_05_GB_DET,2018,5,2018-10-07,DET,GB,1.0,1.0,-125.0,114.0,0.5671896316507503,0.5803464344893575,0.6025570974381437,0.568971089921099,0.6566775266727547,0.527697172800224,0.5431472081218274,0.5319398544847309,0.6028598634359325
2018_05_JAX_KC,2018,5,2018-10-07,KC,JAX,1.0,3.0,-144.0,131.0,0.5671896316507503,0.6745787195465065,0.6648007509711974,0.6667108288612682,0.7124030671780539,0.5992088830366985,0.5768590455049944,0.6829174718068252,0.6183760921725796
2018_05_MIA_CIN,2018,5,2018-10-07,CIN,MIA,1.0,6.0,-255.0,227.0,0.5671896316507503,0.6060479130100169,0.711309260376116,0.7148238809517692,0.6252616726682584,0.6982695948661448,0.7013921016108003,0.7555979849410086,0.6969364793786064
2018_05_NYG_CAR,2018,5,2018-10-07,CAR,NYG,1.0,7.0,-264.0,234.0,0.5671896316507503,0.8004887855665777,0.8214600768393424,0.8051700431832814,0.7747506872333259,0.7280408270559351,0.7078088877472386,0.7900590696114395,0.8188904994145609
2018_05_TEN_BUF,2018,5,2018-10-07,BUF,TEN,1.0,-6.0,238.0,-269.0,0.5671896316507503,0.504037900306856,0.4544745150972125,0.42501911697334205,0.44926485922399456,0.2872998056335194,0.2886826993788237,0.2914595797736358,0.28769595485584093
2018_05_OAK_LAC,2018,5,2018-10-07,LAC,LV,1.0,5.5,-230.0,205.0,0.5671896316507503,0.7221003943611931,0.7132947343252918,0.7240544490466018,0.7841472009226615,0.6827100962324322,0.6800775569558896,0.6660067343176003,0.7192699783585457
2018_05_ARI_SF,2018,5,2018-10-07,SF,ARI,0.0,3.0,-161.0,146.0,0.5671896316507503,0.6262792760772696,0.656821188898029,0.5788767985943801,0.5906602325301943,0.5992088830366985,0.6027760021915806,0.5768664530744412,0.5449903753176628
2018_05_LA_SEA,2018,5,2018-10-07,SEA,LA,0.0,-7.5,277.0,-315.0,0.5671896316507503,0.4717307321815796,0.37160923877027635,0.4251587760973649,0.3353902629729062,0.24471788289114146,0.25896227886805406,0.2261442653182275,0.18885980149866644
2018_05_MIN_PHI,2018,5,2018-10-07,PHI,MIN,0.0,3.5,-180.0,162.0,0.5671896316507503,0.6849652649193555,0.6802317077596249,0.6575375373742566,0.7098450300682027,0.6165633799388854,0.6274614156466205,0.639838086382811,0.7185382911201472
2018_05_DAL_HOU,2018,5,2018-10-07,HOU,DAL,1.0,3.5,-173.0,156.0,0.5671896316507503,0.33953348361452457,0.40180679559876536,0.43747671950302447,0.38484751804037765,0.6165633799388854,0.6186511705872493,0.5667872844161552,0.5492315142739354
2018_05_WAS_NO,2018,5,2018-10-08,NO,WAS,1.0,5.5,-250.0,222.0,0.5671896316507503,0.7226269904930515,0.7240362162754987,0.7093791221206251,0.7920685644606907,0.6827100962324322,0.6969696969696969,0.7252882333664986,0.8358133725179631
2018_06_PHI_NYG,2018,6,2018-10-11,NYG,PHI,0.0,-1.5,114.0,-126.0,0.5671896316507503,0.2452695191317468,0.2727355116265113,0.2947796049247933,0.31631947476305705,0.43704037151855274,0.4559761116939714,0.39351327477061304,0.42453072733070923
2018_06_ARI_MIN,2018,6,2018-10-14,MIN,ARI,1.0,10.0,-405.0,350.0,0.5671896316507503,0.7382980992543212,0.7438686068621702,0.7536463362992187,0.7170450046072271,0.8055901646243299,0.783029001074114,0.8070686036787992,0.6870646117272352
2018_06_BUF_HOU,2018,6,2018-10-14,HOU,BUF,1.0,10.5,-439.0,376.0,0.5671896316507503,0.43838054986048014,0.5937833795438932,0.6420626250571364,0.6552602273519725,0.8167412967572157,0.7949510012782275,0.797135200729593,0.6966384619584165
2018_06_CAR_WAS,2018,6,2018-10-14,WAS,CAR,1.0,-1.0,104.0,-115.0,0.5671896316507503,0.4111495314744334,0.47140050447840964,0.5201331276502327,0.37148934450337356,0.45503048741748686,0.478202846975089,0.4572259142370902,0.36421345323803817
2018_06_CHI_MIA,2018,6,2018-10-14,MIA,CHI,1.0,-7.5,254.0,-287.0,0.5671896316507503,0.5228614251453311,0.4159209480309034,0.4039732343218424,0.33681507645983394,0.24471788289114146,0.2758414232562118,0.2537516880512287,0.2244934641871895
2018_06_IND_NYJ,2018,6,2018-10-14,NYJ,IND,1.0,2.5,-145.0,131.0,0.5671896316507503,0.649747434252811,0.6068824796494663,0.5646099799237346,0.5452136799777224,0.5816019332252389,0.5775497887748944,0.5811297487226139,0.5391760485022052
2018_06_LAC_CLE,2018,6,2018-10-14,CLE,LAC,0.0,1.0,-105.0,-105.0,0.5671896316507503,0.24994496000513775,0.28014696400040157,0.2568383565547238,0.3012249228651849,0.527697172800224,0.5,0.4705731238324849,0.49481161579373345
2018_06_PIT_CIN,2018,6,2018-10-14,CIN,PIT,0.0,1.0,-113.0,103.0,0.5671896316507503,0.48131595766297686,0.46792336737900053,0.47426994169615605,0.3834361684123904,0.527697172800224,0.5185243789416578,0.5309836289901285,0.42324572978242414
2018_06_SEA_OAK,2018,6,2018-10-14,LV,SEA,0.0,-3.0,137.0,-152.0,0.5671896316507503,0.3195064700791841,0.3542861396609317,0.3575487626641838,0.5099224277959824,0.38422978799576696,0.4116032928263426,0.389256195538668,0.545164681055954
2018_06_TB_ATL,2018,6,2018-10-14,ATL,TB,1.0,3.0,-159.0,144.0,0.5671896316507503,0.6701739797267213,0.6194594785508912,0.6633781947328778,0.6226671127909875,0.5992088830366985,0.5996661308272535,0.6089820517512851,0.5510969383565748
2018_06_LA_DEN,2018,6,2018-10-14,DEN,LA,0.0,-7.0,264.0,-300.0,0.5671896316507503,0.28240283078988837,0.27025680601011876,0.2913879766889222,0.18944264730543997,0.25842546054993815,0.2680965147453084,0.23303105854640563,0.21189709392470776
2018_06_BAL_TEN,2018,6,2018-10-14,TEN,BAL,0.0,-2.5,124.0,-137.0,0.5671896316507503,0.4907338286145851,0.4813803953950393,0.49887723218189883,0.5810131978237867,0.401596801222245,0.4357578877693609,0.4793455310107285,0.6215162900117664
2018_06_JAX_DAL,2018,6,2018-10-14,DAL,JAX,1.0,-3.0,156.0,-173.0,0.5671896316507503,0.5083067807645191,0.5491860368720065,0.5675827936043399,0.5255206294877297,0.38422978799576696,0.3813488294127508,0.4834687374924664,0.4006549749563407
2018_06_KC_NE,2018,6,2018-10-14,NE,KC,1.0,4.0,-190.0,171.0,0.5671896316507503,0.5216114079348979,0.6318706396093545,0.6777823699010855,0.5532394021193974,0.6336258817489602,0.6397067958752639,0.6634923688240462,0.6430294210973138
2018_06_SF_GB,2018,6,2018-10-15,GB,SF,1.0,9.0,-420.0,361.0,0.5671896316507503,0.6409474193578458,0.6123999835326895,0.7118140489487438,0.6494426239257199,0.7817634820770446,0.7882908557935022,0.7944215657831256,0.8420592581073767
2018_07_DEN_ARI,2018,7,2018-10-18,ARI,DEN,0.0,-1.0,-101.0,-110.0,0.5671896316507503,0.5936601518869838,0.5943701218649845,0.6048961430020462,0.6584348809466788,0.45503048741748686,0.489612188365651,0.5271970883530034,0.544356931881178
2018_07_BUF_IND,2018,7,2018-10-21,IND,BUF,1.0,7.0,-293.0,258.0,0.5671896316507503,0.44153958593890985,0.6117761000992933,0.6089140641537194,0.5187852546257905,0.7280408270559351,0.7274505180520687,0.7483858647444952,0.7486883708748614
2018_07_CAR_PHI,2018,7,2018-10-21,PHI,CAR,0.0,5.0,-226.0,202.0,0.5671896316507503,0.6756917032936747,0.7354096628945952,0.7368720760779719,0.686839003237317,0.666731183736045,0.6767540554475866,0.705425022750302,0.6694378124004912
2018_07_CLE_TB,2018,7,2018-10-21,TB,CLE,1.0,3.5,-181.0,163.0,0.5671896316507503,0.7773984286164262,0.7857561887585843,0.79562118639901,0.7354699162361709,0.6165633799388854,0.6288125965945868,0.7088710615175635,0.7222247721247189
2018_07_DET_MIA,2018,7,2018-10-21,MIA,DET,0.0,-3.0,159.0,-177.0,0.5671896316507503,0.5247899945511426,0.40356638770145725,0.3724893436849291,0.4265149345021429,0.38422978799576696,0.37665039500700276,0.34393408564727074,0.3965067774666028
2018_07_HOU_JAX,2018,7,2018-10-21,JAX,HOU,0.0,4.0,-210.0,188.0,0.5671896316507503,0.7114266045230391,0.6689847638936374,0.6439740953266763,0.6474662733222979,0.6336258817489602,0.6611281154350678,0.629620433168022,0.61593670559035
2018_07_MIN_NYJ,2018,7,2018-10-21,NYJ,MIN,0.0,-3.5,157.0,-175.0,0.5671896316507503,0.39069531184444256,0.46875425697646567,0.44666037910693185,0.48395529059210574,0.36715300872236206,0.3794411866160745,0.4051903987581303,0.4253947164169366
2018_07_NE_CHI,2018,7,2018-10-21,CHI,NE,0.0,-1.0,116.0,-128.0,0.5671896316507503,0.3425550878474977,0.36025794456363847,0.31401203872388717,0.4568678390714538,0.45503048741748686,0.4519505233111322,0.4165592934027188,0.508234962779433
2018_07_NO_BAL,2018,7,2018-10-21,BAL,NO,0.0,2.5,-143.0,129.0,0.5671896316507503,0.5294575682858583,0.48577684612400307,0.4763097496700374,0.5393682242288136,0.5816019332252389,0.5740354444580784,0.5431794635573753,0.5541024908298297
2018_07_DAL_WAS,2018,7,2018-10-21,WAS,DAL,1.0,-1.5,114.0,-126.0,0.5671896316507503,0.493116534616296,0.43465509655605167,0.48068485233797714,0.4675696028450899,0.43704037151855274,0.4559761116939714,0.4000842807774237,0.43789739565985736
2018_07_LA_SF,2018,7,2018-10-21,SF,LA,0.0,-8.0,338.0,-390.0,0.5671896316507503,0.26458769505584673,0.3021149836168528,0.276807004860328,0.23495329833256764,0.23151040437241935,0.22290965335274313,0.20564541070136103,0.22612462890432186
2018_07_CIN_KC,2018,7,2018-10-21,KC,CIN,1.0,6.5,-271.0,240.0,0.5671896316507503,0.7505706811866123,0.7345266686979876,0.7135795643840784,0.7829193347108813,0.7133864035893858,0.7129371711544413,0.7270460051817896,0.8037980026726155
2018_07_TEN_LAC,2018,7,2018-10-21,LAC,TEN,1.0,6.5,-277.0,245.0,0.5671896316507503,0.6220349516471977,0.6651534722197865,0.6794341327425906,0.8336619872328044,0.7133864035893858,0.7171050163208644,0.6588831904764922,0.7611732668994019
2018_07_NYG_ATL,2018,7,2018-10-22,ATL,NYG,1.0,4.5,-209.0,187.0,0.5671896316507503,0.8053615748190066,0.7944537729656508,0.8063473066245043,0.779682140823079,0.6503596831788232,0.6600024206947392,0.7254999713946856,0.7292525532370476
2018_08_MIA_HOU,2018,8,2018-10-25,HOU,MIA,1.0,7.5,-337.0,295.0,0.5671896316507503,0.5640612824318386,0.6301320280368661,0.6720624875076447,0.5712992526382353,0.7422167278075583,0.752849022990131,0.7378408266085584,0.7860990235055606
2018_08_BAL_CAR,2018,8,2018-10-28,CAR,BAL,1.0,-2.5,129.0,-143.0,0.5671896316507503,0.5591246781931476,0.509642332268363,0.5045348313623311,0.5397207509367493,0.401596801222245,0.4259645555419216,0.44199997799115637,0.47697875344307916
2018_08_CLE_PIT,2018,8,2018-10-28,PIT,CLE,1.0,8.5,-378.0,328.0,0.5671896316507503,0.8928086905568734,0.911775667253179,0.921242849177186,0.9515367635171736,0.7690857265577086,0.7719291548973205,0.8604728134336428,0.9528974426508908
2018_08_DEN_KC,2018,8,2018-10-28,KC,DEN,1.0,8.5,-389.0,337.0,0.5671896316507503,0.82470316163734,0.809740520144032,0.8064138044851558,0.8147968822014325,0.7690857265577086,0.7766031805494009,0.8104216432276119,0.8269981359683609
2018_08_NYJ_CHI,2018,8,2018-10-28,CHI,NYJ,1.0,8.5,-350.0,305.0,0.5671896316507503,0.6266300777001568,0.6594611361804051,0.6487648639617295,0.7026683663615999,0.7690857265577086,0.7590361445783131,0.7626017281002258,0.8166807714765378
2018_08_SEA_DET,2018,8,2018-10-28,DET,SEA,0.0,3.0,-162.0,146.0,0.5671896316507503,0.5448686423371668,0.5453877643713225,0.5328651277411778,0.47951277726730873,0.5992088830366985,0.6033428208078484,0.6197313919666524,0.5140608854085164
2018_08_TB_CIN,2018,8,2018-10-28,CIN,TB,1.0,3.5,-192.0,173.0,0.5671896316507503,0.600121172727832,0.6166666372896904,0.656973241161852,0.6140720958601428,0.6165633799388854,0.6422270143109194,0.7067947715477044,0.7018204251358181
2018_08_WAS_NYG,2018,8,2018-10-28,NYG,WAS,0.0,-1.0,-102.0,-108.0,0.5671896316507503,0.360859506848625,0.3836530196931036,0.36174638872506265,0.3621240267519777,0.45503048741748686,0.4930284439486894,0.4012262949473946,0.41343900373568665
2018_08_IND_OAK,2018,8,2018-10-28,LV,IND,0.0,-3.5,165.0,-183.0,0.5671896316507503,0.5390810448791399,0.5710623370281572,0.5599121711154602,0.5885519619727533,0.36715300872236206,0.36851357510254573,0.45042196108429194,0.5215982683534264
2018_08_GB_LA,2018,8,2018-10-28,LA,GB,1.0,7.5,-340.0,297.0,0.5671896316507503,0.7786784788745799,0.7698679697302838,0.7306620277630353,0.7958859473298358,0.7422167278075583,0.75416247625433,0.7642758413787547,0.8312114049580318
2018_08_SF_ARI,2018,8,2018-10-28,ARI,SF,1.0,-2.5,125.0,-138.0,0.5671896316507503,0.5568097720395399,0.4796411880052614,0.521030708681349,0.5318311397259115,0.401596801222245,0.43391066545123064,0.41990282269970886,0.5284606936550786
2018_08_NO_MIN,2018,8,2018-10-28,MIN,NO,0.0,-2.5,118.0,-130.0,0.5671896316507503,0.5304439268530071,0.4554619140879758,0.4643261678916936,0.5845846160735924,0.401596801222245,0.4479937670432412,0.35976309159066083,0.5852600310313752
2018_08_PHI_JAX,2018,8,2018-10-28,JAX,PHI,0.0,-4.0,186.0,-208.0,0.5671896316507503,0.3158698628809828,0.3251925262002926,0.35100714510369974,0.35101164452399414,0.3504033056796434,0.341130604288499,0.32306248350983297,0.33324657381013234
2018_08_NE_BUF,2018,8,2018-10-29,BUF,NE,0.0,-13.5,744.0,-1018.0,0.5671896316507503,0.24131177974631202,0.17723462589141267,0.16871257374299395,0.2427103042021646,0.11912018586358887,0.1151399805559675,0.10012430212351425,0.14790845569576705
2018_09_OAK_SF,2018,9,2018-11-01,SF,LV,1.0,-1.5,106.0,-117.0,0.5671896316507503,0.5987132875481646,0.6431233885006478,0.6273500205140791,0.644040758195799,0.43704037151855274,0.47377843762281124,0.4400890496119625,0.48130808822589477
2018_09_ATL_WAS,2018,9,2018-11-04,WAS,ATL,0.0,1.5,-128.0,116.0,0.5671896316507503,0.5018034081939796,0.44953233054665,0.4637386013115337,0.5478821110177851,0.5458010297828424,0.5480494766888677,0.5055089806370826,0.5829112653051828
2018_09_CHI_BUF,2018,9,2018-11-04,BUF,CHI,0.0,-10.5,346.0,-400.0,0.5671896316507503,0.4379630447488154,0.34529539039685486,0.28063528748323663,0.2481672620582393,0.17308962780446752,0.21891418563922943,0.1953704003839954,0.1719500817805964
2018_09_DET_MIN,2018,9,2018-11-04,MIN,DET,1.0,4.5,-218.0,195.0,0.5671896316507503,0.6619072215475417,0.5724050933715983,0.5864325264252429,0.5826144669859217,0.6503596831788232,0.6691291228800332,0.5714026204555352,0.6605273306947139
2018_09_KC_CLE,2018,9,2018-11-04,CLE,KC,0.0,-7.5,330.0,-380.0,0.5671896316507503,0.12199487586728779,0.13998075119459713,0.13313078426506578,0.20620071882631338,0.24471788289114146,0.2270577105014191,0.18021096545065762,0.21641159074989322
2018_09_NYJ_MIA,2018,9,2018-11-04,MIA,NYJ,1.0,3.0,-155.0,140.0,0.5671896316507503,0.5927516068147559,0.5738886590057793,0.5600961221855585,0.6308308306789995,0.5992088830366985,0.5933014354066986,0.5947315881338217,0.6333533174486924
2018_09_PIT_BAL,2018,9,2018-11-04,BAL,PIT,0.0,1.5,-129.0,117.0,0.5671896316507503,0.49105540159619804,0.49305251164104585,0.4837272049694203,0.4190933341136435,0.5458010297828424,0.5500363507751557,0.5324417795217751,0.4744206831032567
2018_09_TB_CAR,2018,9,2018-11-04,CAR,TB,1.0,6.0,-286.0,253.0,0.5671896316507503,0.7497842720436785,0.6975212936008494,0.69771183021073,0.72750011241731,0.6982695948661448,0.7234124879978217,0.7379941160456872,0.7005419715745448
2018_09_HOU_DEN,2018,9,2018-11-04,DEN,HOU,0.0,1.0,-119.0,108.0,0.5671896316507503,0.5209719055934874,0.4968010306361781,0.47677029690250533,0.5698113186804943,0.527697172800224,0.5305667495498585,0.49037548669923403,0.5331416802823842
2018_09_LAC_SEA,2018,9,2018-11-04,SEA,LAC,0.0,1.0,-104.0,-106.0,0.5671896316507503,0.5878255291372944,0.5147175907138277,0.5261314157619166,0.533901075360839,0.527697172800224,0.497677011707861,0.5330263740023293,0.5342906730683125
2018_09_LA_NO,2018,9,2018-11-04,NO,LA,1.0,-2.5,120.0,-133.0,0.5671896316507503,0.5729445965192733,0.6161536203171908,0.6542709657237248,0.612716379441318,0.401596801222245,0.4433028919330289,0.49377090093487974,0.511408714406846
2018_09_GB_NE,2018,9,2018-11-04,NE,GB,1.0,5.0,-221.0,198.0,0.5671896316507503,0.8086021342846,0.8062776708916115,0.8050664175449819,0.7201338343886576,0.666731183736045,0.6723085403948631,0.732124933277109,0.6669816041830522
2018_09_TEN_DAL,2018,9,2018-11-05,DAL,TEN,0.0,4.5,-228.0,203.0,0.5671896316507503,0.6482827727656794,0.704039637383184,0.6880992355547233,0.6650495821264859,0.6503596831788232,0.6780652506772408,0.6670714854984086,0.6920840370660828
2018_10_CAR_PIT,2018,10,2018-11-08,PIT,CAR,1.0,3.5,-189.0,170.0,0.5671896316507503,0.5977900976587682,0.6650340130971112,0.6920553582265146,0.7611411047540623,0.6165633799388854,0.6384336294257477,0.6504965287006045,0.8017892145293531
2018_10_ARI_KC,2018,10,2018-11-11,KC,ARI,1.0,16.5,-1267.0,835.0,0.5671896316507503,0.8757780029491687,0.876787634417991,0.8838872118748555,0.8050772654154262,0.9143721060854595,0.896544808509511,0.923736979580901,0.8414888476719712
2018_10_ATL_CLE,2018,10,2018-11-11,CLE,ATL,1.0,-5.5,212.0,-238.0,0.5671896316507503,0.172281208060013,0.19814734651501661,0.17335547295570583,0.3095095947293303,0.30243746324575804,0.3128007699711261,0.23655873583471881,0.2878004643483448
2018_10_BUF_NYJ,2018,10,2018-11-11,NYJ,BUF,0.0,6.5,-265.0,235.0,0.5671896316507503,0.6023131801958782,0.6923273034586537,0.6652044717467713,0.6309644515377887,0.7133864035893858,0.7086409898223908,0.7319146544899692,0.7271547596126465
2018_10_DET_CHI,2018,10,2018-11-11,CHI,DET,1.0,7.5,-320.0,281.0,0.5671896316507503,0.6137390525211047,0.631755240716278,0.5923793390734334,0.7471164648797355,0.7422167278075583,0.7437774524158125,0.711610164549214,0.8200419890012535
2018_10_JAX_IND,2018,10,2018-11-11,IND,JAX,1.0,3.0,-156.0,141.0,0.5671896316507503,0.521863896648882,0.5867476328926576,0.6043807983827314,0.5627186307737255,0.5992088830366985,0.5949110703209063,0.6106715127961004,0.5912426026340919
2018_10_NE_TEN,2018,10,2018-11-11,TEN,NE,1.0,-6.0,217.0,-244.0,0.5671896316507503,0.3276395558543521,0.34539174644539367,0.3329680227683127,0.28633150296278026,0.2872998056335194,0.30783548698858143,0.3254944423825797,0.2574269092850935
2018_10_NO_CIN,2018,10,2018-11-11,CIN,NO,0.0,-5.5,225.0,-253.0,0.5671896316507503,0.3320805778313466,0.36989040074131135,0.37171119341734893,0.37486808948710165,0.30243746324575804,0.3003616251861306,0.3340575387125467,0.24925361822915523
2018_10_WAS_TB,2018,10,2018-11-11,TB,WAS,0.0,3.5,-183.0,165.0,0.5671896316507503,0.5101795344335674,0.600375749235064,0.5617427809017037,0.5695906980765374,0.6165633799388854,0.6314864248974542,0.6204322246128593,0.5874154316903095
2018_10_LAC_OAK,2018,10,2018-11-11,LV,LAC,0.0,-10.5,391.0,-458.0,0.5671896316507503,0.21836337982142298,0.24946146412397294,0.25435091151440636,0.28952648722196006,0.17308962780446752,0.19880432381590293,0.19644176298268692,0.2609018797262293
2018_10_MIA_GB,2018,10,2018-11-11,GB,MIA,1.0,13.0,-585.0,487.0,0.5671896316507503,0.5934439504220753,0.6666470049469452,0.7165973683683502,0.778426772616259,0.8651229630260452,0.8336954806443391,0.8638930220889542,0.8550485178913303
2018_10_SEA_LA,2018,10,2018-11-11,LA,SEA,1.0,10.0,-420.0,361.0,0.5671896316507503,0.6684338449886126,0.6722593715993304,0.6457582378331771,0.6350402768699132,0.8055901646243299,0.7882908557935022,0.7970409390878939,0.7464862059023937
2018_10_DAL_PHI,2018,10,2018-11-11,PHI,DAL,0.0,7.5,-355.0,310.0,0.5671896316507503,0.7352487292803477,0.7371663912019992,0.7344699512700105,0.6766281669089605,0.7422167278075583,0.7618424496205181,0.754718079357156,0.8023098702942387
2018_10_NYG_SF,2018,10,2018-11-12,SF,NYG,0.0,3.0,-179.0,161.0,0.5671896316507503,0.6468737489912091,0.7029338828377887,0.6868522167251087,0.6296304376675828,0.5992088830366985,0.6261005910022917,0.6426025977554835,0.5835045108835017
2018_11_GB_SEA,2018,11,2018-11-15,SEA,GB,1.0,3.0,-162.0,146.0,0.5671896316507503,0.6505600530254944,0.6692723491652406,0.6508434980339839,0.6388348925702361,0.5992088830366985,0.6033428208078484,0.6505079155689245,0.5887541549636184
2018_11_CAR_DET,2018,11,2018-11-18,DET,CAR,1.0,-4.0,173.0,-192.0,0.5671896316507503,0.39988922169902424,0.45707455690489207,0.4949856563606923,0.36667426066090586,0.3504033056796434,0.35777298568908056,0.35757707337570094,0.3340410946071575
2018_11_CIN_BAL,2018,11,2018-11-18,BAL,CIN,1.0,6.5,-260.0,231.0,0.5671896316507503,0.6504725941696943,0.7710438634224321,0.7050322368832823,0.7458705557833946,0.7133864035893858,0.7050630837293135,0.7313390222913161,0.7451067724840852
2018_11_DAL_ATL,2018,11,2018-11-18,ATL,DAL,0.0,3.5,-186.0,168.0,0.5671896316507503,0.6021296375263377,0.6311885921041307,0.6631664896857465,0.5467122171477872,0.6165633799388854,0.635427289414644,0.6508839525770965,0.7437583604403598
2018_11_HOU_WAS,2018,11,2018-11-18,WAS,HOU,0.0,-3.0,144.0,-160.0,0.5671896316507503,0.6083416057695481,0.49029786059582625,0.5029800048315788,0.5847477551275334,0.38422978799576696,0.39975399753997537,0.3792237332138649,0.47770880984049174
2018_11_PIT_JAX,2018,11,2018-11-18,JAX,PIT,0.0,-4.0,181.0,-202.0,0.5671896316507503,0.2824042187951975,0.26170382963652195,0.2584733044004838,0.18996210441096995,0.3504033056796434,0.34727812147834686,0.3050051251594296,0.2080073278021679
2018_11_TB_NYG,2018,11,2018-11-18,NYG,TB,1.0,3.0,-162.0,146.0,0.5671896316507503,0.491522163331312,0.5188421969424487,0.5458558208894831,0.46824660779901633,0.5992088830366985,0.6033428208078484,0.6285460571248721,0.5960558638684661
2018_11_TEN_IND,2018,11,2018-11-18,IND,TEN,1.0,2.0,-129.0,117.0,0.5671896316507503,0.4130137479511584,0.4778654215238494,0.4831898395829456,0.5043738698318501,0.5637845851638671,0.5500363507751557,0.5102676300486958,0.5610871740850267
2018_11_DEN_LAC,2018,11,2018-11-18,LAC,DEN,0.0,7.5,-329.0,288.0,0.5671896316507503,0.7842933810174043,0.7158406459345292,0.7342517434025566,0.7748431224367928,0.7422167278075583,0.7484638116234346,0.7424077453224946,0.8005562009206528
2018_11_OAK_ARI,2018,11,2018-11-18,ARI,LV,0.0,4.5,-211.0,189.0,0.5671896316507503,0.662905484978883,0.6457723642185956,0.6159215358613046,0.6354319829060573,0.6503596831788232,0.6622465491588744,0.6627074833603346,0.6631253568242503
2018_11_PHI_NO,2018,11,2018-11-18,NO,PHI,1.0,7.0,-331.0,290.0,0.5671896316507503,0.7081430952155409,0.7661307620523271,0.7805810838573973,0.7661351907450694,0.7280408270559351,0.7496951042453104,0.7831387939188726,0.799327691608028
2018_11_MIN_CHI,2018,11,2018-11-18,CHI,MIN,1.0,2.5,-137.0,124.0,0.5671896316507503,0.49315843617346367,0.496189711704065,0.45155852547311,0.624958277328089,0.5816019332252389,0.5642421122306391,0.5509831876908091,0.6854681105980824
2018_11_KC_LA,2018,11,2018-11-19,LA,KC,1.0,3.0,-170.0,153.0,0.5671896316507503,0.5029386709459492,0.5362106516162386,0.5210017254011461,0.5248446629130696,0.5992088830366985,0.6143408084559349,0.6081259561365088,0.5786361497778024
2018_12_CHI_DET,2018,12,2018-11-22,DET,CHI,0.0,-3.0,146.0,-161.0,0.5671896316507503,0.45367830854374774,0.4552545416494429,0.5633268746012322,0.5846910491014066,0.38422978799576696,0.39722399780841927,0.4277413148092702,0.5303061751115457
2018_12_WAS_DAL,2018,12,2018-11-22,DAL,WAS,1.0,7.0,-317.0,279.0,0.5671896316507503,0.6280967977116675,0.6800778684478203,0.727374816608486,0.725881320228862,0.7280408270559351,0.7423428878604573,0.7482130738724891,0.8332317043450893
2018_12_ATL_NO,2018,12,2018-11-22,NO,ATL,1.0,11.5,-550.0,433.0,0.5671896316507503,0.7903859140804649,0.8040064676486359,0.7965288372115802,0.801984161693115,0.8375427458450907,0.8185117967332123,0.8380032302533422,0.8672936239219939
2018_12_CLE_CIN,2018,12,2018-11-25,CIN,CLE,0.0,-1.0,102.0,-113.0,0.5671896316507503,0.7514748873902011,0.6566443290516586,0.7021420812595739,0.7084337069472836,0.45503048741748686,0.4827086071703758,0.5368049826287907,0.5441163887018589
2018_12_JAX_BUF,2018,12,2018-11-25,BUF,JAX,1.0,-3.0,140.0,-155.0,0.5671896316507503,0.5235385499452658,0.5483288625407092,0.48599414621820247,0.3937964919176928,0.38422978799576696,0.4066985645933015,0.4385599656028543,0.389866254440386
2018_12_NE_NYJ,2018,12,2018-11-25,NYJ,NE,0.0,-13.0,487.0,-585.0,0.5671896316507503,0.20259893431039372,0.22133282197324433,0.22577644319323856,0.18142234751336336,0.1269752926714932,0.16630451935566104,0.12158094148079272,0.12630044477381594
2018_12_NYG_PHI,2018,12,2018-11-25,PHI,NYG,1.0,4.5,-215.0,192.0,0.5671896316507503,0.7966122095551977,0.7402648518102579,0.7404882308233088,0.802785100004992,0.6503596831788232,0.6658888417479847,0.6996038334155695,0.7929761043700974
2018_12_OAK_BAL,2018,12,2018-11-25,BAL,LV,1.0,13.0,-691.0,524.0,0.5671896316507503,0.8231328120754927,0.850155717329751,0.811622508616985,0.8544337653416699,0.8651229630260452,0.8449882810356586,0.8913850533678532,0.8886549631611178
2018_12_SEA_CAR,2018,12,2018-11-25,CAR,SEA,0.0,3.0,-162.0,146.0,0.5671896316507503,0.6035258648497707,0.5685081824311773,0.5489660233307989,0.5930733812304663,0.5992088830366985,0.6033428208078484,0.6192620678148795,0.5996818528401715
2018_12_SF_TB,2018,12,2018-11-25,TB,SF,1.0,1.5,-127.0,115.0,0.5671896316507503,0.6053729423014914,0.5086219367784371,0.5106392735560213,0.4170956894028845,0.5458010297828424,0.5460453954604539,0.5096687837187832,0.429313695584946
2018_12_ARI_LAC,2018,12,2018-11-25,LAC,ARI,1.0,14.0,-837.0,612.0,0.5671896316507503,0.8278519833207891,0.8426824599559622,0.8611576528693232,0.8719960025171912,0.8812312706956325,0.864132798951343,0.885704495742891,0.8462529218292701
2018_12_MIA_IND,2018,12,2018-11-25,IND,MIA,1.0,9.0,-394.0,341.0,0.5671896316507503,0.6595678297299127,0.7352701561959524,0.7058393988670993,0.6903261663880434,0.7817634820770446,0.7786282119074719,0.7951580389149228,0.7984734020119283
2018_12_PIT_DEN,2018,12,2018-11-25,DEN,PIT,1.0,-3.0,148.0,-164.0,0.5671896316507503,0.26095312173807395,0.27551197986297377,0.26695644998634876,0.2937848537514497,0.38422978799576696,0.39360687022900764,0.3364827574713913,0.36880721792113214
2018_12_GB_MIN,2018,12,2018-11-25,MIN,GB,1.0,4.0,-205.0,184.0,0.5671896316507503,0.6994453398695196,0.5979128888429169,0.5930628371507376,0.6509796257010416,0.6336258817489602,0.6562218214607755,0.5957091801440499,0.6134133890676055
2018_12_TEN_HOU,2018,12,2018-11-26,HOU,TEN,1.0,3.5,-190.0,171.0,0.5671896316507503,0.5486228629749986,0.5406064266012528,0.5494604289755584,0.6617807132961279,0.6165633799388854,0.6397067958752639,0.5384078795002185,0.6738227085365057
2018_13_NO_DAL,2018,13,2018-11-29,DAL,NO,1.0,-7.0,275.0,-313.0,0.5671896316507503,0.33564166669960566,0.3216242720084553,0.30229999387980716,0.3025612926738166,0.25842546054993815,0.2602804474554908,0.2612474236447541,0.237692872522053
2018_13_ARI_GB,2018,13,2018-12-02,GB,ARI,0.0,13.5,-729.0,548.0,0.5671896316507503,0.7075647447989077,0.761968580045416,0.8045723033882323,0.7426629639244309,0.8733960089248043,0.8507091764333,0.8705122266878734,0.7960349418337286
2018_13_BAL_ATL,2018,13,2018-12-02,ATL,BAL,0.0,2.5,-147.0,133.0,0.5671896316507503,0.5179479792798388,0.5221846504872375,0.6011065967905531,0.6114397309880862,0.5816019332252389,0.5810079557598683,0.5974087417021525,0.6956906482133555
2018_13_BUF_MIA,2018,13,2018-12-02,MIA,BUF,1.0,3.5,-180.0,162.0,0.5671896316507503,0.5478010513820656,0.559181708816788,0.5883648856978002,0.5640230434503731,0.6165633799388854,0.6274614156466205,0.6225080025760117,0.6961809749617983
2018_13_CAR_TB,2018,13,2018-12-02,TB,CAR,1.0,-3.5,166.0,-185.0,0.5671896316507503,0.37961576347601467,0.4274076101938361,0.4308388929956974,0.47022018321174747,0.36715300872236206,0.36674816625916873,0.3083202586551242,0.3450630777926614
2018_13_CHI_NYG,2018,13,2018-12-02,NYG,CHI,1.0,-3.5,166.0,-185.0,0.5671896316507503,0.2925812064973403,0.33716106124329237,0.39220017420730313,0.34571155868645764,0.36715300872236206,0.36674816625916873,0.3642341210382485,0.37750419840598065
2018_13_CLE_HOU,2018,13,2018-12-02,HOU,CLE,1.0,5.0,-246.0,219.0,0.5671896316507503,0.7610059839549365,0.766529520907923,0.7837039967798508,0.6306894530278624,0.666731183736045,0.6940056953853229,0.7115832751699148,0.5742437504605677
2018_13_DEN_CIN,2018,13,2018-12-02,CIN,DEN,0.0,-3.5,160.0,-178.0,0.5671896316507503,0.49728315825418257,0.5502127450769447,0.5197337559527304,0.6100693785621987,0.36715300872236206,0.3752699784017279,0.4764192672876789,0.5360872782704139
2018_13_IND_JAX,2018,13,2018-12-02,JAX,IND,1.0,-4.0,179.0,-199.0,0.5671896316507503,0.4759229615470092,0.4147212673359594,0.3914375832613566,0.3763747435409615,0.3504033056796434,0.3500310228164034,0.322993638747001,0.29187693545521787
2018_13_LA_DET,2018,13,2018-12-02,DET,LA,0.0,-10.5,385.0,-450.0,0.5671896316507503,0.2992936927432597,0.35055948852093116,0.3931973727246568,0.36011174789252237,0.17308962780446752,0.20128087831655989,0.21083141414340145,0.23651487128458787
2018_13_KC_OAK,2018,13,2018-12-02,LV,KC,0.0,-14.0,593.0,-769.0,0.5671896316507503,0.14822486929308276,0.13108653044404164,0.14473107340447772,0.16382059381869918,0.11168885345272718,0.14020267272436865,0.09724621306929032,0.12241133788078208
2018_13_NYJ_TEN,2018,13,2018-12-02,TEN,NYJ,1.0,10.5,-431.0,370.0,0.5671896316507503,0.7560056339754011,0.7476851420339173,0.7301101455797335,0.7696324870265417,0.8167412967572157,0.7923104001251613,0.8418922118308562,0.7911323537368067
2018_13_MIN_NE,2018,13,2018-12-02,NE,MIN,1.0,6.0,-244.0,217.0,0.5671896316507503,0.6507071516122443,0.7064009888275681,0.7117552234746125,0.6384662055524992,0.6982695948661448,0.6921645130114186,0.755158138188982,0.7536303130229548
2018_13_SF_SEA,2018,13,2018-12-02,SEA,SF,1.0,10.0,-500.0,411.0,0.5671896316507503,0.81900058891379,0.7363202220633935,0.7559356704552135,0.7236877847013585,0.8055901646243299,0.809825673534073,0.8169130650228229,0.8312145187117781
2018_13_LAC_PIT,2018,13,2018-12-02,PIT,LAC,0.0,3.5,-185.0,166.0,0.5671896316507503,0.6136083478021993,0.6114615101969584,0.6046407753416976,0.5580001386280194,0.6165633799388854,0.6332518337408314,0.6562604996151289,0.5766902773990863
2018_13_WAS_PHI,2018,13,2018-12-03,PHI,WAS,1.0,5.5,-239.0,213.0,0.5671896316507503,0.6876498626885049,0.6613855021525936,0.6852530124913311,0.711654433305026,0.6827100962324322,0.6881525568730624,0.6992593530522514,0.7782984682666163
2018_14_JAX_TEN,2018,14,2018-12-06,TEN,JAX,1.0,5.5,-248.0,221.0,0.5671896316507503,0.6300320435513591,0.616958947608891,0.6404166937251113,0.7371122258125624,0.6827100962324322,0.6958254667505769,0.7158533708363388,0.7792144091189285
2018_14_ATL_GB,2018,14,2018-12-09,GB,ATL,1.0,4.0,-185.0,166.0,0.5671896316507503,0.4890535485333064,0.5560248632713775,0.5605745942395899,0.545953944682887,0.6336258817489602,0.6332518337408314,0.6379103414850199,0.6739115921795357
2018_14_BAL_KC,2018,14,2018-12-09,KC,BAL,1.0,6.5,-269.0,239.0,0.5671896316507503,0.6947062458440267,0.6633476350403026,0.7180753190552472,0.7885031475863026,0.7133864035893858,0.7119235543480806,0.7085100338370498,0.8089741289244624
2018_14_CAR_CLE,2018,14,2018-12-09,CLE,CAR,1.0,-1.0,106.0,-117.0,0.5671896316507503,0.32567732747696326,0.3741846485355774,0.3816337199035744,0.3428029444399816,0.45503048741748686,0.47377843762281124,0.428412493125623,0.4115166772794312
2018_14_IND_HOU,2018,14,2018-12-09,HOU,IND,0.0,4.0,-196.0,176.0,0.5671896316507503,0.654945049160836,0.5796713968854756,0.5774841302598737,0.5207532886720208,0.6336258817489602,0.6463391320971134,0.6001248321982837,0.6152042125968359
2018_14_NE_MIA,2018,14,2018-12-09,MIA,NE,1.0,-8.5,319.0,-367.0,0.5671896316507503,0.2498736971040531,0.24383927490192778,0.23425403824050176,0.29959182784337723,0.2188092314106861,0.23294907543659243,0.214643065921753,0.29036745160712574
2018_14_NO_TB,2018,14,2018-12-09,TB,NO,0.0,-8.5,330.0,-380.0,0.5671896316507503,0.236288821083267,0.21525230508443471,0.19172756920389766,0.22597720147930658,0.2188092314106861,0.2270577105014191,0.15724577540550785,0.2524829719632512
2018_14_NYG_WAS,2018,14,2018-12-09,WAS,NYG,0.0,-3.0,151.0,-167.0,0.5671896316507503,0.6672538618691445,0.5792451244536705,0.5575590538521571,0.4896857785319866,0.38422978799576696,0.38911639972601536,0.41371672367650847,0.36155600374234026
2018_14_NYJ_BUF,2018,14,2018-12-09,BUF,NYJ,0.0,4.5,-211.0,189.0,0.5671896316507503,0.6739045693101122,0.5919086074141527,0.6032959478509505,0.6948147591701203,0.6503596831788232,0.6622465491588744,0.5850584917381935,0.7067167125197655
2018_14_CIN_LAC,2018,14,2018-12-09,LAC,CIN,1.0,17.0,-1292.0,847.0,0.5671896316507503,0.8271585461004406,0.8613613247108073,0.8817750261292302,0.8510404514381076,0.9199040018032318,0.8978516559479396,0.9181365493228237,0.8523008904248339
2018_14_DEN_SF,2018,14,2018-12-09,SF,DEN,1.0,-3.0,148.0,-164.0,0.5671896316507503,0.34909805647958575,0.48796196416163184,0.5001069541146287,0.4759765083793995,0.38422978799576696,0.39360687022900764,0.42512129428716783,0.4396374284284691
2018_14_DET_ARI,2018,14,2018-12-09,ARI,DET,0.0,-2.5,126.0,-139.0,0.5671896316507503,0.47635789603252326,0.49533332231993826,0.45346935210395645,0.473961656510674,0.401596801222245,0.4320786780923455,0.45214016214742486,0.4624523201457147
2018_14_PHI_DAL,2018,14,2018-12-09,DAL,PHI,1.0,3.5,-185.0,166.0,0.5671896316507503,0.5523367139143357,0.5725672962039896,0.5626119710439816,0.592993448113439,0.6165633799388854,0.6332518337408314,0.5914959909057432,0.6516251324092375
2018_14_PIT_OAK,2018,14,2018-12-09,LV,PIT,1.0,-10.5,384.0,-449.0,0.5671896316507503,0.18662879046237899,0.20151977821389314,0.2124564964681677,0.11800294867439871,0.17308962780446752,0.2016780791724219,0.16720159877225751,0.10218641220079994
2018_14_LA_CHI,2018,14,2018-12-09,CHI,LA,1.0,-3.0,126.0,-139.0,0.5671896316507503,0.40534182382156214,0.47302121929187924,0.5035425432443401,0.488764964613825,0.38422978799576696,0.4320786780923455,0.40532856931055394,0.43709333520894433
2018_14_MIN_SEA,2018,14,2018-12-10,SEA,MIN,1.0,3.0,-171.0,151.0,0.5671896316507503,0.5884346796213402,0.6972409105149261,0.6801861559728914,0.6579984607426141,0.5992088830366985,0.6129732508818783,0.6837646797707378,0.5973308269600858
2018_15_LAC_KC,2018,15,2018-12-13,KC,LAC,0.0,3.5,-194.0,174.0,0.5671896316507503,0.6484251962460017,0.5576652311972903,0.5401677202233222,0.6342137502695029,0.6165633799388854,0.6438780948689375,0.5709977951964922,0.6808003390407292
2018_15_HOU_NYJ,2018,15,2018-12-15,NYJ,HOU,0.0,-7.0,253.0,-286.0,0.5671896316507503,0.34000036197229966,0.3990867278042083,0.3946421038968571,0.3951216776494187,0.25842546054993815,0.2765875120021783,0.31815316563650886,0.3447745813062595
2018_15_CLE_DEN,2018,15,2018-12-15,DEN,CLE,0.0,1.0,-128.0,116.0,0.5671896316507503,0.6858257883853282,0.6861833153972651,0.6928124301167262,0.6793259719484892,0.527697172800224,0.5480494766888677,0.5748229049633602,0.5341294692381835
2018_15_ARI_ATL,2018,15,2018-12-16,ATL,ARI,1.0,10.0,-382.0,332.0,0.5671896316507503,0.7208036482730761,0.7604665510230745,0.8082365443051313,0.6735181586946376,0.8055901646243299,0.7739466476569241,0.8240177081970045,0.6646994249121024
2018_15_DAL_IND,2018,15,2018-12-16,IND,DAL,1.0,3.0,-172.0,155.0,0.5671896316507503,0.42257783672132404,0.5537642553524696,0.5789018449113292,0.5195406572327087,0.5992088830366985,0.6172248803827751,0.6417701694924367,0.5778078966457895
2018_15_DET_BUF,2018,15,2018-12-16,BUF,DET,1.0,2.5,-146.0,132.0,0.5671896316507503,0.4521723778010066,0.4711618221760947,0.42364065585384403,0.41596557392825834,0.5816019332252389,0.5792858120125872,0.5393453857758986,0.519160713722858
2018_15_GB_CHI,2018,15,2018-12-16,CHI,GB,1.0,6.0,-248.0,221.0,0.5671896316507503,0.7166237916767512,0.6147357953461915,0.5509141842280054,0.7593882291118962,0.6982695948661448,0.6958254667505769,0.6380344952036732,0.6222051256620481
2018_15_MIA_MIN,2018,15,2018-12-16,MIN,MIA,1.0,7.5,-356.0,311.0,0.5671896316507503,0.7126152610799631,0.6767662713750114,0.7074913081821637,0.6608846497691548,0.7422167278075583,0.7623960482711186,0.7269902264473015,0.794229277857051
2018_15_OAK_CIN,2018,15,2018-12-16,CIN,LV,1.0,3.0,-155.0,140.0,0.5671896316507503,0.6396509036710187,0.6566313547132546,0.6292525409153402,0.6556526146743522,0.5992088830366985,0.5933014354066986,0.6632307047416862,0.5971372599688876
2018_15_TB_BAL,2018,15,2018-12-16,BAL,TB,1.0,8.5,-378.0,328.0,0.5671896316507503,0.7385686047722999,0.7821801473729426,0.7540686902205914,0.787332307348926,0.7690857265577086,0.7719291548973205,0.8341825347907723,0.8112341540008496
2018_15_TEN_NYG,2018,15,2018-12-16,NYG,TEN,0.0,-2.5,112.0,-123.0,0.5671896316507503,0.45952809012462686,0.4643558141289771,0.4656748063305157,0.4506886834607316,0.401596801222245,0.46097238299983456,0.35679155770342874,0.4748744988872305
2018_15_WAS_JAX,2018,15,2018-12-16,JAX,WAS,0.0,7.5,-338.0,296.0,0.5671896316507503,0.5768711525894599,0.6608166806563671,0.6753082526156599,0.6461005126531323,0.7422167278075583,0.7534450148608485,0.7588189478329451,0.7775938149358369
2018_15_SEA_SF,2018,15,2018-12-16,SF,SEA,1.0,-3.5,186.0,-207.0,0.5671896316507503,0.25874897301395244,0.30823609979975486,0.30346572374462605,0.35723052461885935,0.36715300872236206,0.3414829480990412,0.311736312511351,0.38885492145699885
2018_15_NE_PIT,2018,15,2018-12-16,PIT,NE,1.0,-2.5,117.0,-129.0,0.5671896316507503,0.4849767950212789,0.5741442320388761,0.5615554687209192,0.5501332505765094,0.401596801222245,0.4499636492248442,0.4553973027539044,0.4596403276900708
2018_15_PHI_LA,2018,15,2018-12-16,LA,PHI,0.0,13.5,-800.0,590.0,0.5671896316507503,0.6611424788785917,0.6664771648167885,0.7158902213977761,0.643653329622868,0.8733960089248043,0.8598130841121495,0.849665872023253,0.7930133626064545
2018_15_NO_CAR,2018,15,2018-12-17,CAR,NO,0.0,-6.0,221.0,-248.0,0.5671896316507503,0.2804197542678929,0.2672020012200478,0.23393874907421328,0.29184690766390675,0.2872998056335194,0.30417453324942306,0.2427769654101288,0.2667050099518788
2018_16_WAS_TEN,2018,16,2018-12-22,TEN,WAS,1.0,12.5,-599.0,481.0,0.5671896316507503,0.7058442884563249,0.7663986323902523,0.7826407261665802,0.8786106643998949,0.856398193635073,0.8327427085152865,0.8819355459947125,0.9236208922149814
2018_16_BAL_LAC,2018,16,2018-12-22,LAC,BAL,0.0,4.0,-198.0,178.0,0.5671896316507503,0.6390316861440828,0.7006916417360303,0.7504231130460627,0.6908536626843753,0.6336258817489602,0.6487671491207393,0.6854577761941869,0.7606040699061112
2018_16_ATL_CAR,2018,16,2018-12-23,CAR,ATL,0.0,-2.5,133.0,-147.0,0.5671896316507503,0.5855645007669388,0.5108231104217594,0.35986184099972424,0.5912399281693503,0.401596801222245,0.41899204424013164,0.3855978387478226,0.45838696337413126
2018_16_BUF_NE,2018,16,2018-12-23,NE,BUF,1.0,14.0,-750.0,560.0,0.5671896316507503,0.8363202069832292,0.8054948192887024,0.8350028740936397,0.8814682228802639,0.8812312706956325,0.8534482758620688,0.8894701085046518,0.8646996865016671
2018_16_CIN_CLE,2018,16,2018-12-23,CLE,CIN,1.0,10.0,-385.0,334.0,0.5671896316507503,0.5493759949430074,0.5188795538047289,0.528527232494278,0.6276217373442488,0.8055901646243299,0.7750359478640011,0.735321576468579,0.804472124265711
2018_16_GB_NYJ,2018,16,2018-12-23,NYJ,GB,0.0,-3.0,128.0,-141.0,0.5671896316507503,0.40211471262322523,0.44460567173410215,0.412924806312456,0.4953499416119253,0.38422978799576696,0.42845967856634903,0.4290606983739654,0.49044821324332577
2018_16_HOU_PHI,2018,16,2018-12-23,PHI,HOU,1.0,1.0,-123.0,111.0,0.5671896316507503,0.6635440049050788,0.6179159771374751,0.5829465638714622,0.5128178685300616,0.527697172800224,0.537852568752202,0.5881545231495721,0.5130427039606118
2018_16_JAX_MIA,2018,16,2018-12-23,MIA,JAX,0.0,3.0,-153.0,139.0,0.5671896316507503,0.577325706060605,0.5690824676919246,0.6027966733874414,0.6806589131257365,0.5992088830366985,0.5910582378327702,0.6345285756266819,0.6664672719934249
2018_16_MIN_DET,2018,16,2018-12-23,DET,MIN,0.0,-6.5,236.0,-266.0,0.5671896316507503,0.4232051294073989,0.4686494440103083,0.4679882255581344,0.48054443772247374,0.2726237047014006,0.2905315298152029,0.3160365491177266,0.3429490922640743
2018_16_NYG_IND,2018,16,2018-12-23,IND,NYG,1.0,10.0,-400.0,346.0,0.5671896316507503,0.7203579675576416,0.7650515691744353,0.7684051487831077,0.6758840251312783,0.8055901646243299,0.7810858143607706,0.8404592672390412,0.8135715482100535
2018_16_TB_DAL,2018,16,2018-12-23,DAL,TB,1.0,7.0,-315.0,277.0,0.5671896316507503,0.7313349849064286,0.6975757124829918,0.691070597688619,0.6510129820780096,0.7280408270559351,0.741037721131946,0.749563706830862,0.795522430752409
2018_16_CHI_SF,2018,16,2018-12-23,SF,CHI,0.0,-3.5,171.0,-190.0,0.5671896316507503,0.29501625792540415,0.4387514652413509,0.46559518006691275,0.41652744487872473,0.36715300872236206,0.360293204124736,0.4159054919744124,0.4663726328386916
2018_16_LA_ARI,2018,16,2018-12-23,ARI,LA,0.0,-14.5,516.0,-679.0,0.5671896316507503,0.21201780925449068,0.2409646571995086,0.23356010038448285,0.31501192466542544,0.10466604045641965,0.15700453882184118,0.12385737587796736,0.21452866043075577
2018_16_PIT_NO,2018,16,2018-12-23,NO,PIT,1.0,6.5,-269.0,238.0,0.5671896316507503,0.7130528837909528,0.6825930640679797,0.705211464379342,0.7041840744454838,0.7133864035893858,0.7113173006211763,0.7296940042262026,0.7770342661800737
2018_16_KC_SEA,2018,16,2018-12-23,SEA,KC,1.0,-1.0,105.0,-117.0,0.5671896316507503,0.43158999253401137,0.4949978689457799,0.5071495426451342,0.38797282428190755,0.45503048741748686,0.47499179161650434,0.4945538076596565,0.3717826942815406
2018_16_DEN_OAK,2018,16,2018-12-24,LV,DEN,1.0,-2.5,118.0,-130.0,0.5671896316507503,0.3668534346435673,0.3978418794547647,0.4268170858259564,0.43003505092074845,0.401596801222245,0.4479937670432412,0.40267483232835105,0.49633667374689167
2018_17_ATL_TB,2018,17,2018-12-30,TB,ATL,0.0,-2.5,129.0,-142.0,0.5671896316507503,0.428811757441506,0.43476091518820487,0.4089616317901657,0.4023474173633408,0.401596801222245,0.42667230861454913,0.37496552152586105,0.41197100051010704
2018_17_CAR_NO,2018,17,2018-12-30,NO,CAR,0.0,8.0,-314.0,276.0,0.5671896316507503,0.8592079835174277,0.841156297406115,0.7645550847110932,0.8461081539632855,0.7559014544689211,0.7403802739176241,0.8071811010870522,0.9005873154034636
2018_17_DAL_NYG,2018,17,2018-12-30,NYG,DAL,0.0,7.5,-338.0,295.0,0.5671896316507503,0.34767469705135134,0.4281306398507899,0.4368177079699193,0.47273910514026,0.7422167278075583,0.7529750155095595,0.7105559153020512,0.7286458513318025
2018_17_DET_GB,2018,17,2018-12-30,GB,DET,0.0,7.5,-324.0,284.0,0.5671896316507503,0.6203053222306776,0.6533783297744166,0.39255828402577564,0.6038511230779159,0.7422167278075583,0.7458277383464417,0.7203115031943843,0.6742600153883647
2018_17_JAX_HOU,2018,17,2018-12-30,HOU,JAX,1.0,7.0,-311.0,274.0,0.5671896316507503,0.6815924157763492,0.6647959629484776,0.6255604661217945,0.7119720450784185,0.7280408270559351,0.7389050529177836,0.7073589585263401,0.7248309469656696
2018_17_MIA_BUF,2018,17,2018-12-30,BUF,MIA,1.0,5.5,-250.0,222.0,0.5671896316507503,0.5651493232343756,0.5490300987953778,0.5102179775962995,0.5065779907375847,0.6827100962324322,0.6969696969696969,0.6245732715057652,0.5642449435530993
2018_17_NYJ_NE,2018,17,2018-12-30,NE,NYJ,1.0,14.0,-848.0,618.0,0.5671896316507503,0.8877208501437397,0.8124631946792032,0.8224107977981582,0.945580341517011,0.8812312706956325,0.865276609290798,0.8550631147478485,0.9512210195018623
2018_17_ARI_SEA,2018,17,2018-12-30,SEA,ARI,1.0,15.5,-822.0,603.0,0.5671896316507503,0.8690995698192856,0.8742402243072385,0.8893562071364475,0.8435776722929995,0.902260075214829,0.8624016141693505,0.9041900904444408,0.8953062031683361
2018_17_CHI_MIN,2018,17,2018-12-30,MIN,CHI,0.0,6.0,-230.0,205.0,0.5671896316507503,0.5449574662129026,0.5626238731487126,0.6148173019867624,0.6372938327086662,0.6982695948661448,0.6800775569558896,0.6892459906128464,0.7117760559925478
2018_17_CIN_PIT,2018,17,2018-12-30,PIT,CIN,1.0,14.0,-672.0,512.0,0.5671896316507503,0.8204330125830933,0.784301624586787,0.8034934442292724,0.7022549479526589,0.8812312706956325,0.841953552360051,0.8581980432996913,0.7278496466562746
2018_17_CLE_BAL,2018,17,2018-12-30,BAL,CLE,1.0,7.0,-325.0,285.0,0.5671896316507503,0.8091768433207797,0.7844961721488698,0.7660639633886068,0.8454710280672564,0.7280408270559351,0.7464578672632363,0.7605072348271685,0.825590265120064
2018_17_LAC_DEN,2018,17,2018-12-30,DEN,LAC,0.0,-7.0,239.0,-270.0,0.5671896316507503,0.32800550877235857,0.2908358256088787,0.2711632741456954,0.40960503482459076,0.25842546054993815,0.28787053606161983,0.21532263658019268,0.2677709942687377
2018_17_OAK_KC,2018,17,2018-12-30,KC,LV,1.0,14.5,-794.0,586.0,0.5671896316507503,0.8781903747279672,0.843012480785316,0.8333593513619848,0.8138056253782511,0.8886434491686318,0.859009216444509,0.8877930494376218,0.8439981270493799
2018_17_PHI_WAS,2018,17,2018-12-30,WAS,PHI,0.0,-6.0,218.0,-245.0,0.5671896316507503,0.3157677866134026,0.3500631520348641,0.3592640116243362,0.33673590596861463,0.2872998056335194,0.3069121964238057,0.2724491958092425,0.2133038543424766
2018_17_SF_LA,2018,17,2018-12-30,LA,SF,1.0,10.5,-450.0,385.0,0.5671896316507503,0.8394561347939876,0.7652787322732898,0.7492632560427043,0.8387903342782675,0.8167412967572157,0.7987191216834401,0.79729661557244,0.8616762856720707
2018_17_IND_TEN,2018,17,2018-12-30,TEN,IND,0.0,-5.0,190.0,-212.0,0.5671896316507503,0.598464549448679,0.5526042046968057,0.391528166181472,0.46254475280800905,0.3180168173825532,0.3366422097539922,0.3507311357038529,0.2925866323293085
2019_01_GB_CHI,2019,1,2019-09-05,CHI,GB,0.0,3.5,-178.0,160.0,0.5699937225360954,0.7547172525167517,0.698516864332298,0.5059537935286721,0.834582052638498,0.619174424945998,0.6247300215982722,0.599748525131525,0.7117836705569718
2019_01_ATL_MIN,2019,1,2019-09-08,MIN,ATL,1.0,3.5,-176.0,159.0,0.5699937225360954,0.5984472035116025,0.6143176960364931,0.6248870219086506,0.4968724400647284,0.619174424945998,0.6228683865325755,0.6588293258611606,0.5965956030331161
2019_01_BAL_MIA,2019,1,2019-09-08,MIA,BAL,0.0,-7.0,263.0,-298.0,0.5699937225360954,0.3200298199728288,0.33246078195069556,0.46732502612609045,0.37442614645721717,0.26301078919818405,0.2689661697325205,0.30793216483938,0.2740704579554003
2019_01_BUF_NYJ,2019,1,2019-09-08,NYJ,BUF,0.0,2.5,-149.0,135.0,0.5699937225360954,0.46590101586326904,0.47126887543654133,0.5095480731522577,0.5658376194643784,0.5845850177021317,0.5844112492697988,0.6271209514502574,0.6888438329961506
2019_01_KC_JAX,2019,1,2019-09-08,JAX,KC,0.0,-3.5,163.0,-181.0,0.5699937225360954,0.3259012480582426,0.32574943944212986,0.3785221490452325,0.5854444875158666,0.3717063216648587,0.37118740340541323,0.40629321304214927,0.6007043941661032
2019_01_LA_CAR,2019,1,2019-09-08,CAR,LA,0.0,-1.5,111.0,-122.0,0.5699937225360954,0.4430772585765477,0.485862916551728,0.4825659542588042,0.4898304223896581,0.44125728409760395,0.4630595302657377,0.4751807579043015,0.47193877665381084
2019_01_TEN_CLE,2019,1,2019-09-08,CLE,TEN,0.0,5.5,-230.0,206.0,0.5699937225360954,0.45302206940792084,0.5098844547469706,0.39323320846314547,0.5105082351074555,0.6845773544826139,0.6807893209518282,0.6524658520344737,0.5833923659013802
2019_01_WAS_PHI,2019,1,2019-09-08,PHI,WAS,1.0,10.5,-463.0,395.0,0.5699937225360954,0.768993253511778,0.7786224131178349,0.7583611679976535,0.7844492397354015,0.8171258222653166,0.8027917403716482,0.8200963073923749,0.8123496717798512
2019_01_CIN_SEA,2019,1,2019-09-08,SEA,CIN,1.0,9.5,-398.0,344.0,0.5699937225360954,0.7655876565167631,0.7838676163380512,0.7298105095670339,0.8058262582189123,0.7945500316685373,0.7801440983259166,0.791601931099581,0.8093232308066235
2019_01_IND_LAC,2019,1,2019-09-08,LAC,IND,1.0,6.0,-265.0,235.0,0.5699937225360954,0.61159307808506,0.6501952124114028,0.7939981317915605,0.6158269995385542,0.6999582021059714,0.7086409898223908,0.7419390782419313,0.652295002246726
2019_01_NYG_DAL,2019,1,2019-09-08,DAL,NYG,1.0,7.0,-308.0,271.0,0.5699937225360954,0.7259706955270683,0.6611156460756925,0.6678083663075635,0.6202574092906398,0.7293880739977538,0.7368896226171744,0.7296224006858298,0.7313601729000553
2019_01_SF_TB,2019,1,2019-09-08,TB,SF,0.0,1.0,-108.0,-102.0,0.5699937225360954,0.6061800944242363,0.6175009469465141,0.5627254006097968,0.6874075489560082,0.5312074512105353,0.5069715560513107,0.5469140158611437,0.6279682015364467
2019_01_PIT_NE,2019,1,2019-09-08,NE,PIT,1.0,5.5,-228.0,203.0,0.5699937225360954,0.6702277951802261,0.671412380896438,0.6777045421332679,0.7270123947031366,0.6845773544826139,0.6780652506772408,0.6889641420695566,0.7288055267455257
2019_01_HOU_NO,2019,1,2019-09-09,NO,HOU,1.0,6.5,-310.0,273.0,0.5699937225360954,0.7206221994880402,0.7432231147846621,0.7722091422425528,0.7207943747747293,0.7149013877557152,0.7382366085679627,0.7801517561029477,0.6914384626239903
2019_01_DEN_OAK,2019,1,2019-09-09,LV,DEN,1.0,-3.0,135.0,-149.0,0.5699937225360954,0.5005243350469984,0.4990971162529555,0.5041103798570017,0.526597071925569,0.38872068218926786,0.4155887507302011,0.4402326403525808,0.446706219137765
2019_02_TB_CAR,2019,2,2019-09-12,CAR,TB,0.0,6.5,-277.0,240.0,0.5699937225360954,0.7097775812027162,0.6695473971740207,0.6490743488730434,0.6121915533084973,0.7149013877557152,0.7141340612678193,0.7259325658765502,0.6659310911632609
2019_02_ARI_BAL,2019,2,2019-09-15,BAL,ARI,1.0,13.0,-665.0,513.0,0.5699937225360954,0.8334371925222427,0.8963869940465395,0.8792301863153771,0.9193210621460094,0.8650692642722172,0.8419894866207438,0.8821273961933741,0.8972360147323941
2019_02_BUF_NYG,2019,2,2019-09-15,NYG,BUF,0.0,-1.0,102.0,-113.0,0.5699937225360954,0.5286707426768473,0.60630804694074,0.6165447232191835,0.6107198369247528,0.45912881332231675,0.4827086071703758,0.5310582604840056,0.4761880618974733
2019_02_DAL_WAS,2019,2,2019-09-15,WAS,DAL,0.0,-6.0,233.0,-268.0,0.5699937225360954,0.3664916777649334,0.34577546875892123,0.3737723815607228,0.42835714138859554,0.2919448879585793,0.29196153724096346,0.29914321818126355,0.32570507492183104
2019_02_IND_TEN,2019,2,2019-09-15,TEN,IND,0.0,3.0,-178.0,160.0,0.5699937225360954,0.5709781872906167,0.564002243025077,0.6327219307751258,0.5201058100000846,0.6020070587234371,0.6247300215982722,0.608997817578652,0.4929270215495887
2019_02_JAX_HOU,2019,2,2019-09-15,HOU,JAX,1.0,7.5,-336.0,286.0,0.5699937225360954,0.6743727553823499,0.6633097260001652,0.6732759206685736,0.6973211166793998,0.7434028594038091,0.7484073492752285,0.6947560339417552,0.7059508940877319
2019_02_LAC_DET,2019,2,2019-09-15,DET,LAC,1.0,-1.0,-103.0,-107.0,0.5699937225360954,0.39672619621965605,0.4526370786487898,0.4575458024406528,0.4309346219321297,0.45912881332231675,0.4953533757725013,0.4626138847069323,0.4240499168103864
2019_02_MIN_GB,2019,2,2019-09-15,GB,MIN,1.0,3.0,-165.0,148.0,0.5699937225360954,0.44896619463950416,0.5022002486125486,0.5152341121599179,0.5283545814014305,0.6020070587234371,0.6069415603678434,0.6151100244015874,0.6247823208015132
2019_02_NE_MIA,2019,2,2019-09-15,MIA,NE,0.0,-18.0,880.0,-1300.0,0.5699937225360954,0.18329886220452754,0.14203999672717613,0.16317697005008402,0.24182157478731658,0.06792477978070013,0.099009900990099,0.07870304868367042,0.18016514948000242
2019_02_SEA_PIT,2019,2,2019-09-15,PIT,SEA,0.0,4.0,-197.0,175.0,0.5699937225360954,0.5496120252117017,0.5802296927546396,0.5923097953833605,0.6777507967349148,0.6360489652150136,0.6459016393442624,0.6641230708522058,0.6906560193487549
2019_02_SF_CIN,2019,2,2019-09-15,CIN,SF,0.0,1.0,-107.0,-103.0,0.5699937225360954,0.5273167824180958,0.5767530154160613,0.5794521962400447,0.604245620834981,0.5312074512105353,0.5046466242274987,0.6100934939376914,0.5554602261363721
2019_02_KC_OAK,2019,2,2019-09-15,LV,KC,0.0,-7.0,252.0,-293.0,0.5699937225360954,0.2660953290818972,0.23836021015846834,0.2379820233525595,0.31397521206447476,0.26301078919818405,0.27591339268162546,0.2680841263501665,0.38019812595473895
2019_02_CHI_DEN,2019,2,2019-09-15,DEN,CHI,0.0,-3.0,132.0,-147.0,0.5699937225360954,0.3616117101454557,0.3976172206562399,0.4058752063718693,0.3569617608003949,0.38872068218926786,0.42003945309842866,0.3961837398076228,0.4054762275201633
2019_02_NO_LA,2019,2,2019-09-15,LA,NO,1.0,2.0,-118.0,107.0,0.5699937225360954,0.5506144799533724,0.58015173367385,0.5371999747044289,0.5518778431425236,0.5669489367911474,0.5284039285250725,0.5749049546517639,0.5136897473595218
2019_02_PHI_ATL,2019,2,2019-09-15,ATL,PHI,1.0,-1.0,-105.0,-105.0,0.5699937225360954,0.42633203603732556,0.5043737644337007,0.5362131759085665,0.4785924923005388,0.45912881332231675,0.5,0.45035478251415795,0.4793758124899925
2019_02_CLE_NYJ,2019,2,2019-09-16,NYJ,CLE,0.0,-6.5,241.0,-278.0,0.5699937225360954,0.5030023469021874,0.5563026038087614,0.5703786111852404,0.5324262131139056,0.27724523328332656,0.28507217303428406,0.38133070478386766,0.3554943207194943
2019_03_TEN_JAX,2019,3,2019-09-19,JAX,TEN,1.0,-1.5,113.0,-125.0,0.5699937225360954,0.40891204649773677,0.40260070053468083,0.39631798976795257,0.4739021171835194,0.44125728409760395,0.45801526717557256,0.41788859632791187,0.4845922025265464
2019_03_ATL_IND,2019,3,2019-09-22,IND,ATL,1.0,1.0,-116.0,105.0,0.5699937225360954,0.6228753263734221,0.6760114991522811,0.5933487634792834,0.614568443743174,0.5312074512105353,0.5240193918025562,0.6126286938945044,0.519573788357843
2019_03_BAL_KC,2019,3,2019-09-22,KC,BAL,1.0,4.5,-216.0,191.0,0.5699937225360954,0.6279180615998554,0.6382566238969912,0.6747546041911975,0.6492570556919516,0.6525953150771341,0.6654526975522995,0.6787224943633103,0.7579838116299078
2019_03_CIN_BUF,2019,3,2019-09-22,BUF,CIN,1.0,5.5,-252.0,220.0,0.5699937225360954,0.6932282133267749,0.6932919430929203,0.6427757379400323,0.7995040374216382,0.6845773544826139,0.696132596685083,0.6572038082091982,0.6945623573164185
2019_03_DEN_GB,2019,3,2019-09-22,GB,DEN,1.0,7.0,-327.0,278.0,0.5699937225360954,0.6961953992827412,0.6909964115728516,0.7261131208598401,0.6699526811828234,0.7293880739977538,0.7432443808401381,0.769668414099333,0.7137614519681363
2019_03_DET_PHI,2019,3,2019-09-22,PHI,DET,0.0,4.0,-212.0,188.0,0.5699937225360954,0.6748769682603402,0.6866912600582673,0.6731500219385615,0.6418162276587667,0.6360489652150136,0.6618106139438086,0.6933994249002733,0.640021429197439
2019_03_MIA_DAL,2019,3,2019-09-22,DAL,MIA,1.0,22.0,-2540.0,1454.0,0.5699937225360954,0.8257169236405608,0.9003962889485781,0.9531462449765578,0.8922816947610808,0.9592165223526679,0.937309434930043,0.9626288078202735,0.8797663296095614
2019_03_NYJ_NE,2019,3,2019-09-22,NE,NYJ,1.0,20.5,-1962.0,1203.0,0.5699937225360954,0.9152351092322825,0.9230656787676398,0.9309516850028517,0.9752450039032105,0.9498462967806836,0.9253624914304412,0.9441650670909529,0.9717396045531488
2019_03_OAK_MIN,2019,3,2019-09-22,MIN,LV,1.0,8.5,-405.0,337.0,0.5699937225360954,0.7577941333579205,0.775354107340192,0.7896775282107952,0.81701921406355,0.7699718220938405,0.7780073411433721,0.7721301681983233,0.870934349426328
2019_03_CAR_ARI,2019,3,2019-09-22,ARI,CAR,0.0,2.5,-131.0,118.0,0.5699937225360954,0.40311215831026187,0.3935055022104014,0.4512580888435527,0.4290465875987508,0.5845850177021317,0.5528282163459678,0.6030108917708925,0.5675217909001409
2019_03_NYG_TB,2019,3,2019-09-22,TB,NYG,0.0,5.0,-230.0,202.0,0.5699937225360954,0.6295638090977651,0.6585298886391799,0.7343252764553189,0.601467516027495,0.6687811454386803,0.6779230919383173,0.6880531576558787,0.5481311897545765
2019_03_HOU_LAC,2019,3,2019-09-22,LAC,HOU,0.0,3.0,-168.0,151.0,0.5699937225360954,0.6749597543362786,0.7073534952304141,0.726260899871623,0.6711386752408578,0.6020070587234371,0.6114139890963924,0.6733635754291469,0.5923358508093652
2019_03_NO_SEA,2019,3,2019-09-22,SEA,NO,0.0,5.0,-225.0,199.0,0.5699937225360954,0.5430612017423878,0.6144144979207965,0.7633202998415427,0.6321545875186932,0.6687811454386803,0.6742671009771987,0.6838778449992045,0.6523877167609223
2019_03_PIT_SF,2019,3,2019-09-22,SF,PIT,1.0,6.0,-276.0,239.0,0.5699937225360954,0.4617573351987843,0.5636906055080535,0.740430531037908,0.5287021733240788,0.6999582021059714,0.71333597633497,0.6944562287124271,0.6174550511742711
2019_03_LA_CLE,2019,3,2019-09-22,CLE,LA,0.0,-4.0,190.0,-215.0,0.5699937225360954,0.2816391909723811,0.3531030064399616,0.3563070192448374,0.28078192722899703,0.3550041809007743,0.33564198188598826,0.353536319163924,0.31791747695526595
2019_03_CHI_WAS,2019,3,2019-09-23,WAS,CHI,0.0,-5.0,204.0,-232.0,0.5699937225360954,0.34271392936701806,0.3986546634237721,0.42125000157588344,0.4140228442379168,0.3226684464255168,0.320067869813358,0.3880935704258579,0.3427783876344946
2019_04_PHI_GB,2019,4,2019-09-26,GB,PHI,0.0,3.5,-190.0,169.0,0.5699937225360954,0.5047302699358973,0.5456651195403438,0.5773711924448085,0.6344180862541885,0.619174424945998,0.6379977530895019,0.6302779577250914,0.6975738125282931
2019_04_CAR_HOU,2019,4,2019-09-29,HOU,CAR,0.0,5.5,-257.0,224.0,0.5699937225360954,0.6203413701895089,0.6213762709633464,0.6347959993247202,0.5562695033290137,0.6845773544826139,0.6999193060318741,0.6977502673964522,0.6445808564347494
2019_04_CLE_BAL,2019,4,2019-09-29,BAL,CLE,0.0,7.5,-327.0,279.0,0.5699937225360954,0.7763219741987013,0.8064294095944546,0.7959685888662226,0.7253859902451801,0.7434028594038091,0.7437482371439031,0.7762497354786537,0.7333861336180502
2019_04_KC_DET,2019,4,2019-09-29,DET,KC,0.0,-7.5,307.0,-364.0,0.5699937225360954,0.37110569146158934,0.39101407387232323,0.39989131163710506,0.37410381838274565,0.24925513571134644,0.23850155231613795,0.2967091317163568,0.3061506212967168
2019_04_LAC_MIA,2019,4,2019-09-29,MIA,LAC,0.0,-15.0,602.0,-806.0,0.5699937225360954,0.28579944697463494,0.21589187616433902,0.16707648612810472,0.35764412426311637,0.10103758252595389,0.13802307087621798,0.11624046491149789,0.2785347527311112
2019_04_NE_BUF,2019,4,2019-09-29,BUF,NE,0.0,-7.0,274.0,-321.0,0.5699937225360954,0.2754279174375628,0.2411836933372877,0.19775266332736716,0.22006705975715082,0.26301078919818405,0.2596297346966464,0.2445955875916223,0.2619879765886958
2019_04_OAK_IND,2019,4,2019-09-29,IND,LV,0.0,5.5,-242.0,212.0,0.5699937225360954,0.7940641115551221,0.8313081794263882,0.7930283948595762,0.8582288109492526,0.6845773544826139,0.688252023627215,0.741437265835503,0.7943932142662272
2019_04_TEN_ATL,2019,4,2019-09-29,ATL,TEN,0.0,3.5,-174.0,156.0,0.5699937225360954,0.5783898211506031,0.5956513261556182,0.6151746618212124,0.5323620897722822,0.619174424945998,0.6191482263983098,0.6291072953646795,0.5651029239901163
2019_04_WAS_NYG,2019,4,2019-09-29,NYG,WAS,1.0,3.0,-163.0,146.0,0.5699937225360954,0.5790429769102777,0.6449632400312949,0.5913167576219988,0.6124716063573874,0.6020070587234371,0.6039037320401216,0.5888952218904805,0.48013611216439905
2019_04_SEA_ARI,2019,4,2019-09-29,ARI,SEA,0.0,-5.5,209.0,-238.0,0.5699937225360954,0.26186241682560024,0.25149653933822785,0.24926654193877623,0.3611009540136748,0.30709277119921563,0.31488140709135287,0.2974077893928479,0.408617773137559
2019_04_TB_LA,2019,4,2019-09-29,LA,TB,0.0,9.0,-473.0,385.0,0.5699937225360954,0.8364815790151006,0.8152655351431698,0.8042439318138578,0.8998183066823414,0.7825115199391709,0.8001430041331682,0.8299329005603842,0.896809483638536
2019_04_JAX_DEN,2019,4,2019-09-29,DEN,JAX,0.0,2.5,-137.0,124.0,0.5699937225360954,0.47915297176877525,0.531521264720401,0.5312854092429388,0.5728260851629663,0.5845850177021317,0.5642421122306391,0.5655938447389626,0.6437234202942415
2019_04_MIN_CHI,2019,4,2019-09-29,CHI,MIN,1.0,-1.0,-102.0,-108.0,0.5699937225360954,0.6068197606596485,0.5501918764831638,0.5293326636735741,0.6082106485622911,0.45912881332231675,0.4930284439486894,0.44824949838037087,0.46338297385118565
2019_04_DAL_NO,2019,4,2019-09-29,NO,DAL,1.0,-2.5,127.0,-140.0,0.5699937225360954,0.6167340665858148,0.5921466219240199,0.5725037819550916,0.5636926881890856,0.40601057663496787,0.43026174256005734,0.4894320556532037,0.49236173820371104
2019_04_CIN_PIT,2019,4,2019-09-30,PIT,CIN,1.0,3.5,-179.0,160.0,0.5699937225360954,0.7719778308281897,0.717571387754027,0.638718805788263,0.6640102716827938,0.619174424945998,0.6252015045674368,0.6095350029089919,0.5936397198662265
2019_05_LA_SEA,2019,5,2019-10-03,SEA,LA,1.0,1.5,-122.0,111.0,0.5699937225360954,0.5366591677771733,0.5818336575701233,0.6116597853507085,0.5886748706468289,0.5491415816084643,0.5369404697342622,0.584492470985289,0.5357748824351513
2019_05_ARI_CIN,2019,5,2019-10-06,CIN,ARI,0.0,3.0,-154.0,139.0,0.5699937225360954,0.6113823181342101,0.6600852400281509,0.6842902157112595,0.6643744016099197,0.6020070587234371,0.5916792592354435,0.6521024094516968,0.6484176457053773
2019_05_ATL_HOU,2019,5,2019-10-06,HOU,ATL,1.0,4.0,-207.0,184.0,0.5699937225360954,0.6199566204651555,0.6176461588960087,0.5957794694416083,0.5881792265480381,0.6360489652150136,0.6569372429822994,0.6485071701400285,0.6575257241495327
2019_05_BAL_PIT,2019,5,2019-10-06,PIT,BAL,0.0,-3.5,160.0,-179.0,0.5699937225360954,0.5709742335015179,0.498369504961083,0.49387016881405355,0.4295919317301961,0.3717063216648587,0.3747984954325632,0.3885235046057805,0.3460495092621988
2019_05_BUF_TEN,2019,5,2019-10-06,TEN,BUF,0.0,3.5,-182.0,162.0,0.5699937225360954,0.6537424474931584,0.7100672395025844,0.7468547776659754,0.6702862796546545,0.619174424945998,0.6283801591903431,0.7180330946012572,0.692810284918243
2019_05_CHI_OAK,2019,5,2019-10-06,LV,CHI,1.0,-6.5,232.0,-266.0,0.5699937225360954,0.25542189766361456,0.2896660152559329,0.3560329201776166,0.45094780252345024,0.27724523328332656,0.29300627641859867,0.2980656310682466,0.43935023819917574
2019_05_JAX_CAR,2019,5,2019-10-06,CAR,JAX,1.0,3.0,-189.0,169.0,0.5699937225360954,0.6532534174492932,0.6743494877010545,0.6605309285966647,0.620965875952699,0.6020070587234371,0.6375766544186806,0.612268182384091,0.631941997485108
2019_05_MIN_NYG,2019,5,2019-10-06,NYG,MIN,0.0,-5.5,213.0,-243.0,0.5699937225360954,0.39828851975110763,0.48635530863025805,0.4381300437654027,0.48394692543105927,0.30709277119921563,0.3108038311329388,0.32943217602192826,0.27183336310665074
2019_05_NE_WAS,2019,5,2019-10-06,WAS,NE,0.0,-15.5,695.0,-963.0,0.5699937225360954,0.1533735317061144,0.1702142858483602,0.14518339454879672,0.19032048509894328,0.09466511701641536,0.12191974859069715,0.12227281427722286,0.1891460201850804
2019_05_NYJ_PHI,2019,5,2019-10-06,PHI,NYJ,1.0,14.0,-782.0,587.0,0.5699937225360954,0.8531026738084087,0.8491518499152922,0.8544945481499737,0.8270441608986919,0.8810560959823273,0.8589779257283742,0.8964488797538233,0.8340226743815652
2019_05_TB_NO,2019,5,2019-10-06,NO,TB,1.0,3.0,-148.0,133.0,0.5699937225360954,0.7696499535671016,0.7115213229011278,0.6743509321891705,0.809960628772407,0.6020070587234371,0.5816746508332771,0.6787843209201665,0.6894893663811696
2019_05_DEN_LAC,2019,5,2019-10-06,LAC,DEN,0.0,4.0,-226.0,199.0,0.5699937225360954,0.8003507409513111,0.774385795399944,0.7915099242137212,0.6618267036424083,0.6360489652150136,0.6745662547167928,0.6760210804272854,0.6520871817536642
2019_05_GB_DAL,2019,5,2019-10-06,DAL,GB,0.0,3.5,-181.0,162.0,0.5699937225360954,0.68924565212379,0.697392601483033,0.6619451239654546,0.6283204483171417,0.619174424945998,0.6279229893276131,0.6440557607742239,0.5794567032785334
2019_05_IND_KC,2019,5,2019-10-06,KC,IND,0.0,10.5,-504.0,407.0,0.5699937225360954,0.7486199858657836,0.737012159709966,0.7862633515846246,0.842039556797907,0.8171258222653166,0.8088171988554355,0.8041386338666752,0.8278180046752478
2019_05_CLE_SF,2019,5,2019-10-07,SF,CLE,1.0,5.0,-226.0,199.0,0.5699937225360954,0.5985695465393565,0.7324214163146407,0.7644690079008014,0.7195952286230987,0.6687811454386803,0.6745662547167928,0.7465769769047758,0.6797933266365744
2019_06_NYG_NE,2019,6,2019-10-10,NE,NYG,1.0,16.5,-1071.0,756.0,0.5699937225360954,0.8917024862634594,0.8867443753218637,0.9139367606392061,0.9691106634004915,0.9140030898217035,0.8867369007501867,0.9174071152548557,0.9657710946241019
2019_06_CAR_TB,2019,6,2019-10-13,TB,CAR,0.0,-2.0,113.0,-125.0,0.5699937225360954,0.3945422535301192,0.3808609958626549,0.42956428790321827,0.5490650091052348,0.4235366658533386,0.45801526717557256,0.3774000557940992,0.46727523173072694
2019_06_CIN_BAL,2019,6,2019-10-13,BAL,CIN,1.0,10.5,-531.0,425.0,0.5699937225360954,0.8261506537533004,0.8149248190660687,0.7759726492977311,0.7443849304793314,0.8171258222653166,0.8154296160877514,0.801136129181486,0.7319024917001062
2019_06_HOU_KC,2019,6,2019-10-13,KC,HOU,0.0,3.5,-186.0,166.0,0.5699937225360954,0.706384622984273,0.7193309800471381,0.735994040775941,0.7088094147172892,0.619174424945998,0.6336902505251294,0.6631445573737985,0.6659087211765624
2019_06_NO_JAX,2019,6,2019-10-13,JAX,NO,0.0,2.5,-139.0,126.0,0.5699937225360954,0.3012534034950946,0.40927262795987435,0.446486006760045,0.43387662446746705,0.5845850177021317,0.5679213219076544,0.5715168872375306,0.6205578194994271
2019_06_PHI_MIN,2019,6,2019-10-13,MIN,PHI,1.0,3.5,-176.0,157.0,0.5699937225360954,0.530393580097955,0.5730226765130239,0.5757010019867771,0.5035674743556298,0.619174424945998,0.6210456942003515,0.6077758015608796,0.5958333709016573
2019_06_SEA_CLE,2019,6,2019-10-13,CLE,SEA,0.0,1.0,-113.0,102.0,0.5699937225360954,0.36851482045645484,0.3349118546640037,0.3150602392121237,0.3910108422027909,0.5312074512105353,0.5172913928296243,0.47820300228903845,0.4757609308547412
2019_06_WAS_MIA,2019,6,2019-10-13,MIA,WAS,0.0,-6.0,210.0,-240.0,0.5699937225360954,0.5415817244285985,0.6079312612566482,0.4900187843439746,0.5374297611010685,0.2919448879585793,0.3136531365313653,0.4050359928016577,0.2859244211255929
2019_06_ATL_ARI,2019,6,2019-10-13,ARI,ATL,1.0,-3.0,145.0,-161.0,0.5699937225360954,0.41004305209443276,0.4485685053271144,0.42608602489662584,0.42513302952370124,0.38872068218926786,0.39819971012281646,0.433723630063818,0.4242438975929593
2019_06_SF_LA,2019,6,2019-10-13,LA,SF,0.0,3.0,-148.0,133.0,0.5699937225360954,0.6731777568615204,0.6498042084956991,0.6163963593520831,0.658111986456643,0.6020070587234371,0.5816746508332771,0.6383795819224446,0.5944815170073797
2019_06_DAL_NYJ,2019,6,2019-10-13,NYJ,DAL,1.0,-7.0,270.0,-316.0,0.5699937225360954,0.2548859522265024,0.26270157530246263,0.4134119492956583,0.33845212055026597,0.26301078919818405,0.26242745394902856,0.3111166363844544,0.31989015242082847
2019_06_TEN_DEN,2019,6,2019-10-13,DEN,TEN,1.0,1.0,-121.0,109.0,0.5699937225360954,0.44437199342809786,0.5163451878112852,0.5041622857167878,0.5222864533487925,0.5312074512105353,0.533647048893203,0.5420833800758876,0.5320144011355277
2019_06_PIT_LAC,2019,6,2019-10-13,LAC,PIT,0.0,6.0,-252.0,220.0,0.5699937225360954,0.5779000333920584,0.6479264564785655,0.7338131067012252,0.6066801724313194,0.6999582021059714,0.696132596685083,0.7367771796958124,0.6788782685882744
2019_06_DET_GB,2019,6,2019-10-14,GB,DET,1.0,3.5,-198.0,176.0,0.5699937225360954,0.596855247586802,0.5270024380453044,0.5376981068118761,0.4922847121718116,0.619174424945998,0.6471201212580523,0.5867896666893007,0.6304320807048306
2019_07_KC_DEN,2019,7,2019-10-17,DEN,KC,0.0,-3.0,134.0,-149.0,0.5699937225360954,0.34596400175428077,0.36583948132529254,0.3498592488208471,0.4668584940773358,0.38872068218926786,0.4166248368637687,0.37034837740008053,0.4977174816112553
2019_07_ARI_NYG,2019,7,2019-10-20,NYG,ARI,0.0,3.5,-188.0,168.0,0.5699937225360954,0.6256221237248101,0.6455413114976772,0.5964988143592229,0.6650706725070672,0.619174424945998,0.6362901596282077,0.6275899416155506,0.6321810392862764
2019_07_HOU_IND,2019,7,2019-10-20,IND,HOU,1.0,1.5,-120.0,109.0,0.5699937225360954,0.5617539586609938,0.6399485506256953,0.5931171820930183,0.5817548025150965,0.5491415816084643,0.5327102803738317,0.6400868748047653,0.538190229582431
2019_07_JAX_CIN,2019,7,2019-10-20,CIN,JAX,0.0,-4.0,189.0,-214.0,0.5699937225360954,0.41628446318656825,0.5092142365847877,0.5449606638706844,0.41845962614880355,0.3550041809007743,0.3367436672886772,0.43234654497384817,0.3179794279048455
2019_07_LA_ATL,2019,7,2019-10-20,ATL,LA,0.0,-3.0,139.0,-154.0,0.5699937225360954,0.40599902733406423,0.5356546050180162,0.5618323610573993,0.6662513579367355,0.38872068218926786,0.40832074076455643,0.4599275278014076,0.5923163767625413
2019_07_MIA_BUF,2019,7,2019-10-20,BUF,MIA,1.0,17.0,-1137.0,793.0,0.5699937225360954,0.7811255366175094,0.8358576417160676,0.639211449406312,0.8864985533763229,0.919511870479443,0.8913998705928935,0.9009788668625416,0.9094113067156661
2019_07_MIN_DET,2019,7,2019-10-20,DET,MIN,0.0,-2.5,124.0,-137.0,0.5699937225360954,0.4455161389158332,0.42772378443817805,0.44444476362311974,0.4257821443890656,0.40601057663496787,0.4357578877693609,0.4115650085773509,0.4463420059776448
2019_07_OAK_GB,2019,7,2019-10-20,GB,LV,1.0,5.5,-241.0,211.0,0.5699937225360954,0.6943754175319535,0.6735830496121299,0.7015039822279789,0.5918695915938811,0.6845773544826139,0.6873022714142923,0.6765741725354237,0.5987966670196974
2019_07_SF_WAS,2019,7,2019-10-20,WAS,SF,0.0,-10.0,350.0,-424.0,0.5699937225360954,0.2989028760246144,0.2898784722595415,0.29826392298243565,0.3445197082500059,0.1879109032643362,0.2154605263157895,0.2391970421175697,0.3724609957379849
2019_07_LAC_TEN,2019,7,2019-10-20,TEN,LAC,1.0,3.0,-157.0,141.0,0.5699937225360954,0.512912663600916,0.5062442590956459,0.4560688762451008,0.4603919542211074,0.6020070587234371,0.5955112768937784,0.5991715451873575,0.4900166198502407
2019_07_BAL_SEA,2019,7,2019-10-20,SEA,BAL,0.0,3.0,-157.0,141.0,0.5699937225360954,0.6128959831459935,0.6015982507774096,0.6458831658980851,0.6268800687938633,0.6020070587234371,0.5955112768937784,0.6382331781415264,0.6427168493129454
2019_07_NO_CHI,2019,7,2019-10-20,CHI,NO,0.0,4.0,-213.0,188.0,0.5699937225360954,0.46142935597266954,0.6048947210929301,0.650663390294332,0.5099438907945398,0.6360489652150136,0.6621475756659903,0.673755981637734,0.6651692604253614
2019_07_PHI_DAL,2019,7,2019-10-20,DAL,PHI,1.0,3.0,-165.0,148.0,0.5699937225360954,0.5250926331513949,0.5695172585670475,0.5488299682061324,0.621820474795249,0.6020070587234371,0.6069415603678434,0.5750774838850629,0.6271323522382929
2019_07_NE_NYJ,2019,7,2019-10-21,NYJ,NE,0.0,-9.5,311.0,-371.0,0.5699937225360954,0.12343543923057305,0.1227709962295782,0.12850304240076424,0.1982893026971022,0.1991793287392831,0.23599440828535784,0.22675414544561975,0.2831013336256651
2019_08_WAS_MIN,2019,8,2019-10-24,MIN,WAS,1.0,16.5,-1023.0,729.0,0.5699937225360954,0.8580874307853267,0.8926836102447114,0.8778647119197099,0.8494665538565674,0.9140030898217035,0.883065536404312,0.9240426670524885,0.8274869568761493
2019_08_ARI_NO,2019,8,2019-10-27,NO,ARI,1.0,12.5,-625.0,467.0,0.5699937225360954,0.8827951033864355,0.8457754192998179,0.9009845884287127,0.9699814700967667,0.8564161642094865,0.8301610541727672,0.8732134472942142,0.9656434120426753
2019_08_CIN_LA,2019,8,2019-10-27,LA,CIN,1.0,12.0,-594.0,467.0,0.5699937225360954,0.8280507176558979,0.7713267808337946,0.7643769592795635,0.8717054329830128,0.8473060911181047,0.8291473616315197,0.8166677606311434,0.9160249523606664
2019_08_DEN_IND,2019,8,2019-10-27,IND,DEN,1.0,6.0,-238.0,209.0,0.5699937225360954,0.7591874407726784,0.7718832081814117,0.735858760911823,0.7847714686817164,0.6999582021059714,0.6851185929086472,0.7793531346180168,0.7492880862688842
2019_08_LAC_CHI,2019,8,2019-10-27,CHI,LAC,0.0,3.5,-182.0,163.0,0.5699937225360954,0.6510580057741572,0.6229908735575768,0.5906140410365982,0.6617594712977316,0.619174424945998,0.629269318749507,0.6487703770281171,0.7311119224936831
2019_08_NYG_DET,2019,8,2019-10-27,DET,NYG,1.0,6.5,-267.0,232.0,0.5699937225360954,0.7189160601800417,0.7318032309303906,0.7800405252394542,0.6940439655049985,0.7149013877557152,0.7072057697217258,0.7666694273321419,0.723936760158401
2019_08_NYJ_JAX,2019,8,2019-10-27,JAX,NYJ,1.0,7.0,-295.0,254.0,0.5699937225360954,0.7385941743366268,0.7985134015685662,0.7715680234458008,0.8205850437724689,0.7293880739977538,0.7255610366150211,0.7449171883125696,0.7546013282836391
2019_08_PHI_BUF,2019,8,2019-10-27,BUF,PHI,0.0,1.0,-122.0,111.0,0.5699937225360954,0.5378930111305031,0.610369007285711,0.5609079068282947,0.5905745131904179,0.5312074512105353,0.5369404697342622,0.5471239026527629,0.5348121201094392
2019_08_SEA_ATL,2019,8,2019-10-27,ATL,SEA,0.0,-7.5,275.0,-323.0,0.5699937225360954,0.3636488877576496,0.451671431006707,0.38867772756855135,0.4879211750006231,0.24925513571134644,0.2588343276732446,0.2978104085632342,0.4303253337597207
2019_08_TB_TEN,2019,8,2019-10-27,TEN,TB,1.0,2.0,-122.0,110.0,0.5699937225360954,0.6237154984477283,0.5815018059164089,0.5798338003045832,0.6507253084009861,0.5669489367911474,0.5357590966122961,0.6044830044317822,0.5868520467970388
2019_08_CAR_SF,2019,8,2019-10-27,SF,CAR,1.0,4.5,-208.0,184.0,0.5699937225360954,0.5843053422365586,0.6049444510694961,0.6501347219398356,0.585714510887564,0.6525953150771341,0.6572903685241233,0.6540393010545444,0.6591033741344616
2019_08_CLE_NE,2019,8,2019-10-27,NE,CLE,1.0,9.5,-367.0,309.0,0.5699937225360954,0.8781151361171555,0.869760121248367,0.8954034748270969,0.9329131244799423,0.7945500316685373,0.7627068693058542,0.7901164582222429,0.9505180241343928
2019_08_OAK_HOU,2019,8,2019-10-27,HOU,LV,1.0,5.0,-236.0,207.0,0.5699937225360954,0.7310967832105127,0.7549742841286571,0.7582998795466774,0.7999444951148518,0.6687811454386803,0.683174291856825,0.6592656348362321,0.7114051196737651
2019_08_GB_KC,2019,8,2019-10-27,KC,GB,0.0,-5.0,202.0,-230.0,0.5699937225360954,0.6735723045477988,0.7238738121493131,0.5239021316123478,0.7219304945289612,0.3226684464255168,0.3220769080616826,0.3929445854508922,0.35586003025874247
2019_08_MIA_PIT,2019,8,2019-10-28,PIT,MIA,1.0,14.0,-630.0,491.0,0.5699937225360954,0.8379236162939824,0.8934168942238215,0.8595565661994757,0.9041294003194053,0.8810560959823273,0.8360766173399501,0.9049528652332935,0.902061189390674
2019_09_SF_ARI,2019,9,2019-10-31,ARI,SF,0.0,-10.5,365.0,-445.0,0.5699937225360954,0.25987602225324474,0.25411793867554916,0.25041863332022735,0.33857692483875057,0.17713896714088437,0.20847279334417138,0.21314373981405751,0.18774506428179158
2019_09_HOU_JAX,2019,9,2019-11-03,JAX,HOU,0.0,1.0,-113.0,103.0,0.5699937225360954,0.37970207291533625,0.3356443850315125,0.36040931241132595,0.33073050038753277,0.5312074512105353,0.5185243789416578,0.44997217921531046,0.38987103929445527
2019_09_CHI_PHI,2019,9,2019-11-03,PHI,CHI,1.0,5.0,-226.0,199.0,0.5699937225360954,0.5878509876952502,0.6173020497305655,0.6317621565911239,0.5939166985951798,0.6687811454386803,0.6745662547167928,0.6956253845676789,0.6568338038605083
2019_09_IND_PIT,2019,9,2019-11-03,PIT,IND,1.0,1.0,-117.0,107.0,0.5699937225360954,0.5357956910920095,0.5632591904630407,0.5796219903936368,0.7079413969470905,0.5312074512105353,0.5274287332041203,0.5332384580135688,0.6437130962918808
2019_09_MIN_KC,2019,9,2019-11-03,KC,MIN,1.0,-5.5,198.0,-225.0,0.5699937225360954,0.5424922159579699,0.587823594183822,0.5316782980335072,0.5621163167208029,0.30709277119921563,0.32646911099949777,0.3831551307809416,0.2855833372037601
2019_09_NYJ_MIA,2019,9,2019-11-03,MIA,NYJ,1.0,-3.5,167.0,-187.0,0.5699937225360954,0.5645003547161291,0.5543364163934379,0.581804003075935,0.5449211377069882,0.3717063216648587,0.3650052779508833,0.3939780596985091,0.39756189965016364
2019_09_TEN_CAR,2019,9,2019-11-03,CAR,TEN,1.0,3.5,-179.0,160.0,0.5699937225360954,0.6120888915606542,0.5915421066617423,0.5583194768660932,0.5880998149012506,0.619174424945998,0.6252015045674368,0.6157857231675214,0.614548768486814
2019_09_WAS_BUF,2019,9,2019-11-03,BUF,WAS,1.0,10.5,-449.0,368.0,0.5699937225360954,0.7415318264452684,0.7775883278469989,0.8270627098541684,0.7105921529103735,0.8171258222653166,0.7928552023906547,0.8202960716412787,0.8029289980547905
2019_09_DET_OAK,2019,9,2019-11-03,LV,DET,1.0,2.5,-143.0,129.0,0.5699937225360954,0.46225062675926043,0.518316225879586,0.4990018078469687,0.5098772919563062,0.5845850177021317,0.5740354444580784,0.6364010316399282,0.5940983685798825
2019_09_TB_SEA,2019,9,2019-11-03,SEA,TB,1.0,4.0,-209.0,185.0,0.5699937225360954,0.7509262874946084,0.7512523064742167,0.7540437163340915,0.8595999163823389,0.6360489652150136,0.6584314375725417,0.729612017944988,0.8157700908949354
2019_09_CLE_DEN,2019,9,2019-11-03,DEN,CLE,1.0,-4.0,173.0,-194.0,0.5699937225360954,0.5623815549529029,0.6395856145042852,0.623246047033048,0.6994230349935295,0.3550041809007743,0.3569607343192249,0.42883571777091034,0.48231804230970754
2019_09_GB_LAC,2019,9,2019-11-03,LAC,GB,1.0,-4.0,184.0,-208.0,0.5699937225360954,0.462761408631961,0.5396600782131037,0.5757062354321857,0.3918694665375692,0.3550041809007743,0.3427096314758768,0.4141100436972732,0.3240479273835878
2019_09_NE_BAL,2019,9,2019-11-03,BAL,NE,1.0,-3.0,135.0,-150.0,0.5699937225360954,0.37895951847078074,0.5428257923065591,0.4649068735771708,0.582313206577724,0.38872068218926786,0.41493775933609955,0.53504034781476,0.5768748899003016
2019_09_DAL_NYG,2019,9,2019-11-04,NYG,DAL,0.0,-6.5,255.0,-297.0,0.5699937225360954,0.28719915952242075,0.2502403869004568,0.23392241009515277,0.20567750905996215,0.27724523328332656,0.2735384297378303,0.24293126513865235,0.24275905945942944
2019_10_LAC_OAK,2019,10,2019-11-07,LV,LAC,1.0,-1.0,106.0,-117.0,0.5699937225360954,0.42772325548777124,0.40790194723450296,0.3669637527842255,0.4652016394780046,0.45912881332231675,0.47377843762281124,0.44730982004657005,0.4401672199709609
2019_10_ARI_TB,2019,10,2019-11-10,TB,ARI,1.0,5.5,-235.0,207.0,0.5699937225360954,0.6542207069892912,0.6618676448102029,0.6596958313232543,0.5394677192708442,0.6845773544826139,0.6829002792370676,0.6447765303477484,0.48250052617668093
2019_10_ATL_NO,2019,10,2019-11-10,NO,ATL,0.0,14.0,-649.0,503.0,0.5699937225360954,0.8691171875040405,0.8065216949192892,0.7931194785494123,0.9307989840420463,0.8810560959823273,0.8393555347273013,0.8816777220523602,0.9556617239299107
2019_10_BAL_CIN,2019,10,2019-11-10,CIN,BAL,0.0,-10.5,358.0,-435.0,0.5699937225360954,0.16134128468031625,0.24022029738297124,0.22878271303206263,0.21085879024751314,0.17713896714088437,0.2116883630752186,0.20462267819735647,0.19808490826883238
2019_10_BUF_CLE,2019,10,2019-11-10,CLE,BUF,1.0,3.0,-151.0,136.0,0.5699937225360954,0.45788978701111877,0.46628031728245023,0.48407916232068465,0.43711184674883874,0.6020070587234371,0.586736037934668,0.5852023427660454,0.5696931699297005
2019_10_DET_CHI,2019,10,2019-11-10,CHI,DET,1.0,6.0,-270.0,235.0,0.5699937225360954,0.6547314382538828,0.6166973332146426,0.7307555760244007,0.6381471533073597,0.6999582021059714,0.7096900745390349,0.7125217032058818,0.7356564002505492
2019_10_KC_TEN,2019,10,2019-11-10,TEN,KC,1.0,-5.0,205.0,-233.0,0.5699937225360954,0.3803546960458574,0.3933322090181178,0.2538309664013537,0.3514595557099426,0.3226684464255168,0.3190724859866813,0.3273032877306954,0.30192685836232297
2019_10_NYG_NYJ,2019,10,2019-11-10,NYJ,NYG,1.0,-3.0,133.0,-147.0,0.5699937225360954,0.5008841767017831,0.5329632023412066,0.6082863097268972,0.6673358867093941,0.38872068218926786,0.41899204424013164,0.4856057736069689,0.6508777141819312
2019_10_MIA_IND,2019,10,2019-11-10,IND,MIA,0.0,11.0,-481.0,390.0,0.5699937225360954,0.8451306818659204,0.8587790454387408,0.797660468882237,0.9073453376024481,0.8276702994189287,0.8022396950202525,0.8478328634693298,0.8845265760231156
2019_10_CAR_GB,2019,10,2019-11-10,GB,CAR,1.0,5.0,-227.0,200.0,0.5699937225360954,0.5750672095589422,0.7010212834665618,0.7431361747982698,0.7071998828756354,0.6687811454386803,0.675595238095238,0.7649528717892837,0.8223306987528402
2019_10_LA_PIT,2019,10,2019-11-10,PIT,LA,1.0,-4.0,189.0,-214.0,0.5699937225360954,0.5379777875600074,0.4912794727030698,0.4739431780548897,0.6038803565309083,0.3550041809007743,0.3367436672886772,0.3849027479518022,0.4810422563452519
2019_10_MIN_DAL,2019,10,2019-11-10,DAL,MIN,0.0,3.5,-179.0,160.0,0.5699937225360954,0.5302839705089036,0.5958443277895239,0.5817819264030927,0.6674220207232442,0.619174424945998,0.6252015045674368,0.6275669028579595,0.6969976518421531
2019_10_SEA_SF,2019,10,2019-11-11,SF,SEA,0.0,6.5,-268.0,233.0,0.5699937225360954,0.5949863575057555,0.6498270735932458,0.670628812585841,0.5989546125897619,0.7149013877557152,0.7080384627590365,0.6987371618342362,0.6736504779988594
2019_11_PIT_CLE,2019,11,2019-11-14,CLE,PIT,1.0,3.0,-163.0,146.0,0.5699937225360954,0.34385443586909265,0.4035466772338212,0.40993916915948764,0.5656482847305921,0.6020070587234371,0.6039037320401216,0.5678539453917125,0.6789153299169999
2019_11_ATL_CAR,2019,11,2019-11-17,CAR,ATL,0.0,3.5,-199.0,177.0,0.5699937225360954,0.6576737539248327,0.5520484413264869,0.49540506353249353,0.5333305877032668,0.619174424945998,0.648330451760112,0.5669954677062796,0.6397250456536271
2019_11_BUF_MIA,2019,11,2019-11-17,MIA,BUF,0.0,-7.0,263.0,-307.0,0.5699937225360954,0.4041597630085555,0.34675876952180756,0.42402912383020425,0.37276676749779886,0.26301078919818405,0.26751500253054733,0.2738297183649143,0.2689004017897166
2019_11_DAL_DET,2019,11,2019-11-17,DET,DAL,0.0,-7.5,310.0,-369.0,0.5699937225360954,0.41569392857760146,0.45017677357473157,0.41209936355400645,0.38104050102347575,0.24925513571134644,0.2366416065391796,0.3034068760149543,0.3020281920089913
2019_11_DEN_MIN,2019,11,2019-11-17,MIN,DEN,1.0,10.0,-412.0,341.0,0.5699937225360954,0.7916739784661929,0.7537710769056919,0.7687350029312768,0.748687445511106,0.8060873123109638,0.780155608608282,0.8177044307197145,0.8202156164325376
2019_11_HOU_BAL,2019,11,2019-11-17,BAL,HOU,1.0,4.0,-217.0,192.0,0.5699937225360954,0.6625001890050289,0.6962271299497128,0.6816839688714404,0.6088163491017701,0.6360489652150136,0.666540435916856,0.6833193066293028,0.6234416909577744
2019_11_JAX_IND,2019,11,2019-11-17,IND,JAX,1.0,2.5,-134.0,121.0,0.5699937225360954,0.6959128389331881,0.6495318459102678,0.6169907763832442,0.5947840101542667,0.5845850177021317,0.5586071603727317,0.605493256578514,0.5336131332509685
2019_11_NO_TB,2019,11,2019-11-17,TB,NO,0.0,-5.0,202.0,-230.0,0.5699937225360954,0.30493214496477355,0.37389997031896216,0.33099878602888055,0.3894089182553903,0.3226684464255168,0.3220769080616826,0.28694544436748975,0.2858995979543374
2019_11_NYJ_WAS,2019,11,2019-11-17,WAS,NYJ,0.0,1.0,-122.0,111.0,0.5699937225360954,0.5887795054772158,0.6373119417091652,0.5799119324930068,0.6564364927085892,0.5312074512105353,0.5369404697342622,0.5854496034390521,0.6161138770428457
2019_11_ARI_SF,2019,11,2019-11-17,SF,ARI,1.0,10.0,-429.0,353.0,0.5699937225360954,0.8362327993117115,0.8000713302050838,0.8101192184488765,0.8694118786769036,0.8060873123109638,0.786035261712446,0.7761338557848139,0.8718832504629752
2019_11_CIN_OAK,2019,11,2019-11-17,LV,CIN,1.0,13.0,-605.0,474.0,0.5699937225360954,0.7665004508304925,0.7887381795155732,0.8166865504632862,0.847664395860289,0.8650692642722172,0.8312468583191708,0.8778279477605865,0.8526460503138686
2019_11_NE_PHI,2019,11,2019-11-17,PHI,NE,0.0,-4.5,186.0,-210.0,0.5699937225360954,0.4019503801355195,0.4559650732060263,0.43331615880081603,0.4841695135009695,0.338648018282935,0.34043487810235007,0.450486974246014,0.44706125780764683
2019_11_CHI_LA,2019,11,2019-11-17,LA,CHI,1.0,5.0,-233.0,204.0,0.5699937225360954,0.6132990529468076,0.6489703086283598,0.6513153440895143,0.500134088046903,0.6687811454386803,0.6802135750777858,0.6533662204553202,0.458985099328413
2019_11_KC_LAC,2019,11,2019-11-18,LAC,KC,0.0,-5.5,213.0,-243.0,0.5699937225360954,0.40100514300828605,0.4145024446523982,0.4303680221263188,0.4221805932916018,0.30709277119921563,0.3108038311329388,0.31583660289409227,0.3234500759733669
2019_12_IND_HOU,2019,12,2019-11-21,HOU,IND,1.0,3.5,-183.0,164.0,0.5699937225360954,0.5626206392529118,0.48931991078559056,0.5202941084387894,0.5610390507518799,0.619174424945998,0.6306061713569676,0.5566383245463462,0.6398494701205085
2019_12_CAR_NO,2019,12,2019-11-24,NO,CAR,1.0,10.0,-457.0,374.0,0.5699937225360954,0.7676054264489792,0.7866831292183634,0.8395379789979142,0.8932658353914549,0.8060873123109638,0.7954597198863094,0.8359831833828618,0.8919097916134788
2019_12_DEN_BUF,2019,12,2019-11-24,BUF,DEN,1.0,3.5,-190.0,170.0,0.5699937225360954,0.6564733388067882,0.7189216071889923,0.719414351848905,0.6633554673540535,0.619174424945998,0.6388542963885429,0.6859085188605587,0.6722875114975456
2019_12_DET_WAS,2019,12,2019-11-24,WAS,DET,1.0,-4.0,169.0,-190.0,0.5699937225360954,0.36637161635341425,0.37357195091464984,0.3904475876832794,0.4767609593951933,0.3550041809007743,0.36200224691049804,0.3892455915725099,0.41751620514218374
2019_12_MIA_CLE,2019,12,2019-11-24,CLE,MIA,1.0,11.0,-446.0,365.0,0.5699937225360954,0.7344025031676215,0.7608349968472935,0.7177804966464654,0.8334063225809851,0.8276702994189287,0.791595099049582,0.8161182430041726,0.8771390770279766
2019_12_NYG_CHI,2019,12,2019-11-24,CHI,NYG,1.0,6.0,-252.0,220.0,0.5699937225360954,0.8127386006558983,0.7273806512937684,0.7614075764627625,0.7032404087383346,0.6999582021059714,0.696132596685083,0.7394296756252958,0.6825590175717897
2019_12_OAK_NYJ,2019,12,2019-11-24,NYJ,LV,1.0,-3.5,158.0,-177.0,0.5699937225360954,0.4094068437071435,0.5044410980210889,0.5402846319728496,0.5474269683466226,0.3717063216648587,0.3775590873156503,0.4393429168823163,0.527292127179853
2019_12_PIT_CIN,2019,12,2019-11-24,CIN,PIT,0.0,-5.5,199.0,-225.0,0.5699937225360954,0.22168065657190641,0.28287249895137284,0.2524141429972611,0.298439404998948,0.30709277119921563,0.3257328990228013,0.32056744875569115,0.3018239575233322
2019_12_SEA_PHI,2019,12,2019-11-24,PHI,SEA,0.0,-1.0,-105.0,-105.0,0.5699937225360954,0.5113259795148307,0.5253113478573649,0.5390635036707945,0.5188132483534835,0.45912881332231675,0.5,0.5098257785797701,0.5335808243608081
2019_12_TB_ATL,2019,12,2019-11-24,ATL,TB,0.0,3.5,-183.0,163.0,0.5699937225360954,0.6895806550798226,0.6648711929819476,0.685280061551404,0.8137417458509851,0.619174424945998,0.6297217024951262,0.652902825630097,0.7725095819335923
2019_12_JAX_TEN,2019,12,2019-11-24,TEN,JAX,1.0,4.5,-225.0,198.0,0.5699937225360954,0.6601116731253492,0.715104458770614,0.6910660029646871,0.6356296504536529,0.6525953150771341,0.6735308890005023,0.696993191208547,0.6491780111123125
2019_12_DAL_NE,2019,12,2019-11-24,NE,DAL,1.0,5.5,-231.0,203.0,0.5699937225360954,0.7403835884724095,0.6903793434757716,0.7355906169418024,0.7660027402876426,0.6845773544826139,0.6789306742455842,0.6883392335507089,0.7228068901963692
2019_12_GB_SF,2019,12,2019-11-24,SF,GB,1.0,3.0,-175.0,156.0,0.5699937225360954,0.6053456513640807,0.6023025204191137,0.6171707586103705,0.5526700000904318,0.6020070587234371,0.6196403872752421,0.5527432528462581,0.5259038912243277
2019_12_BAL_LA,2019,12,2019-11-25,LA,BAL,0.0,-3.5,145.0,-162.0,0.5699937225360954,0.45941242956612555,0.4146712988613879,0.4510772459798362,0.42638803393072466,0.3717063216648587,0.39763241766580665,0.3848384188561487,0.3939291736204929
2019_13_CHI_DET,2019,13,2019-11-28,DET,CHI,0.0,-5.5,203.0,-230.0,0.5699937225360954,0.40507461940037975,0.479229129418799,0.4389478159131292,0.5245175819991418,0.30709277119921563,0.32135553607946243,0.296579569320727,0.22992405611282524
2019_13_BUF_DAL,2019,13,2019-11-28,DAL,BUF,0.0,6.5,-298.0,256.0,0.5699937225360954,0.6443826637230374,0.6601876465005455,0.6798147163314807,0.6189221303707152,0.7149013877557152,0.7271879798201359,0.7245298771236773,0.6737488789354488
2019_13_NO_ATL,2019,13,2019-11-28,ATL,NO,0.0,-7.0,272.0,-319.0,0.5699937225360954,0.32079520887392465,0.37229216301982054,0.3567676390267356,0.4023438680027433,0.26301078919818405,0.2609486323551392,0.25296499545570794,0.22904616636354605
2019_13_CLE_PIT,2019,13,2019-12-01,PIT,CLE,1.0,-1.0,103.0,-113.0,0.5699937225360954,0.675028461786937,0.6022039259393431,0.629220830246615,0.6440565326580264,0.45912881332231675,0.48147562105834224,0.47261052744276477,0.5006726093560058
2019_13_GB_NYG,2019,13,2019-12-01,NYG,GB,0.0,-6.5,223.0,-256.0,0.5699937225360954,0.26017660749517707,0.3920382849440179,0.34870679965226675,0.2987834487411589,0.27724523328332656,0.30096036791559583,0.2764065212547201,0.23893099183267455
2019_13_NYJ_CIN,2019,13,2019-12-01,CIN,NYJ,1.0,-2.5,111.0,-123.0,0.5699937225360954,0.40531431886855446,0.4208489169931759,0.5503152429459022,0.40020731788781044,0.40601057663496787,0.46214743124779806,0.42456115853498255,0.43592640443761116
2019_13_PHI_MIA,2019,13,2019-12-01,MIA,PHI,1.0,-10.5,382.0,-469.0,0.5699937225360954,0.27212892741100686,0.36602719067525447,0.40027452520722717,0.2829487779221985,0.17713896714088437,0.20108991440425786,0.2398905121649751,0.15986680506670892
2019_13_SF_BAL,2019,13,2019-12-01,BAL,SF,1.0,5.5,-242.0,212.0,0.5699937225360954,0.679888465185371,0.750827825064509,0.7218112635610799,0.7929005924669477,0.6845773544826139,0.688252023627215,0.7471248093672189,0.7485015781956245
2019_13_TB_JAX,2019,13,2019-12-01,JAX,TB,0.0,-3.0,140.0,-155.0,0.5699937225360954,0.5013300686337491,0.4976609934541141,0.5132967234156202,0.5453553566387928,0.38872068218926786,0.4066985645933015,0.4439749137174815,0.43515655829197886
2019_13_TEN_IND,2019,13,2019-12-01,IND,TEN,0.0,-1.0,-101.0,-109.0,0.5699937225360954,0.6119437767584698,0.6388778408552228,0.6316486246466637,0.6028819721363299,0.45912881332231675,0.49070156678599663,0.5150281964278206,0.46746825575302103
2019_13_WAS_CAR,2019,13,2019-12-01,CAR,WAS,0.0,10.5,-482.0,391.0,0.5699937225360954,0.7732057868008541,0.761251890884148,0.7685257913919425,0.7123366262415481,0.8171258222653166,0.8026195304922302,0.804034767265424,0.7198582557330512
2019_13_LA_ARI,2019,13,2019-12-01,ARI,LA,0.0,-2.5,125.0,-139.0,0.5699937225360954,0.27685928845093527,0.4282236857919195,0.4210484770767341,0.4134263948731772,0.40601057663496787,0.43316719528772085,0.44146716637543904,0.44845241217102255
2019_13_LAC_DEN,2019,13,2019-12-01,DEN,LAC,1.0,-4.5,183.0,-207.0,0.5699937225360954,0.43343107369374906,0.3493062607372023,0.3403026084648393,0.29756856352923833,0.338648018282935,0.34385815571062156,0.2957538243156077,0.21104654701612532
2019_13_OAK_KC,2019,13,2019-12-01,KC,LV,1.0,11.5,-451.0,369.0,0.5699937225360954,0.7992310516827987,0.8205569477628251,0.8351729945333245,0.858930796537879,0.8377275254694294,0.7933380591780781,0.8453816028209281,0.8827255199048136
2019_13_NE_HOU,2019,13,2019-12-01,HOU,NE,1.0,-3.5,154.0,-172.0,0.5699937225360954,0.35363232443363685,0.45076448552879483,0.4091457292329784,0.5878349491462987,0.3717063216648587,0.3837038708949329,0.43694632700461833,0.4784908039095526
2019_13_MIN_SEA,2019,13,2019-12-02,SEA,MIN,1.0,2.5,-154.0,138.0,0.5699937225360954,0.5652645067604993,0.46593724037673406,0.47735596213626597,0.579276053931422,0.5845850177021317,0.5906658931218978,0.5282551178942699,0.6413772813979164
2019_14_DAL_CHI,2019,14,2019-12-05,CHI,DAL,1.0,-3.0,150.0,-167.0,0.5699937225360954,0.5794205854892294,0.5590066322569643,0.5726206582167824,0.6149494507113283,0.38872068218926786,0.3900657414170928,0.46978427257371863,0.60650425888114
2019_14_BAL_BUF,2019,14,2019-12-08,BUF,BAL,0.0,-6.5,230.0,-264.0,0.5699937225360954,0.3402094652133426,0.37544227772220956,0.3705073149073177,0.43036605524561183,0.27724523328332656,0.29468911917098445,0.2992736055637474,0.3136936957671042
2019_14_CAR_ATL,2019,14,2019-12-08,ATL,CAR,1.0,3.5,-180.0,161.0,0.5699937225360954,0.5929445409816955,0.6534466433626435,0.700792807891005,0.635110016902089,0.619174424945998,0.6265670845558816,0.6502501024853997,0.688601878611545
2019_14_CIN_CLE,2019,14,2019-12-08,CLE,CIN,1.0,6.5,-269.0,234.0,0.5699937225360954,0.7632517251792399,0.7084755587243892,0.671501127416036,0.746052871801101,0.7149013877557152,0.7088665520016411,0.6684137466087443,0.7007712856446106
2019_14_DEN_HOU,2019,14,2019-12-08,HOU,DEN,0.0,8.0,-389.0,325.0,0.5699937225360954,0.7727679504217039,0.7461319730485989,0.755975923993182,0.6834398506649468,0.7569337053520492,0.7717353250087524,0.7662408252107391,0.6076995006918202
2019_14_DET_MIN,2019,14,2019-12-08,MIN,DET,1.0,12.0,-587.0,463.0,0.5699937225360954,0.8116008491931973,0.723971362773563,0.7508601496843449,0.6869170257622116,0.8473060911181047,0.8278976203777234,0.8402102323967263,0.8106469611320319
2019_14_IND_TB,2019,14,2019-12-08,TB,IND,1.0,3.0,-166.0,149.0,0.5699937225360954,0.5280387006085504,0.5567007115434268,0.5885304765867418,0.5011637562421725,0.6020070587234371,0.6084434892689964,0.5778633842928749,0.5856278280510743
2019_14_MIA_NYJ,2019,14,2019-12-08,NYJ,MIA,1.0,5.0,-213.0,189.0,0.5699937225360954,0.5733853324054732,0.6312903649886683,0.6192753150603343,0.7597423577832211,0.6687811454386803,0.6629225583423975,0.6543242800888915,0.7078934026901937
2019_14_SF_NO,2019,14,2019-12-08,NO,SF,0.0,1.0,-116.0,105.0,0.5699937225360954,0.6348929535494058,0.6185978603370684,0.6456498492761557,0.5467553048639429,0.5312074512105353,0.5240193918025562,0.6022901200841315,0.519090674741098
2019_14_WAS_GB,2019,14,2019-12-08,GB,WAS,1.0,13.0,-752.0,568.0,0.5699937225360954,0.8138385072067069,0.8336123376335488,0.868135087479769,0.8512915901712693,0.8650692642722172,0.8549876092699,0.8940501459510516,0.8634012139518631
2019_14_LAC_JAX,2019,14,2019-12-08,JAX,LAC,0.0,-3.5,160.0,-179.0,0.5699937225360954,0.40937012959492286,0.3720189525231833,0.3254861104503169,0.3610147074934585,0.3717063216648587,0.3747984954325632,0.3569606113150224,0.3336980576183331
2019_14_KC_NE,2019,14,2019-12-08,NE,KC,0.0,3.0,-150.0,135.0,0.5699937225360954,0.6655043223151524,0.6178863273314276,0.6223332903230177,0.575865726300426,0.6020070587234371,0.5850622406639003,0.5808275811553527,0.5603504474384189
2019_14_PIT_ARI,2019,14,2019-12-08,ARI,PIT,0.0,-2.5,117.0,-130.0,0.5699937225360954,0.2467785997188486,0.37056260974186145,0.3849217123931589,0.417836596529844,0.40601057663496787,0.4491310290958797,0.46610145430930877,0.5452904031834607
2019_14_TEN_OAK,2019,14,2019-12-08,LV,TEN,0.0,-3.0,137.0,-152.0,0.5699937225360954,0.3626429500492466,0.39289900018610224,0.42824438493754224,0.3950079336780181,0.38872068218926786,0.4116032928263426,0.42578134394488,0.4627056134849172
2019_14_SEA_LA,2019,14,2019-12-08,LA,SEA,1.0,1.0,-120.0,109.0,0.5699937225360954,0.47449657300024894,0.5500609484797818,0.5678261486048669,0.5140857149437719,0.5312074512105353,0.5327102803738317,0.5600359973733304,0.585369016459488
2019_14_NYG_PHI,2019,14,2019-12-09,PHI,NYG,1.0,9.5,-411.0,341.0,0.5699937225360954,0.8160800157141209,0.7486095543154022,0.6955439931256036,0.8540421453418718,0.7945500316685373,0.7800741120115687,0.7955525039924024,0.8905385521154175
2019_15_NYJ_BAL,2019,15,2019-12-12,BAL,NYJ,1.0,17.0,-1105.0,775.0,0.5699937225360954,0.9146977150024732,0.9084188477537274,0.8961015979902888,0.9679916809824101,0.919511870479443,0.8891826646741006,0.9344125481271435,0.9692943134354122
2019_15_CHI_GB,2019,15,2019-12-15,GB,CHI,1.0,4.0,-218.0,192.0,0.5699937225360954,0.5699539562889189,0.5535156942562963,0.5694562143379841,0.5592175167888878,0.6360489652150136,0.6668622192423734,0.6264160507173686,0.7113513870774425
2019_15_DEN_KC,2019,15,2019-12-15,KC,DEN,1.0,10.0,-426.0,352.0,0.5699937225360954,0.7840609543691199,0.772557287843232,0.7935417057786893,0.8194154569594863,0.8060873123109638,0.7854392376974285,0.8029772105790199,0.8148689311589097
2019_15_HOU_TEN,2019,15,2019-12-15,TEN,HOU,0.0,3.0,-165.0,148.0,0.5699937225360954,0.6036897951856645,0.6437272394105205,0.6172011485798974,0.5934641176624603,0.6020070587234371,0.6069415603678434,0.6025539756965562,0.5293301814290214
2019_15_MIA_NYG,2019,15,2019-12-15,NYG,MIA,1.0,3.5,-185.0,165.0,0.5699937225360954,0.4913924725669918,0.5690506148268191,0.5621469257812151,0.46085994517280743,0.619174424945998,0.6323766526926797,0.610864567554529,0.6051597413192352
2019_15_NE_CIN,2019,15,2019-12-15,CIN,NE,0.0,-10.5,381.0,-468.0,0.5699937225360954,0.13990364830948077,0.25696041009458676,0.25149326902012015,0.37789397912516826,0.17713896714088437,0.20148417214126596,0.22993202371772217,0.20175026406425217
2019_15_PHI_WAS,2019,15,2019-12-15,WAS,PHI,0.0,-7.0,247.0,-286.0,0.5699937225360954,0.3266929496040445,0.34579925116149146,0.2980472347826772,0.5093407176605423,0.26301078919818405,0.28003075985548675,0.27859817192692615,0.4130603928716287
2019_15_SEA_CAR,2019,15,2019-12-15,CAR,SEA,0.0,-6.0,218.0,-250.0,0.5699937225360954,0.2952526452297652,0.42384465170437796,0.3965831553105479,0.4450788559278012,0.2919448879585793,0.3056768558951965,0.33730632380829134,0.400326455711333
2019_15_TB_DET,2019,15,2019-12-15,DET,TB,0.0,-5.5,210.0,-239.0,0.5699937225360954,0.42259095217070547,0.5130834157776987,0.4824981321401348,0.46822699494534453,0.30709277119921563,0.3139179553662376,0.3984014957011299,0.39974835015779403
2019_15_CLE_ARI,2019,15,2019-12-15,ARI,CLE,1.0,-3.0,140.0,-156.0,0.5699937225360954,0.3498534059967877,0.41626060320196845,0.4340192097265638,0.3746197931463145,0.38872068218926786,0.40609137055837563,0.4454251647658164,0.3804975532928169
2019_15_JAX_OAK,2019,15,2019-12-15,LV,JAX,0.0,7.0,-297.0,255.0,0.5699937225360954,0.6135199564051438,0.6708052059971543,0.6865467460398142,0.6201039571618682,0.7293880739977538,0.7264615702621697,0.7744682325945275,0.7457358270426471
2019_15_MIN_LAC,2019,15,2019-12-15,LAC,MIN,0.0,-1.0,107.0,-118.0,0.5699937225360954,0.426917307906832,0.5988095947356148,0.6193981752622484,0.6325047885780428,0.45912881332231675,0.4715960714749275,0.52119174637974,0.53249794480718
2019_15_ATL_SF,2019,15,2019-12-15,SF,ATL,0.0,10.5,-460.0,376.0,0.5699937225360954,0.7548071180958432,0.7778406289784557,0.773496308585494,0.747762591731552,0.8171258222653166,0.7963340122199594,0.8426372094342959,0.8126865932837445
2019_15_LA_DAL,2019,15,2019-12-15,DAL,LA,1.0,-1.0,104.0,-115.0,0.5699937225360954,0.44316867759521483,0.587469317085482,0.5748001036741867,0.5287133246585227,0.45912881332231675,0.478202846975089,0.5147820698937419,0.46614223382257747
2019_15_BUF_PIT,2019,15,2019-12-15,PIT,BUF,0.0,1.0,-112.0,101.0,0.5699937225360954,0.6289514634952509,0.5718187961297492,0.6008604107378213,0.6668716854307561,0.5312074512105353,0.5150073206442166,0.5390903333012685,0.6235783597018993
2019_15_IND_NO,2019,15,2019-12-16,NO,IND,1.0,8.0,-376.0,315.0,0.5699937225360954,0.7528259018629564,0.7425482714707901,0.7934692894636899,0.7391769075156753,0.7569337053520492,0.7662541740326065,0.7935123413495883,0.7292633226472444
2019_16_HOU_TB,2019,16,2019-12-21,TB,HOU,0.0,-3.0,135.0,-150.0,0.5699937225360954,0.5096013898336244,0.5940663693387144,0.6026949601767436,0.557032486572917,0.38872068218926786,0.41493775933609955,0.3692536985157194,0.4924259021284555
2019_16_BUF_NE,2019,16,2019-12-21,NE,BUF,1.0,7.0,-289.0,250.0,0.5699937225360954,0.7119385924204978,0.6741018308078189,0.7277302604274722,0.6752607061554138,0.7293880739977538,0.7222420564084255,0.7067705274274467,0.7778838237043327
2019_16_LA_SF,2019,16,2019-12-21,SF,LA,1.0,7.0,-320.0,274.0,0.5699937225360954,0.5979749786559866,0.6676606195223684,0.6748014303995157,0.6293614403057329,0.7293880739977538,0.7402276100940128,0.7299547764235245,0.6649761743864511
2019_16_BAL_CLE,2019,16,2019-12-22,CLE,BAL,0.0,-9.5,311.0,-370.0,0.5699937225360954,0.19745975586859643,0.17289650679092824,0.17251957453444153,0.252941469901006,0.1991793287392831,0.2360978550258703,0.15490059785304358,0.2997949741850812
2019_16_CAR_IND,2019,16,2019-12-22,IND,CAR,1.0,7.5,-308.0,264.0,0.5699937225360954,0.6786775068881181,0.704397027789071,0.7298609101415822,0.6477384228633076,0.7434028594038091,0.7331798681594643,0.8023194199881789,0.730840149893452
2019_16_CIN_MIA,2019,16,2019-12-22,MIA,CIN,1.0,-1.5,107.0,-118.0,0.5699937225360954,0.6023583860954691,0.628014282214093,0.6367439605170944,0.6100562559776488,0.44125728409760395,0.4715960714749275,0.5002392076690363,0.4653155939244593
2019_16_JAX_ATL,2019,16,2019-12-22,ATL,JAX,1.0,7.5,-313.0,268.0,0.5699937225360954,0.7493676966893793,0.8014374608009488,0.8186255226786728,0.8921641511192587,0.7434028594038091,0.7360752537000588,0.7734115287449013,0.841938934840487
2019_16_NO_TEN,2019,16,2019-12-22,TEN,NO,0.0,-3.5,159.0,-178.0,0.5699937225360954,0.4174886159793277,0.49722534975774435,0.42038453152056987,0.45969840667979767,0.3717063216648587,0.3761738518578658,0.3938105763889087,0.3927202634302357
2019_16_NYG_WAS,2019,16,2019-12-22,WAS,NYG,0.0,-1.0,102.0,-112.0,0.5699937225360954,0.5775156154139633,0.5071396739134417,0.5607256087649028,0.43704058634132387,0.45912881332231675,0.4837531945965681,0.4736955589097831,0.40633178176842977
2019_16_PIT_NYJ,2019,16,2019-12-22,NYJ,PIT,1.0,-3.0,153.0,-171.0,0.5699937225360954,0.30023929741150657,0.5222146346974368,0.5534991027218652,0.394735570557524,0.38872068218926786,0.38514560209200854,0.5049301050711784,0.5108637306533702
2019_16_DET_DEN,2019,16,2019-12-22,DEN,DET,1.0,9.5,-400.0,333.0,0.5699937225360954,0.6928691013979346,0.6759017308251499,0.7113648851612444,0.7495208032127023,0.7945500316685373,0.7759856630824372,0.8267274932980319,0.912759084648034
2019_16_OAK_LAC,2019,16,2019-12-22,LAC,LV,0.0,7.5,-321.0,274.0,0.5699937225360954,0.7342445180958199,0.7597754343179433,0.7725300846353277,0.815487420691582,0.7434028594038091,0.7403702653033536,0.7373050941321867,0.7700712708820008
2019_16_ARI_SEA,2019,16,2019-12-22,SEA,ARI,0.0,8.0,-385.0,322.0,0.5699937225360954,0.8600075486651944,0.7514106042895741,0.7545587519069809,0.7186323573323468,0.7569337053520492,0.7701094942408874,0.7021407051049199,0.7794053464828116
2019_16_DAL_PHI,2019,16,2019-12-22,PHI,DAL,1.0,-2.0,109.0,-120.0,0.5699937225360954,0.5329170079145377,0.4983174095132033,0.517724006733996,0.4524491275166832,0.4235366658533386,0.4672897196261682,0.44548277564371386,0.45258112748205964
2019_16_KC_CHI,2019,16,2019-12-22,CHI,KC,0.0,-6.5,254.0,-295.0,0.5699937225360954,0.3976488482101658,0.41671601219506893,0.3869732376326256,0.42651302291950943,0.27724523328332656,0.2744389633849788,0.3113061549933126,0.34355080865736093
2019_16_GB_MIN,2019,16,2019-12-23,MIN,GB,0.0,4.0,-202.0,179.0,0.5699937225360954,0.6589899966731531,0.6481178640239695,0.6340642055286209,0.6326473001382134,0.6360489652150136,0.6511009958640449,0.6042488213463264,0.6504058411947246
2019_17_ATL_TB,2019,17,2019-12-29,TB,ATL,0.0,1.0,-120.0,109.0,0.5699937225360954,0.5448904566605804,0.5113795303854467,0.49986884729556436,0.5971938193452849,0.5312074512105353,0.5327102803738317,0.45588583988104114,0.5853186584369336
2019_17_CHI_MIN,2019,17,2019-12-29,MIN,CHI,0.0,-5.5,203.0,-230.0,0.5699937225360954,0.6913960627074978,0.6650102768926691,0.4752042900348734,0.5667358412609486,0.30709277119921563,0.32135553607946243,0.3170687567866751,0.2147399583301748
2019_17_CLE_CIN,2019,17,2019-12-29,CIN,CLE,1.0,-2.5,124.0,-137.0,0.5699937225360954,0.3632028637300504,0.41847856402554595,0.45841031985872815,0.42692118934507045,0.40601057663496787,0.4357578877693609,0.4042554305217454,0.4700118197306028
2019_17_GB_DET,2019,17,2019-12-29,DET,GB,0.0,-13.5,508.0,-656.0,0.5699937225360954,0.22635499594161346,0.3328893986072615,0.28682985160409946,0.20641026405657623,0.1224837922891053,0.15934306815499277,0.13531912672718163,0.1237135175520992
2019_17_LAC_KC,2019,17,2019-12-29,KC,LAC,1.0,10.0,-389.0,325.0,0.5699937225360954,0.8315568854320018,0.775075393080399,0.7807771024639959,0.7583188159090493,0.8060873123109638,0.7717353250087524,0.8121961606403115,0.8135820039429063
2019_17_MIA_NE,2019,17,2019-12-29,NE,MIA,0.0,17.5,-1117.0,781.0,0.5699937225360954,0.9104972000794239,0.8615307653048777,0.8618159742942301,0.9641863840485977,0.9246968435220666,0.889941642844805,0.9164250217770988,0.9745657420899589
2019_17_NO_CAR,2019,17,2019-12-29,CAR,NO,0.0,-13.5,510.0,-660.0,0.5699937225360954,0.1913489546650087,0.18396864891406065,0.13539748019918313,0.2762590215905436,0.1224837922891053,0.15879648976180524,0.09349026705069866,0.20183456221177953
2019_17_NYJ_BUF,2019,17,2019-12-29,BUF,NYJ,0.0,-1.5,112.0,-124.0,0.5699937225360954,0.7736878183286345,0.7078644922813135,0.6850591662916476,0.8124326737957283,0.44125728409760395,0.4600722970752547,0.443737144069343,0.49167203264149445
2019_17_ARI_LA,2019,17,2019-12-29,LA,ARI,1.0,7.0,-271.0,235.0,0.5699937225360954,0.7573064598870265,0.6988360360074543,0.7192810462587851,0.6836028246466882,0.7293880739977538,0.7098956093365133,0.7048223864958084,0.7174075095066738
2019_17_IND_JAX,2019,17,2019-12-29,JAX,IND,1.0,-5.0,204.0,-232.0,0.5699937225360954,0.36190660988577533,0.3227726608976255,0.34061613462508494,0.37143901782284816,0.3226684464255168,0.320067869813358,0.29748104402162096,0.290271813935736
2019_17_OAK_DEN,2019,17,2019-12-29,DEN,LV,1.0,5.5,-221.0,195.0,0.5699937225360954,0.6775741972549278,0.6551748048595093,0.6494159801641631,0.6100169612984957,0.6845773544826139,0.6700755434503315,0.6951469093041296,0.5948535813148836
2019_17_PHI_NYG,2019,17,2019-12-29,NYG,PHI,0.0,-4.0,176.0,-198.0,0.5699937225360954,0.28610629873951027,0.4000617771414673,0.3676654710452964,0.3877295770121365,0.3550041809007743,0.35287987874194765,0.3649440865605792,0.29633000267832704
2019_17_PIT_BAL,2019,17,2019-12-29,BAL,PIT,1.0,-2.0,122.0,-135.0,0.5699937225360954,0.8215725334664501,0.8730309397183346,0.7894013153500582,0.8636633333194835,0.4235366658533386,0.43949878436506445,0.5425310066005438,0.5136577284506014
2019_17_TEN_HOU,2019,17,2019-12-29,HOU,TEN,0.0,-10.0,308.0,-366.0,0.5699937225360954,0.6283081447482768,0.5178329786544543,0.42378775738264374,0.4746059388338368,0.1879109032643362,0.23784247274509004,0.19904275945466235,0.1924827461470969
2019_17_WAS_DAL,2019,17,2019-12-29,DAL,WAS,1.0,13.0,-621.0,485.0,0.5699937225360954,0.8329395367400343,0.7999295449492831,0.7356044222094312,0.874284944029696,0.8650692642722172,0.8343994395764669,0.8389892415413244,0.8711807874452452
2019_17_SF_SEA,2019,17,2019-12-29,SEA,SF,0.0,-3.5,159.0,-177.0,0.5699937225360954,0.5206258332456029,0.40481628722947166,0.4011102976497276,0.5623633408837634,0.3717063216648587,0.37665039500700276,0.32947731559564564,0.43780527887298726
2020_01_HOU_KC,2020,1,2020-09-10,KC,HOU,1.0,9.5,-423.0,349.0,0.5661145015983726,0.7660345421420067,0.8573381636217452,0.8699598868528222,0.8467516083411107,0.7923284511240944,0.7840868276451428,0.853141587350139,0.8524744659740832
2020_01_CHI_DET,2020,1,2020-09-13,DET,CHI,0.0,2.5,-128.0,116.0,0.5661145015983726,0.3729181702950217,0.435858665537239,0.5989975934416143,0.42051001140313604,0.5818720997563681,0.5480494766888677,0.5704909485353576,0.5458852442316828
2020_01_CLE_BAL,2020,1,2020-09-13,BAL,CLE,1.0,7.0,-302.0,260.0,0.5661145015983726,0.8319457334631869,0.8508508760948937,0.8561906970404484,0.8537930514695118,0.7268740296725643,0.7300564061240935,0.7532527229456091,0.8104065649018496
2020_01_GB_MIN,2020,1,2020-09-13,MIN,GB,0.0,1.0,-114.0,103.0,0.5661145015983726,0.5542795670195885,0.48885347987890304,0.5081592243489614,0.42565284825558425,0.5285549876374068,0.5195545777019441,0.4843353037179771,0.39841180739667326
2020_01_IND_JAX,2020,1,2020-09-13,JAX,IND,1.0,-7.0,265.0,-309.0,0.5661145015983726,0.4958566031347912,0.42156095620215644,0.292442521106149,0.39222406978604896,0.26148009526465227,0.26612876988645606,0.25080066818470986,0.266481223396464
2020_01_LV_CAR,2020,1,2020-09-13,CAR,LV,0.0,-3.0,134.0,-124.0,0.5661145015983726,0.5452911692389137,0.48018389144200563,0.5658963161468107,0.4074218338227196,0.38651793490002656,0.43566205072351016,0.37487864292897677,0.3895977461603843
2020_01_MIA_NE,2020,1,2020-09-13,NE,MIA,1.0,7.5,-327.0,278.0,0.5661145015983726,0.8044396006764909,0.781366030884761,0.7188992868483612,0.7955543716821323,0.7409399531705225,0.7432443808401381,0.738993727261648,0.7843716830873299
2020_01_NYJ_BUF,2020,1,2020-09-13,BUF,NYJ,1.0,6.5,-279.0,242.0,0.5661145015983726,0.654054532764843,0.6060642282203962,0.5739887303473364,0.5535534981653641,0.7123408872653292,0.7157173074903613,0.6558236473259212,0.644135807576174
2020_01_PHI_WAS,2020,1,2020-09-13,WAS,PHI,1.0,-5.5,200.0,-227.0,0.5661145015983726,0.31345216105442436,0.2840845388183851,0.20910375795099945,0.25418629710698626,0.30530301827128536,0.32440476190476186,0.30875999486893196,0.22326400764914126
2020_01_SEA_ATL,2020,1,2020-09-13,ATL,SEA,0.0,1.0,-112.0,102.0,0.5661145015983726,0.5499815611715659,0.6145823807526859,0.6262710388575505,0.5425685850797582,0.5285549876374068,0.5162468054034319,0.5469536175269707,0.4923716836051185
2020_01_LAC_CIN,2020,1,2020-09-13,CIN,LAC,0.0,-2.5,117.0,-129.0,0.5661145015983726,0.4222149208531902,0.4207869579116294,0.48820140935116135,0.34481227377197593,0.40373340124001633,0.4499636492248442,0.42360937713401914,0.4080906318022528
2020_01_ARI_SF,2020,1,2020-09-13,SF,ARI,0.0,7.0,-280.0,242.0,0.5661145015983726,0.793590250194142,0.7907698963640662,0.7988626858075158,0.7378476282000813,0.7268740296725643,0.7159090909090909,0.740851814216894,0.758702580001354
2020_01_TB_NO,2020,1,2020-09-13,NO,TB,1.0,4.0,-196.0,174.0,0.5661145015983726,0.737916411759793,0.7742599027146958,0.7634296445836365,0.80173097896744,0.6333422772333591,0.644674925573802,0.7481914747639817,0.7230404701760222
2020_01_DAL_LA,2020,1,2020-09-13,LA,DAL,1.0,1.0,-114.0,103.0,0.5661145015983726,0.5939264888284276,0.5033280490193367,0.5204447819495659,0.49343123058966787,0.5285549876374068,0.5195545777019441,0.5427261550985488,0.535090170604122
2020_01_PIT_NYG,2020,1,2020-09-14,NYG,PIT,0.0,-6.0,221.0,-253.0,0.5661145015983726,0.372919216122499,0.5552108490773091,0.31292217035680125,0.6134932669711619,0.2902416705211135,0.3029704839803284,0.35867378096810065,0.3473193599347702
2020_01_TEN_DEN,2020,1,2020-09-14,DEN,TEN,0.0,-3.0,157.0,-175.0,0.5661145015983726,0.4040272577437937,0.4306014277959486,0.4900218845168277,0.4214866074521032,0.38651793490002656,0.3794411866160745,0.4297162138446338,0.4916814821331144
2020_02_CIN_CLE,2020,2,2020-09-17,CLE,CIN,1.0,6.0,-243.0,213.0,0.5661145015983726,0.6534912352248938,0.5567982548044869,0.5673517419728412,0.6219948804771848,0.6973564101463833,0.6891961688670611,0.6543856806023076,0.6610078674933193
2020_02_ATL_DAL,2020,2,2020-09-20,DAL,ATL,1.0,3.0,-145.0,131.0,0.5661145015983726,0.5930761308457652,0.6584196412304877,0.6448130051076667,0.6254647618422794,0.5992888690497044,0.5775497887748944,0.6300096385203158,0.5796098604706977
2020_02_BUF_MIA,2020,2,2020-09-20,MIA,BUF,0.0,-5.5,214.0,-244.0,0.5661145015983726,0.37892085260602326,0.3920370611889097,0.43161085360472234,0.37787764341329916,0.30530301827128536,0.3098652446494199,0.32997541546914705,0.24298454985304554
2020_02_CAR_TB,2020,2,2020-09-20,TB,CAR,1.0,7.5,-342.0,290.0,0.5661145015983726,0.6935726134153943,0.6911728867264714,0.723678094937153,0.5496692953735727,0.7409399531705225,0.7510980966325037,0.6857502165809382,0.688181062032772
2020_02_DEN_PIT,2020,2,2020-09-20,PIT,DEN,1.0,6.0,-267.0,232.0,0.5661145015983726,0.6368869182270622,0.5784941779664741,0.6531719308530242,0.44255493701329357,0.6973564101463833,0.7072057697217258,0.648575291516507,0.4774185331939786
2020_02_DET_GB,2020,2,2020-09-20,GB,DET,1.0,7.0,-284.0,245.0,0.5661145015983726,0.8353327187864446,0.7755746422268611,0.7499365377951615,0.7906037837820651,0.7268740296725643,0.7184337879454465,0.7416860103386588,0.8239536589073868
2020_02_JAX_TEN,2020,2,2020-09-20,TEN,JAX,1.0,7.0,-295.0,254.0,0.5661145015983726,0.7729459920622002,0.753130098219629,0.7277034367539853,0.7183676702683797,0.7268740296725643,0.7255610366150211,0.7240659257417565,0.7740731600779373
2020_02_LA_PHI,2020,2,2020-09-20,PHI,LA,0.0,2.0,-123.0,111.0,0.5661145015983726,0.47036543555923627,0.5696582348387199,0.5773827974240276,0.4048619137901219,0.5642487518981475,0.537852568752202,0.6108947653664052,0.5077933561118432
2020_02_MIN_IND,2020,2,2020-09-20,IND,MIN,1.0,3.5,-176.0,158.0,0.5661145015983726,0.4341087502028511,0.5487252139117516,0.5798093145138997,0.5155843922743336,0.6164583589458309,0.6219592373438527,0.649904877364456,0.6409445291857311
2020_02_NYG_CHI,2020,2,2020-09-20,CHI,NYG,1.0,4.5,-222.0,196.0,0.5661145015983726,0.7910324521832738,0.7133374742960981,0.729846055266539,0.7082899071593954,0.6499050478503092,0.6711332625214478,0.6760461573501416,0.650700973516982
2020_02_SF_NYJ,2020,2,2020-09-20,NYJ,SF,0.0,-7.0,259.0,-301.0,0.5661145015983726,0.34647297756486695,0.3465960167873251,0.3564974447419394,0.4268436467855631,0.26148009526465227,0.27065517450846727,0.2849109543776092,0.34077536105576955
2020_02_WAS_ARI,2020,2,2020-09-20,ARI,WAS,1.0,7.5,-313.0,268.0,0.5661145015983726,0.6688448612428521,0.7014239062230697,0.7123891397962092,0.7438387773446352,0.7409399531705225,0.7360752537000588,0.7481292270463745,0.8120523703423151
2020_02_BAL_HOU,2020,2,2020-09-20,HOU,BAL,0.0,-7.5,292.0,-344.0,0.5661145015983726,0.36046555508875006,0.27916877841783727,0.27868756324434196,0.32713105132773496,0.24780945853966255,0.24770150852450237,0.25964688621111787,0.269222278252132
2020_02_KC_LAC,2020,2,2020-09-20,LAC,KC,0.0,-8.5,311.0,-370.0,0.5661145015983726,0.2695176568790537,0.22579206077489528,0.16684159189375122,0.20465161965259077,0.22193788483010465,0.2360978550258703,0.1614848566705898,0.1490282607211295
2020_02_NE_SEA,2020,2,2020-09-20,SEA,NE,1.0,4.0,-199.0,177.0,0.5661145015983726,0.5370628612896049,0.519614357235657,0.5423680879439585,0.544376921307779,0.6333422772333591,0.648330451760112,0.642668056064035,0.6497789676447427
2020_02_NO_LV,2020,2,2020-09-21,LV,NO,1.0,-4.0,180.0,-201.0,0.5661145015983726,0.29690687808556987,0.29700320378230144,0.26352577264914395,0.2756239858071006,0.35296030550538127,0.3484602917341977,0.3342735258735448,0.4051012607032907
2020_03_MIA_JAX,2020,3,2020-09-24,JAX,MIA,0.0,3.0,-138.0,124.0,0.5661145015983726,0.6558174819777389,0.6343382524064307,0.6152748267799731,0.5844444991792166,0.5992888690497044,0.5649948822927329,0.6147789092723563,0.5637132905056716
2020_03_CHI_ATL,2020,3,2020-09-27,ATL,CHI,0.0,2.5,-135.0,122.0,0.5661145015983726,0.506843789460152,0.6163933726627594,0.6404569223136328,0.5092142306668994,0.5818720997563681,0.5605012156349355,0.6021530187604255,0.5077479735613287
2020_03_HOU_PIT,2020,3,2020-09-27,PIT,HOU,1.0,4.0,-196.0,174.0,0.5661145015983726,0.6302846993793925,0.619716320194461,0.6928955449442042,0.5757385091940128,0.6333422772333591,0.644674925573802,0.6134346304836644,0.6033891617528279
2020_03_LA_BUF,2020,3,2020-09-27,BUF,LA,1.0,1.5,-126.0,114.0,0.5661145015983726,0.4812178898152751,0.5447224268117629,0.5233598968669246,0.3953744631924895,0.5464615788088613,0.5440238883060285,0.5817669307326294,0.4901169177838603
2020_03_LV_NE,2020,3,2020-09-27,NE,LV,1.0,7.0,-311.0,266.0,0.5661145015983726,0.7140410493022754,0.7215279376389316,0.7103533987850645,0.7576083530099349,0.7268740296725643,0.7347120560783859,0.725841165515377,0.8175787689983434
2020_03_SF_NYG,2020,3,2020-09-27,NYG,SF,0.0,-3.0,134.0,-149.0,0.5661145015983726,0.23327318037279302,0.2735136367207958,0.32551385559912344,0.23179877325548473,0.38651793490002656,0.4166248368637687,0.36358523899258016,0.3532369971186629
2020_03_TEN_MIN,2020,3,2020-09-27,MIN,TEN,0.0,-3.0,139.0,-155.0,0.5661145015983726,0.4242910643867447,0.4358029551128337,0.5004699055771099,0.3562032621269257,0.38651793490002656,0.40770645135502437,0.39743113456901513,0.43222613030446294
2020_03_WAS_CLE,2020,3,2020-09-27,CLE,WAS,1.0,7.5,-331.0,282.0,0.5661145015983726,0.6508221346011787,0.6942741860057768,0.708349665973629,0.5555099479829003,0.7409399531705225,0.745785705017046,0.7426703212945591,0.7400805577045246
2020_03_CAR_LAC,2020,3,2020-09-27,LAC,CAR,0.0,6.0,-265.0,230.0,0.5661145015983726,0.6994421507054588,0.7759814817669265,0.7486822821701292,0.7422168204611365,0.6973564101463833,0.7055264219443325,0.7557586868202414,0.6490011424670236
2020_03_NYJ_IND,2020,3,2020-09-27,IND,NYJ,1.0,12.5,-630.0,491.0,0.5661145015983726,0.678509294005303,0.7200926316529103,0.7441599874082399,0.7725770930375238,0.854613813051713,0.8360766173399501,0.8534218962302225,0.8677801418494326
2020_03_DAL_SEA,2020,3,2020-09-27,SEA,DAL,1.0,5.5,-237.0,208.0,0.5661145015983726,0.6579283452477331,0.5716715481910094,0.5762089484241749,0.4764343440646555,0.6819398941937522,0.6841493589262952,0.7135760790903033,0.6123257244392257
2020_03_DET_ARI,2020,3,2020-09-27,ARI,DET,0.0,4.5,-218.0,193.0,0.5661145015983726,0.7068986041312876,0.6999689148455153,0.6572218124930227,0.6391219274611526,0.6499050478503092,0.6676212973221565,0.6664808275341187,0.6265214232338256
2020_03_TB_DEN,2020,3,2020-09-27,DEN,TB,0.0,-6.0,230.0,-264.0,0.5661145015983726,0.5269889335459438,0.5590717008966563,0.48076521474646017,0.616145001518581,0.2902416705211135,0.29468911917098445,0.4183760507787254,0.37537010722238334
2020_03_GB_NO,2020,3,2020-09-27,NO,GB,0.0,3.5,-172.0,154.0,0.5661145015983726,0.5386553205407733,0.6022329145244508,0.6473968316949963,0.6777157849668819,0.6164583589458309,0.6162961291050671,0.6446053016477633,0.6828328511133478
2020_03_KC_BAL,2020,3,2020-09-28,BAL,KC,0.0,3.5,-174.0,156.0,0.5661145015983726,0.5393444131030779,0.6082881624956549,0.5864728732618185,0.5872104282363879,0.6164583589458309,0.6191482263983098,0.5984983977352946,0.6375860695736723
2020_04_DEN_NYJ,2020,4,2020-10-01,NYJ,DEN,0.0,1.0,-114.0,104.0,0.5661145015983726,0.49942650521052245,0.5220360853816564,0.5345817798781571,0.4408119885699237,0.5285549876374068,0.5207810820494446,0.5593077727248883,0.5120527069933614
2020_04_ARI_CAR,2020,4,2020-10-04,CAR,ARI,1.0,-3.0,141.0,-157.0,0.5661145015983726,0.4896704094957517,0.4215371989816698,0.441088421424259,0.39259713918947825,0.38651793490002656,0.4044887231062215,0.35542752853579573,0.44359763331000623
2020_04_BAL_WAS,2020,4,2020-10-04,WAS,BAL,0.0,-14.5,692.0,-958.0,0.5661145015983726,0.1833957880768229,0.17660296015625088,0.1630905907905724,0.177959629160067,0.10727485043814484,0.12237778415242397,0.11739792858726823,0.14309861282446468
2020_04_CLE_DAL,2020,4,2020-10-04,DAL,CLE,0.0,3.5,-175.0,157.0,0.5661145015983726,0.6685206963347726,0.7413627242996997,0.7479895752350189,0.745505085104348,0.6164583589458309,0.6205588133839255,0.633269128521059,0.706291582645697
2020_04_JAX_CIN,2020,4,2020-10-04,CIN,JAX,1.0,1.0,-112.0,101.0,0.5661145015983726,0.4875838672891837,0.5410912529597276,0.5583038261912302,0.46625550682628586,0.5285549876374068,0.5150073206442166,0.5360784136650495,0.46783841709059315
2020_04_LAC_TB,2020,4,2020-10-04,TB,LAC,1.0,7.5,-331.0,282.0,0.5661145015983726,0.6819644222509983,0.6419407593878685,0.702228966363763,0.4609411421610516,0.7409399531705225,0.745785705017046,0.7207339261374895,0.5937006694308594
2020_04_MIN_HOU,2020,4,2020-10-04,HOU,MIN,0.0,3.5,-172.0,154.0,0.5661145015983726,0.5271898679229028,0.5558440410474643,0.5475497642131741,0.6691416883948687,0.6164583589458309,0.6162961291050671,0.6462659886599914,0.7533302616843679
2020_04_NO_DET,2020,4,2020-10-04,DET,NO,0.0,-3.0,139.0,-155.0,0.5661145015983726,0.3096027907278852,0.29915301512324677,0.2933515297256526,0.2499732993125843,0.38651793490002656,0.40770645135502437,0.36445598921387284,0.4108329549448478
2020_04_SEA_MIA,2020,4,2020-10-04,MIA,SEA,0.0,-4.5,196.0,-223.0,0.5661145015983726,0.3042321840739463,0.44824494505499207,0.46353757876805707,0.30952009017316157,0.33668735193084537,0.3285592220368638,0.4142130116425806,0.33331314448262245
2020_04_NYG_LA,2020,4,2020-10-04,LA,NYG,1.0,13.5,-890.0,652.0,0.5661145015983726,0.8416369037841689,0.7999007308701166,0.8135210317003295,0.8399234557202371,0.8716173676463542,0.8711407299422085,0.8619172719433689,0.8760938085419445
2020_04_BUF_LV,2020,4,2020-10-04,LV,BUF,0.0,-3.0,154.0,-172.0,0.5661145015983726,0.44504869888601956,0.4919849521939744,0.5198001190497182,0.49521403908233164,0.38651793490002656,0.3837038708949329,0.4443033853963346,0.4873629722143134
2020_04_IND_CHI,2020,4,2020-10-04,CHI,IND,0.0,-3.5,156.0,-174.0,0.5661145015983726,0.6397338227288084,0.5392024248154995,0.5053589315021427,0.4834134985049829,0.3695815463687581,0.3808517736016902,0.37962193971849895,0.3698224610549187
2020_04_PHI_SF,2020,4,2020-10-04,SF,PHI,0.0,8.5,-320.0,273.0,0.5661145015983726,0.7625566016614154,0.7960458135454275,0.7780138263565064,0.7992140887395869,0.7676232354247322,0.7397124442240952,0.8060655178764947,0.8460216917455314
2020_04_NE_KC,2020,4,2020-10-05,KC,NE,1.0,7.0,-299.0,257.0,0.5661145015983726,0.7397340298707529,0.7538141880564466,0.8395978135074981,0.8304099846889944,0.7268740296725643,0.7279106401260202,0.7852057505293758,0.8339083522023945
2020_04_ATL_GB,2020,4,2020-10-05,GB,ATL,1.0,5.0,-221.0,195.0,0.5661145015983726,0.7659589398771526,0.7709268295595104,0.7570974398902384,0.7061716583850486,0.6661140654322977,0.6700755434503315,0.7601612415004628,0.6779314317084963
2020_05_TB_CHI,2020,5,2020-10-08,CHI,TB,1.0,-3.5,164.0,-184.0,0.5661145015983726,0.5582432240570226,0.5453687258750759,0.5233357330344891,0.5112600618871374,0.3695815463687581,0.3689461650384535,0.4623500286203697,0.4069323537000786
2020_05_ARI_NYJ,2020,5,2020-10-11,NYJ,ARI,0.0,-7.0,254.0,-295.0,0.5661145015983726,0.47653759967546744,0.4842078270815852,0.5643533440311825,0.4408631906879281,0.26148009526465227,0.2744389633849788,0.298570338221945,0.3627137563046123
2020_05_CAR_ATL,2020,5,2020-10-11,ATL,CAR,0.0,2.5,-139.0,125.0,0.5661145015983726,0.6400945263392052,0.6598501464295732,0.6813282729538023,0.5812870548633795,0.5818720997563681,0.5668328047122791,0.5985372045821364,0.5584871931238216
2020_05_CIN_BAL,2020,5,2020-10-11,BAL,CIN,1.0,12.5,-718.0,547.0,0.5661145015983726,0.8791250548566046,0.8530617501594089,0.8510371245570731,0.794129703617329,0.854613813051713,0.8502780289413667,0.8643166692398758,0.8488013681738427
2020_05_JAX_HOU,2020,5,2020-10-11,HOU,JAX,1.0,6.5,-281.0,243.0,0.5661145015983726,0.676769557923938,0.6086564404221477,0.6298140473053555,0.6317150423000079,0.7123408872653292,0.7166928161923811,0.6987295882826107,0.6786431543891914
2020_05_LA_WAS,2020,5,2020-10-11,WAS,LA,0.0,-7.0,262.0,-305.0,0.5661145015983726,0.24230967180865604,0.30269730657065586,0.34935222576320424,0.30366239930134903,0.26148009526465227,0.2683718772778477,0.3108007013745781,0.3148625048456213
2020_05_LV_KC,2020,5,2020-10-11,KC,LV,0.0,11.0,-476.0,387.0,0.5661145015983726,0.884983817376,0.8377040269590872,0.8517137743268062,0.9472704814084434,0.8256544653219565,0.8009757715644134,0.8241795946819026,0.9473967456442268
2020_05_PHI_PIT,2020,5,2020-10-11,PIT,PHI,1.0,7.5,-372.0,312.0,0.5661145015983726,0.6527044752537773,0.6445638173258661,0.7043123647354936,0.601430714964754,0.7409399531705225,0.7645462526937505,0.7482794874510598,0.7750250909628773
2020_05_MIA_SF,2020,5,2020-10-11,SF,MIA,0.0,8.5,-357.0,301.0,0.5661145015983726,0.7911334127683196,0.8129350670285735,0.8379249630008634,0.7505990643918378,0.7676232354247322,0.7580179712692672,0.7789676209973547,0.8245128690327035
2020_05_IND_CLE,2020,5,2020-10-11,CLE,IND,1.0,1.0,-110.0,-101.0,0.5661145015983726,0.4811349256947867,0.4535553888314377,0.3868565974843375,0.49524166003614545,0.5285549876374068,0.5103878116343491,0.504442213028206,0.5287171976240668
2020_05_NYG_DAL,2020,5,2020-10-11,DAL,NYG,1.0,7.5,-347.0,293.0,0.5661145015983726,0.7599881471368896,0.7610890153191717,0.7741922456161044,0.6716134349024063,0.7409399531705225,0.7531355103799062,0.7058456276968099,0.6796911876645465
2020_05_MIN_SEA,2020,5,2020-10-11,SEA,MIN,1.0,6.5,-284.0,245.0,0.5661145015983726,0.686362889852915,0.6789137290884587,0.6657195561165423,0.6983571912114661,0.7123408872653292,0.7184337879454465,0.7213129087173588,0.6872366449779248
2020_05_LAC_NO,2020,5,2020-10-12,NO,LAC,1.0,7.0,-339.0,288.0,0.5661145015983726,0.7664865232603134,0.7949594922797631,0.8272222427413362,0.8179978437332219,0.7268740296725643,0.7497605909982216,0.8067621236535042,0.819558468834792
2020_05_BUF_TEN,2020,5,2020-10-13,TEN,BUF,1.0,-3.0,150.0,-168.0,0.5661145015983726,0.6496952809931981,0.678576796845815,0.6631822890519239,0.5408244635166137,0.38651793490002656,0.38953488372093026,0.46620345407296077,0.39963825436796435
2020_06_ATL_MIN,2020,6,2020-10-18,MIN,ATL,0.0,3.5,-188.0,167.0,0.5661145015983726,0.6810486616087396,0.6407727097085328,0.6404591551333696,0.6048071886174172,0.6164583589458309,0.6354245784596689,0.6517421282192999,0.6389311904321608
2020_06_BAL_PHI,2020,6,2020-10-18,PHI,BAL,0.0,-10.5,348.0,-422.0,0.5661145015983726,0.30518510497736234,0.30342511339674366,0.3113549208815287,0.3494890416855226,0.17616236291488488,0.2163676758298239,0.1899651798107295,0.21585686203891766
2020_06_CHI_CAR,2020,6,2020-10-18,CAR,CHI,0.0,2.0,-124.0,112.0,0.5661145015983726,0.44235687481194075,0.457203935814829,0.45129521643699794,0.48974735238782224,0.5642487518981475,0.5399277029247453,0.5293071253589996,0.5466610796986312
2020_06_CIN_IND,2020,6,2020-10-18,IND,CIN,1.0,7.5,-340.0,288.0,0.5661145015983726,0.7634534359040591,0.7825441781739007,0.8146033399387045,0.7768278951254322,0.7409399531705225,0.7498863119599818,0.7913634918302919,0.7746826783021624
2020_06_CLE_PIT,2020,6,2020-10-18,PIT,CLE,1.0,3.0,-159.0,143.0,0.5661145015983726,0.6620141072859334,0.5902246843001183,0.6769158847788559,0.5159921121562985,0.5992888690497044,0.5986798270759409,0.5839893241624133,0.513451718829164
2020_06_DEN_NE,2020,6,2020-10-18,NE,DEN,0.0,7.0,-328.0,280.0,0.5661145015983726,0.7344558681144321,0.6998956343813573,0.7108989630581658,0.7875063115098638,0.7268740296725643,0.7443860487338748,0.7095604185372713,0.8209937359633135
2020_06_DET_JAX,2020,6,2020-10-18,JAX,DET,0.0,-3.0,139.0,-154.0,0.5661145015983726,0.5431012682043511,0.48412926157558345,0.4513626435015025,0.5474607697532756,0.38651793490002656,0.40832074076455643,0.3656240029447261,0.4377258148040141
2020_06_HOU_TEN,2020,6,2020-10-18,TEN,HOU,1.0,4.0,-190.0,169.0,0.5661145015983726,0.7778201132641859,0.7368364904869381,0.7010150383601447,0.7826779695595256,0.6333422772333591,0.6379977530895019,0.651886937737241,0.6962494511718638
2020_06_WAS_NYG,2020,6,2020-10-18,NYG,WAS,1.0,2.0,-128.0,116.0,0.5661145015983726,0.5672289390472197,0.6183549449723181,0.5843949155205607,0.5902556764132351,0.5642487518981475,0.5480494766888677,0.551889238011509,0.5669608505519199
2020_06_NYJ_MIA,2020,6,2020-10-18,MIA,NYJ,1.0,9.5,-410.0,340.0,0.5661145015983726,0.7342893227541532,0.7339704908367195,0.7159497376356502,0.7417965185428604,0.7923284511240944,0.7796024200518582,0.7897111914702782,0.8149672281070993
2020_06_GB_TB,2020,6,2020-10-18,TB,GB,1.0,-3.0,131.0,-145.0,0.5661145015983726,0.39546004509962285,0.3801618167262491,0.4107282204777235,0.5454451763947462,0.38651793490002656,0.4224502112251056,0.30172108244529017,0.4954276320588092
2020_06_LA_SF,2020,6,2020-10-18,SF,LA,1.0,-2.0,112.0,-124.0,0.5661145015983726,0.47251649743319507,0.529655467898803,0.5384257441272079,0.45861893810822296,0.4211892093255599,0.4600722970752547,0.45296969594683684,0.4492396755237237
2020_06_KC_BUF,2020,6,2020-10-19,BUF,KC,0.0,-5.5,203.0,-230.0,0.5661145015983726,0.34495324031788627,0.3450219200012128,0.3048521799560191,0.341418044082615,0.30530301827128536,0.32135553607946243,0.2998199627496116,0.25118493166066813
2020_06_ARI_DAL,2020,6,2020-10-19,DAL,ARI,0.0,1.0,-114.0,103.0,0.5661145015983726,0.6116129456409328,0.6622795815051105,0.5935579811060413,0.5853217389676456,0.5285549876374068,0.5195545777019441,0.5292996529498142,0.5443085806493232
2020_07_NYG_PHI,2020,7,2020-10-22,PHI,NYG,1.0,5.0,-223.0,197.0,0.5661145015983726,0.7505834977206302,0.6885858027088163,0.7121607075135096,0.6232517892746299,0.6661140654322977,0.6721843886695558,0.6506110597221244,0.624264724630491
2020_07_BUF_NYJ,2020,7,2020-10-25,NYJ,BUF,0.0,-9.5,327.0,-391.0,0.5661145015983726,0.2852338852480139,0.2794420210618884,0.2928227527381989,0.27875778021675973,0.19805613693877305,0.22725484478632957,0.17326233927784937,0.24031774050556412
2020_07_CAR_NO,2020,7,2020-10-25,NO,CAR,1.0,7.0,-317.0,271.0,0.5661145015983726,0.770668956045346,0.8378221201728103,0.8583662697803117,0.8140627046807534,0.7268740296725643,0.7382412574463144,0.8068430546928363,0.8791266181323719
2020_07_CLE_CIN,2020,7,2020-10-25,CIN,CLE,0.0,-4.5,179.0,-201.0,0.5661145015983726,0.3879149939550106,0.4494070748879386,0.46679378830079493,0.39225539945982413,0.33668735193084537,0.34927302475080935,0.32836115644647584,0.3025157717353476
2020_07_DAL_WAS,2020,7,2020-10-25,WAS,DAL,1.0,-1.0,100.0,-110.0,0.5661145015983726,0.3888024445941302,0.33584762743866625,0.38601617305321784,0.3887041092547452,0.45665552133746967,0.48837209302325585,0.47828968479674694,0.4625622840685425
2020_07_DET_ATL,2020,7,2020-10-25,ATL,DET,0.0,1.0,-113.0,102.0,0.5661145015983726,0.6726393678728155,0.6527285020714044,0.6462407170421263,0.640060875288857,0.5285549876374068,0.5172913928296243,0.5158681256564865,0.5020820045077519
2020_07_GB_HOU,2020,7,2020-10-25,HOU,GB,0.0,-2.5,127.0,-140.0,0.5661145015983726,0.3633626128449661,0.3877179724101887,0.3878005277017825,0.3944760021912094,0.40373340124001633,0.43026174256005734,0.3787731655489699,0.4190403989573761
2020_07_PIT_TEN,2020,7,2020-10-25,TEN,PIT,0.0,1.0,-114.0,103.0,0.5661145015983726,0.6503666313582721,0.6829235868028688,0.5792950180679493,0.5438621935387619,0.5285549876374068,0.5195545777019441,0.59583355424172,0.437750395841605
2020_07_TB_LV,2020,7,2020-10-25,LV,TB,0.0,-3.5,171.0,-192.0,0.5661145015983726,0.4425612431172157,0.5354804445333319,0.5067784402644332,0.5351275789595863,0.3695815463687581,0.35946425054165854,0.4875120329340199,0.46446373272750213
2020_07_JAX_LAC,2020,7,2020-10-25,LAC,JAX,1.0,8.0,-389.0,325.0,0.5661145015983726,0.6961113687510778,0.7650019712112788,0.7659846754907197,0.7091121635514072,0.7545261204927799,0.7717353250087524,0.77700756438461,0.7699314601015121
2020_07_KC_DEN,2020,7,2020-10-25,DEN,KC,0.0,-7.0,260.0,-302.0,0.5661145015983726,0.2628683615614711,0.24175330601874043,0.22714641045835746,0.14883769907017738,0.26148009526465227,0.26994359387590655,0.23292648357219717,0.14979417744741397
2020_07_SF_NE,2020,7,2020-10-25,NE,SF,0.0,3.0,-167.0,150.0,0.5661145015983726,0.5715747338592608,0.5045558747865374,0.4795706421605501,0.4795050703341614,0.5992888690497044,0.6099342585829073,0.57025200800875,0.5559720480937828
2020_07_SEA_ARI,2020,7,2020-10-25,ARI,SEA,1.0,-3.5,166.0,-186.0,0.5661145015983726,0.38883031389507033,0.44869825369268185,0.42953310304230946,0.31081379297100925,0.3695815463687581,0.36630974947487066,0.3651109352969333,0.3151109012936161
2020_07_CHI_LA,2020,7,2020-10-26,LA,CHI,1.0,6.5,-291.0,251.0,0.5661145015983726,0.5936846531803296,0.6707326157832963,0.6768236185248148,0.574441827375418,0.7123408872653292,0.7231682018677297,0.7189139514686439,0.7313245220007137
2020_08_ATL_CAR,2020,8,2020-10-29,CAR,ATL,0.0,1.5,-115.0,104.0,0.5661145015983726,0.4940916597881035,0.43983637751012256,0.42463873682711306,0.367324208361168,0.5464615788088613,0.521797153024911,0.5249791645152967,0.46096443069247867
2020_08_IND_DET,2020,8,2020-11-01,DET,IND,0.0,-3.5,165.0,-185.0,0.5661145015983726,0.423764903437322,0.42572340187308977,0.41368574234531896,0.45583647827449486,0.3695815463687581,0.3676233473073202,0.38621769175348675,0.3962385493271626
2020_08_LA_MIA,2020,8,2020-11-01,MIA,LA,1.0,-3.5,157.0,-176.0,0.5661145015983726,0.40328364660385585,0.5536781708533696,0.43699803343433086,0.3749365082013002,0.3695815463687581,0.37895430579964856,0.4690122503303578,0.35189244450543483
2020_08_LV_CLE,2020,8,2020-11-01,CLE,LV,0.0,1.0,-130.0,117.0,0.5661145015983726,0.6119879294547779,0.5893782196880101,0.576340163440052,0.5245433522725064,0.5285549876374068,0.5508689709041202,0.529820933138451,0.469559204231625
2020_08_MIN_GB,2020,8,2020-11-01,GB,MIN,0.0,5.5,-249.0,218.0,0.5661145015983726,0.751565541044439,0.7141989515558655,0.7102480329127203,0.7638780092197326,0.6819398941937522,0.6940796970600095,0.7197510428594153,0.7113799063788486
2020_08_NE_BUF,2020,8,2020-11-01,BUF,NE,1.0,4.0,-197.0,175.0,0.5661145015983726,0.5988067914326493,0.610159753695619,0.6052986154941548,0.6604651776945794,0.6333422772333591,0.6459016393442624,0.6546518813387467,0.7247881479366184
2020_08_NYJ_KC,2020,8,2020-11-01,KC,NYJ,1.0,20.0,-1965.0,1204.0,0.5661145015983726,0.9383978303278457,0.9391067793123328,0.9419396106577026,0.9498323991789848,0.9454142714981939,0.9254205701985654,0.9577723535702618,0.9472067023152586
2020_08_PIT_BAL,2020,8,2020-11-01,BAL,PIT,0.0,4.0,-200.0,178.0,0.5661145015983726,0.6557362041834469,0.7265516522243841,0.6803031834828146,0.6403871434245088,0.6333422772333591,0.6495327102803738,0.6616773954754879,0.7129435417523199
2020_08_TEN_CIN,2020,8,2020-11-01,CIN,TEN,1.0,-7.5,274.0,-321.0,0.5661145015983726,0.19731981846474653,0.29273360053976366,0.3355537678410097,0.2126565015622842,0.24780945853966255,0.2596297346966464,0.24509813645825573,0.1954194900087052
2020_08_LAC_DEN,2020,8,2020-11-01,DEN,LAC,1.0,-3.0,132.0,-146.0,0.5661145015983726,0.6176009722369153,0.4478018865283176,0.43112917131060713,0.4196281628505119,0.38651793490002656,0.4207141879874127,0.37596673172416056,0.42018427623680726
2020_08_NO_CHI,2020,8,2020-11-01,CHI,NO,0.0,-5.5,202.0,-229.0,0.5661145015983726,0.47503080812957527,0.3416557085500739,0.3238289524796299,0.24805857085868177,0.30530301827128536,0.3223657136138275,0.2598719976947051,0.2098876042207609
2020_08_SF_SEA,2020,8,2020-11-01,SEA,SF,1.0,1.0,-110.0,-100.0,0.5661145015983726,0.5909188710440195,0.45579559812239806,0.4433955055470569,0.5236252368055045,0.5285549876374068,0.5116279069767442,0.4815112483137356,0.5196334152222154
2020_08_DAL_PHI,2020,8,2020-11-01,PHI,DAL,1.0,10.0,-403.0,335.0,0.5661145015983726,0.6641974957548663,0.6048218002266348,0.6910871375124872,0.5265776574370812,0.8039327515573245,0.7770439484940493,0.7935700355467155,0.8273082119388042
2020_08_TB_NYG,2020,8,2020-11-02,NYG,TB,0.0,-13.0,470.0,-598.0,0.5661145015983726,0.21028473339569748,0.2882602021587392,0.255219281950592,0.2133835675819087,0.12979578433733469,0.16997029172551503,0.17034318950305086,0.16641043201898928
2020_09_GB_SF,2020,9,2020-11-05,SF,GB,0.0,-6.0,215.0,-246.0,0.5661145015983726,0.5306753306919925,0.5600855747685388,0.5176751437702405,0.5645577306136653,0.2902416705211135,0.30868052457846373,0.2817266747790859,0.3955232605187548
2020_09_BAL_IND,2020,9,2020-11-08,IND,BAL,0.0,1.0,-104.0,-106.0,0.5661145015983726,0.41661092647939885,0.4682454250706182,0.5144562491305898,0.40284201762126304,0.5285549876374068,0.497677011707861,0.5634427315936968,0.4769444280298561
2020_09_CAR_KC,2020,9,2020-11-08,KC,CAR,1.0,10.0,-445.0,365.0,0.5661145015983726,0.898877686863368,0.8948862602186659,0.906522435766578,0.9487304860711728,0.8039327515573245,0.7915272066558287,0.848534344545856,0.9576494062967684
2020_09_CHI_TEN,2020,9,2020-11-08,TEN,CHI,1.0,6.5,-280.0,243.0,0.5661145015983726,0.6602914066488781,0.7393630252179862,0.6997601222263078,0.7292740587733356,0.7123408872653292,0.7165025365562518,0.7620097785134631,0.8346420039668121
2020_09_DEN_ATL,2020,9,2020-11-08,ATL,DEN,1.0,4.5,-218.0,193.0,0.5661145015983726,0.5989332519221356,0.7132803825240565,0.7342788277720245,0.6410896502470135,0.6499050478503092,0.6676212973221565,0.6837213622604403,0.6864307621560441
2020_09_DET_MIN,2020,9,2020-11-08,MIN,DET,1.0,3.0,-173.0,155.0,0.5661145015983726,0.7296592903179665,0.6292658270502861,0.6135211177889938,0.5754878329631341,0.5992888690497044,0.617727368199958,0.5714479590033882,0.5562785457116616
2020_09_HOU_JAX,2020,9,2020-11-08,JAX,HOU,0.0,-7.0,249.0,-289.0,0.5661145015983726,0.3788065903231526,0.41809086475489077,0.37209862412501804,0.37104597133028727,0.26148009526465227,0.2783322958479118,0.2622564517153072,0.23065740042480729
2020_09_NYG_WAS,2020,9,2020-11-08,WAS,NYG,0.0,3.0,-162.0,145.0,0.5661145015983726,0.6190784768961757,0.5991188631979768,0.6330239010161538,0.5134972663020356,0.5992888690497044,0.6023675823341934,0.6132319043811456,0.5304384108903424
2020_09_SEA_BUF,2020,9,2020-11-08,BUF,SEA,1.0,-3.0,147.0,-164.0,0.5661145015983726,0.45625327991979403,0.5206329524718291,0.5099992973182237,0.4312121868164146,0.38651793490002656,0.3945716506247385,0.44534015736732635,0.4164376789026556
2020_09_LV_LAC,2020,9,2020-11-08,LAC,LV,0.0,-1.0,102.0,-112.0,0.5661145015983726,0.48711020727111043,0.5413290383558093,0.5557034247568721,0.4402897115754443,0.45665552133746967,0.4837531945965681,0.4011165744722993,0.47538603721962036
2020_09_MIA_ARI,2020,9,2020-11-08,ARI,MIA,0.0,6.0,-241.0,211.0,0.5661145015983726,0.5787703882893455,0.6526364231950768,0.6660311273390911,0.6459106619639647,0.6973564101463833,0.6873022714142923,0.7006552795077059,0.677068255870423
2020_09_PIT_DAL,2020,9,2020-11-08,DAL,PIT,0.0,-14.0,591.0,-789.0,0.5661145015983726,0.24195783881130786,0.3615411338914909,0.33016267592391824,0.4791016465956536,0.11437157782338277,0.14019892792765798,0.11502844187523538,0.23070873859461327
2020_09_NO_TB,2020,9,2020-11-08,TB,NO,0.0,3.0,-179.0,160.0,0.5661145015983726,0.5613072558804791,0.4895046186141164,0.4828708536463362,0.5391926269020637,0.5992888690497044,0.6252015045674368,0.4995348903706107,0.5392357382649251
2020_09_NE_NYJ,2020,9,2020-11-09,NYJ,NE,0.0,-9.5,312.0,-372.0,0.5661145015983726,0.2918993010774683,0.29633463321088704,0.36791944785078246,0.2830374466966854,0.19805613693877305,0.2354537473062495,0.21214942543522128,0.25843053975264085
2020_10_IND_TEN,2020,10,2020-11-12,TEN,IND,0.0,-1.0,105.0,-115.0,0.5661145015983726,0.672803126137289,0.6190103473760574,0.544876059819008,0.6547816149689365,0.45665552133746967,0.47698280643372154,0.47779340752214317,0.43537321600464807
2020_10_HOU_CLE,2020,10,2020-11-15,CLE,HOU,1.0,4.5,-217.0,192.0,0.5661145015983726,0.5736165999213854,0.6341397274077823,0.6124747361825853,0.6429584979201198,0.6499050478503092,0.666540435916856,0.690337201403263,0.6661395335099326
2020_10_JAX_GB,2020,10,2020-11-15,GB,JAX,1.0,13.5,-893.0,653.0,0.5661145015983726,0.8953333432961892,0.8862539523303269,0.8925481812226597,0.9289554496906676,0.8716173676463542,0.8713278884167888,0.9092010370049114,0.9277668423715877
2020_10_PHI_NYG,2020,10,2020-11-15,NYG,PHI,1.0,-4.5,194.0,-219.0,0.5661145015983726,0.3528792374996351,0.3550648201166485,0.3305952503735688,0.3336012691625264,0.33668735193084537,0.3313046548823297,0.32244654548080454,0.23063289732865763
2020_10_TB_CAR,2020,10,2020-11-15,CAR,TB,0.0,-6.0,226.0,-259.0,0.5661145015983726,0.33823879911571986,0.39106588228287326,0.3591889136595761,0.5775346183753992,0.2902416705211135,0.2983362973058321,0.3078474128468321,0.3553508462053175
2020_10_WAS_DET,2020,10,2020-11-15,DET,WAS,1.0,2.5,-136.0,123.0,0.5661145015983726,0.6262587648745069,0.6504535340371784,0.606853942011331,0.483496238252922,0.5818720997563681,0.562379468921525,0.633624134663715,0.5236280676298602
2020_10_BUF_ARI,2020,10,2020-11-15,ARI,BUF,1.0,3.0,-153.0,138.0,0.5661145015983726,0.4613547633319847,0.5715673061996615,0.5714847164096475,0.4375167492000975,0.5992888690497044,0.590044398353696,0.6093238380533055,0.5485688767228365
2020_10_DEN_LV,2020,10,2020-11-15,LV,DEN,1.0,3.5,-188.0,168.0,0.5661145015983726,0.6307563172600446,0.6671661205404815,0.6724301763811839,0.6668813798272482,0.6164583589458309,0.6362901596282077,0.6744957298174007,0.770838104582346
2020_10_LAC_MIA,2020,10,2020-11-15,MIA,LAC,1.0,1.0,-115.0,104.0,0.5661145015983726,0.7142866141311278,0.6391304742717195,0.6084643849702976,0.6521128210105326,0.5285549876374068,0.521797153024911,0.5985147978213619,0.5223117716736614
2020_10_CIN_PIT,2020,10,2020-11-15,PIT,CIN,1.0,6.5,-297.0,255.0,0.5661145015983726,0.8513542523656643,0.686887113307488,0.7280317473913869,0.7512596949871287,0.7123408872653292,0.7264615702621697,0.678111071140822,0.7186457656436952
2020_10_SEA_LA,2020,10,2020-11-15,LA,SEA,1.0,3.0,-146.0,132.0,0.5661145015983726,0.5167250316235793,0.5582665146616215,0.5815111939681034,0.46102605023150334,0.5992888690497044,0.5792858120125872,0.5551039634015159,0.504138349662546
2020_10_SF_NO,2020,10,2020-11-15,NO,SF,1.0,9.5,-387.0,323.0,0.5661145015983726,0.7148184922552469,0.71630775493907,0.7539910715184841,0.6701667021461865,0.7923284511240944,0.7707167103733034,0.8177462828103933,0.8222249937591656
2020_10_BAL_NE,2020,10,2020-11-15,NE,BAL,1.0,-7.0,272.0,-318.0,0.5661145015983726,0.341259093841283,0.3480639693113578,0.3337966731240299,0.3355017432808549,0.26148009526465227,0.2610933439936038,0.28057753554451537,0.24510812831093087
2020_10_MIN_CHI,2020,10,2020-11-16,CHI,MIN,0.0,-3.5,152.0,-170.0,0.5661145015983726,0.5325723226910318,0.48670775301391817,0.49948847124809315,0.38884938031066874,0.3695815463687581,0.38659793814432986,0.36851589026461856,0.3271187941242177
2020_11_ARI_SEA,2020,11,2020-11-19,SEA,ARI,1.0,3.0,-164.0,147.0,0.5661145015983726,0.6616719344735978,0.5528232416768084,0.5796933997810347,0.5553781251966495,0.5992888690497044,0.6054283493752616,0.5809362475068638,0.5857250758589505
2020_11_ATL_NO,2020,11,2020-11-22,NO,ATL,1.0,3.5,-181.0,162.0,0.5661145015983726,0.760500636502894,0.7051941987730106,0.51601010647955,0.6052644382734914,0.6164583589458309,0.6279229893276131,0.6525032181868033,0.5856916287679181
2020_11_CIN_WAS,2020,11,2020-11-22,WAS,CIN,1.0,2.0,-121.0,110.0,0.5661145015983726,0.4997509264552171,0.5642733159085475,0.5931447584200966,0.48286371980994386,0.5642487518981475,0.534834771627026,0.5868033502151495,0.5437995683359275
2020_11_DET_CAR,2020,11,2020-11-22,CAR,DET,1.0,-3.0,152.0,-169.0,0.5661145015983726,0.5545426536392332,0.5525357784780156,0.4122867591440504,0.5894092595714957,0.38651793490002656,0.3871172000921022,0.4225968742903826,0.47612550502242473
2020_11_NE_HOU,2020,11,2020-11-22,HOU,NE,1.0,-2.5,132.0,-147.0,0.5661145015983726,0.4315699419234168,0.5043000489415753,0.5417596265819237,0.6156558624632396,0.40373340124001633,0.42003945309842866,0.43740751244782616,0.5586807727343462
2020_11_PHI_CLE,2020,11,2020-11-22,CLE,PHI,1.0,2.5,-135.0,122.0,0.5661145015983726,0.5840768556530834,0.5874942644823957,0.5728737558677504,0.4989187994116363,0.5818720997563681,0.5605012156349355,0.638536064581162,0.5302814667495562
2020_11_PIT_JAX,2020,11,2020-11-22,JAX,PIT,0.0,-11.0,386.0,-475.0,0.5661145015983726,0.15137629180987874,0.26151013634118714,0.20826691493289734,0.21884476577043405,0.165949971097314,0.19941043870296515,0.1834204611463199,0.17356896159512322
2020_11_TEN_BAL,2020,11,2020-11-22,BAL,TEN,0.0,6.0,-253.0,221.0,0.5661145015983726,0.6855786911300702,0.6818724567933128,0.7103134718543985,0.566768583251725,0.6973564101463833,0.6970295160196717,0.690100388013989,0.48546554202248926
2020_11_MIA_DEN,2020,11,2020-11-22,DEN,MIA,1.0,-4.0,174.0,-196.0,0.5661145015983726,0.42676066716429195,0.37989053132517053,0.37709448432449344,0.3206500949470311,0.35296030550538127,0.35532507442619804,0.31601783233419256,0.3712628216623722
2020_11_NYJ_LAC,2020,11,2020-11-22,LAC,NYJ,1.0,10.0,-425.0,351.0,0.5661145015983726,0.7093814596053277,0.7772729024185108,0.7666679068116335,0.881035636938179,0.8039327515573245,0.7849902733695097,0.8066063855294535,0.8443121681194521
2020_11_DAL_MIN,2020,11,2020-11-22,MIN,DAL,0.0,7.0,-304.0,261.0,0.5661145015983726,0.7826185462298794,0.6942491929361234,0.675641777236301,0.7119861656897862,0.7268740296725643,0.730924978687127,0.7525752123940486,0.766346942349091
2020_11_GB_IND,2020,11,2020-11-22,IND,GB,1.0,1.5,-120.0,109.0,0.5661145015983726,0.47195673430843504,0.5408940469533133,0.5747787141355947,0.49953388261877063,0.5464615788088613,0.5327102803738317,0.5611374904267138,0.5030114294347026
2020_11_KC_LV,2020,11,2020-11-22,LV,KC,0.0,-7.5,296.0,-351.0,0.5661145015983726,0.28508149923941856,0.2500696123352548,0.23005872972137978,0.21841804378175123,0.24780945853966255,0.24498087954110898,0.2292102169146065,0.17867181491203216
2020_11_LA_TB,2020,11,2020-11-23,TB,LA,0.0,4.0,-195.0,173.0,0.5661145015983726,0.5723602975662814,0.6626440088360092,0.6758502393722385,0.584571816916155,0.6333422772333591,0.6434398984710219,0.7085691928005577,0.6548380855576962
2020_12_HOU_DET,2020,12,2020-11-26,DET,HOU,0.0,-3.0,139.0,-155.0,0.5661145015983726,0.4206148859414496,0.4772400987707153,0.495831754071998,0.4232268961375834,0.38651793490002656,0.40770645135502437,0.4072635653674638,0.4004217572870242
2020_12_WAS_DAL,2020,12,2020-11-26,DAL,WAS,0.0,2.5,-135.0,122.0,0.5661145015983726,0.6360190896243337,0.5766528530943874,0.5361728270820935,0.5683697689393344,0.5818720997563681,0.5605012156349355,0.5356634026975767,0.5735927768260499
2020_12_ARI_NE,2020,12,2020-11-29,NE,ARI,1.0,-1.0,104.0,-115.0,0.5661145015983726,0.5926692688100414,0.5486358821639007,0.5521524531951207,0.45651278672563045,0.45665552133746967,0.478202846975089,0.4953747064908942,0.41123774076115044
2020_12_CAR_MIN,2020,12,2020-11-29,MIN,CAR,1.0,3.0,-145.0,131.0,0.5661145015983726,0.726566295736396,0.6864191978391075,0.6279275082259448,0.6508475212025431,0.5992888690497044,0.5775497887748944,0.5952396246690645,0.5858013598469849
2020_12_CLE_JAX,2020,12,2020-11-29,JAX,CLE,0.0,-7.5,284.0,-334.0,0.5661145015983726,0.30509231194040765,0.3993168965854503,0.4611399428236018,0.27223069444745857,0.24780945853966255,0.2528312438831151,0.2763761706471999,0.24111693194044762
2020_12_LAC_BUF,2020,12,2020-11-29,BUF,LAC,1.0,4.5,-214.0,189.0,0.5661145015983726,0.7571313131608096,0.6624233470164738,0.6275408978687054,0.593772912887454,0.6499050478503092,0.6632563327113227,0.6748676848890309,0.6657083970977228
2020_12_LV_ATL,2020,12,2020-11-29,ATL,LV,1.0,-3.5,164.0,-184.0,0.5661145015983726,0.5434686973805307,0.5235315198893737,0.5557954519182285,0.49330908369360815,0.3695815463687581,0.3689461650384535,0.3403875583526046,0.387009753863923
2020_12_MIA_NYJ,2020,12,2020-11-29,NYJ,MIA,0.0,-7.5,296.0,-350.0,0.5661145015983726,0.26214375343309776,0.28118346905968883,0.19631895097517085,0.31088628373047067,0.24780945853966255,0.2450980392156863,0.23485592152008053,0.253146906819734
2020_12_NYG_CIN,2020,12,2020-11-29,CIN,NYG,0.0,-6.5,227.0,-260.0,0.5661145015983726,0.5422436229083308,0.49518484083101855,0.37338615688418353,0.5199242475963715,0.27562853749790983,0.2974714923153198,0.29107416349620263,0.2723614320433225
2020_12_TEN_IND,2020,12,2020-11-29,IND,TEN,0.0,3.0,-147.0,133.0,0.5661145015983726,0.5567285588429564,0.5457065215676568,0.6118108434457146,0.4836639386641604,0.5992888690497044,0.5810079557598683,0.5604310799368315,0.4914672966833852
2020_12_NO_DEN,2020,12,2020-11-29,DEN,NO,0.0,-17.0,906.0,-1350.0,0.5661145015983726,0.2736680306797519,0.24646159632778356,0.29253850947565063,0.24398948433965556,0.07733763060841276,0.09646730091144967,0.0772389328205207,0.17324188160698423
2020_12_SF_LA,2020,12,2020-11-29,LA,SF,0.0,5.0,-215.0,190.0,0.5661145015983726,0.6671817154990094,0.49464457806223666,0.5202321994541255,0.5875721539526574,0.6661140654322977,0.6643580181140117,0.5459502271210658,0.6312969418799684
2020_12_KC_TB,2020,12,2020-11-29,TB,KC,0.0,-3.5,149.0,-166.0,0.5661145015983726,0.3248060265380496,0.344207011070628,0.3525317891952785,0.37772559961151597,0.3695815463687581,0.3915565107310036,0.3344648460293819,0.36905883515398585
2020_12_CHI_GB,2020,12,2020-11-29,GB,CHI,1.0,7.5,-346.0,293.0,0.5661145015983726,0.7380934097095062,0.7206637377039118,0.7122750290580036,0.7837565108147747,0.7409399531705225,0.7530153174805347,0.7508920318550721,0.8022030372471273
2020_12_SEA_PHI,2020,12,2020-11-30,PHI,SEA,0.0,-6.5,237.0,-274.0,0.5661145015983726,0.3590693360286556,0.4219519541721806,0.4364390109747233,0.4871878967313236,0.27562853749790983,0.28827328924447726,0.28149862943607906,0.3621758198457212
2020_12_BAL_PIT,2020,12,2020-12-02,PIT,BAL,1.0,10.5,-518.0,416.0,0.5661145015983726,0.6228913346997546,0.5390768516083282,0.7033773597974451,0.5019932299831664,0.8150399930388244,0.812208284714119,0.7754897435623399,0.8274059998001418
2020_13_CIN_MIA,2020,13,2020-12-06,MIA,CIN,1.0,10.5,-491.0,397.0,0.5661145015983726,0.7937435014482634,0.7636530255834965,0.7575386107509958,0.7612808536501202,0.8150399930388244,0.8050322142204421,0.8325053286199278,0.8447286509187918
2020_13_CLE_TEN,2020,13,2020-12-06,TEN,CLE,0.0,4.0,-200.0,178.0,0.5661145015983726,0.7376186313286368,0.7670341494806856,0.7523539635699705,0.6786471412970568,0.6333422772333591,0.6495327102803738,0.71251374433169,0.6763126484710121
2020_13_DET_CHI,2020,13,2020-12-06,CHI,DET,0.0,3.0,-161.0,145.0,0.5661145015983726,0.737658690618364,0.6202107969176657,0.6041257747919081,0.6516778478955214,0.5992888690497044,0.6018002898771837,0.5835114047143735,0.5117612446635851
2020_13_IND_HOU,2020,13,2020-12-06,HOU,IND,0.0,-3.5,157.0,-176.0,0.5661145015983726,0.48957751434272617,0.490099169360463,0.4713833485791591,0.560038293007423,0.3695815463687581,0.37895430579964856,0.36065651898772927,0.4297141300583504
2020_13_JAX_MIN,2020,13,2020-12-06,MIN,JAX,1.0,10.5,-445.0,365.0,0.5661145015983726,0.8440435994328446,0.7986082177403844,0.8058181918318169,0.8050699744829473,0.8150399930388244,0.7915272066558287,0.81106072620369,0.8405290997456748
2020_13_LV_NYJ,2020,13,2020-12-06,NYJ,LV,0.0,-7.5,295.0,-349.0,0.5661145015983726,0.2745421946848248,0.3320018789277852,0.32901550494679654,0.3100134767687911,0.24780945853966255,0.24568411260977813,0.25256917430266296,0.2683456561849023
2020_13_NO_ATL,2020,13,2020-12-06,ATL,NO,0.0,-2.5,127.0,-141.0,0.5661145015983726,0.342352638581293,0.3099959135800841,0.38878917082321995,0.3164001975131206,0.40373340124001633,0.4295364214803857,0.3365820444942673,0.41555850008281026
2020_13_LA_ARI,2020,13,2020-12-06,ARI,LA,0.0,-2.5,130.0,-144.0,0.5661145015983726,0.43540702501719153,0.5611561917926975,0.5292625715429123,0.621781764496697,0.40373340124001633,0.4242002781641169,0.4971695932185994,0.572300369225329
2020_13_NYG_SEA,2020,13,2020-12-06,SEA,NYG,0.0,11.0,-514.0,413.0,0.5661145015983726,0.8268302538400091,0.763279449360283,0.802859499794793,0.6943954025115452,0.8256544653219565,0.8111245777988322,0.8459735979943348,0.7836499494242959
2020_13_NE_LAC,2020,13,2020-12-06,LAC,NE,0.0,2.5,-129.0,117.0,0.5661145015983726,0.3923166980702812,0.5376680851416598,0.5760257089114149,0.5101219386322098,0.5818720997563681,0.5500363507751557,0.57089029454993,0.5580972258638016
2020_13_PHI_GB,2020,13,2020-12-06,GB,PHI,1.0,8.0,-393.0,328.0,0.5661145015983726,0.8070078588049479,0.8116434397508668,0.8103342719153204,0.8078811631622222,0.7545261204927799,0.7733375018390467,0.8233680129062378,0.8013824543610074
2020_13_DEN_KC,2020,13,2020-12-06,KC,DEN,1.0,13.0,-660.0,510.0,0.5661145015983726,0.8862691601067758,0.8886905377588247,0.8968199005648609,0.9528121130458531,0.863338025979183,0.8412035102381947,0.8788636551731436,0.9434844573369099
2020_13_WAS_PIT,2020,13,2020-12-07,PIT,WAS,0.0,5.5,-265.0,231.0,0.5661145015983726,0.8645046365596654,0.7537389240477339,0.7756837139852295,0.7805944750374775,0.6819398941937522,0.7061546512095963,0.6959642555824068,0.6982300562417462
2020_13_BUF_SF,2020,13,2020-12-07,SF,BUF,0.0,1.5,-122.0,110.0,0.5661145015983726,0.46194327340617997,0.4617805405889496,0.4919954270348507,0.5493234232572495,0.5464615788088613,0.5357590966122961,0.5006726610457243,0.4822538408836592
2020_13_DAL_BAL,2020,13,2020-12-08,BAL,DAL,1.0,8.5,-390.0,326.0,0.5661145015983726,0.8449281783594017,0.8027462255667482,0.8636627149774723,0.7192191298865976,0.7676232354247322,0.7722413312261782,0.8172826222153499,0.7845815341395799
2020_14_NE_LA,2020,14,2020-12-10,LA,NE,1.0,5.0,-228.0,201.0,0.5661145015983726,0.6313686065527099,0.5184010511679086,0.553038668558188,0.5242217755874223,0.6661140654322977,0.6766178964388532,0.5493260696465122,0.6384917943321479
2020_14_ARI_NYG,2020,14,2020-12-13,NYG,ARI,0.0,-3.0,139.0,-154.0,0.5661145015983726,0.497503815615951,0.486764261090163,0.5022295224732652,0.45323824840864807,0.38651793490002656,0.40832074076455643,0.3858702260581517,0.44679330052894906
2020_14_DAL_CIN,2020,14,2020-12-13,CIN,DAL,0.0,-3.0,148.0,-164.0,0.5661145015983726,0.5389377225494298,0.5886838836825994,0.5389494267634529,0.5294018391766215,0.38651793490002656,0.39360687022900764,0.4712297507510193,0.4650686765619693
2020_14_DEN_CAR,2020,14,2020-12-13,CAR,DEN,0.0,4.0,-199.0,177.0,0.5661145015983726,0.5155524733434612,0.6996927246884883,0.7028920469744727,0.6460887539550871,0.6333422772333591,0.648330451760112,0.6970294655702101,0.7254257523316677
2020_14_HOU_CHI,2020,14,2020-12-13,CHI,HOU,1.0,-1.0,104.0,-114.0,0.5661145015983726,0.5324874276968895,0.5360956202230762,0.5290123528548064,0.4865368178954697,0.45665552133746967,0.4792189179505553,0.4958981653488272,0.4481305915725555
2020_14_KC_MIA,2020,14,2020-12-13,MIA,KC,0.0,-7.5,281.0,-330.0,0.5661145015983726,0.26934945279987815,0.3416507730650376,0.3243643398677263,0.4086211168745657,0.24780945853966255,0.25484501866887926,0.26510531018244504,0.3240647810636686
2020_14_MIN_TB,2020,14,2020-12-13,TB,MIN,1.0,7.0,-317.0,271.0,0.5661145015983726,0.6034007296746307,0.6947670838762098,0.7124661509149582,0.6290556445528765,0.7268740296725643,0.7382412574463144,0.7771944534237648,0.7395905335054798
2020_14_TEN_JAX,2020,14,2020-12-13,JAX,TEN,0.0,-7.5,307.0,-364.0,0.5661145015983726,0.18317592810364905,0.2000764477423368,0.2179986425568167,0.22760435768006493,0.24780945853966255,0.23850155231613795,0.19043207677812404,0.20975425580586954
2020_14_IND_LV,2020,14,2020-12-13,LV,IND,0.0,-2.5,118.0,-130.0,0.5661145015983726,0.46750169816609993,0.48240287252004466,0.45434203932895784,0.465917405647205,0.40373340124001633,0.4479937670432412,0.43673549311982834,0.4891554230139952
2020_14_NYJ_SEA,2020,14,2020-12-13,SEA,NYJ,1.0,16.5,-1032.0,734.0,0.5661145015983726,0.8866050616394507,0.8567826155232209,0.865318897929377,0.9620110365807973,0.9127411437802669,0.8837648682394691,0.9182906502404397,0.9568391744498258
2020_14_ATL_LAC,2020,14,2020-12-13,LAC,ATL,1.0,1.0,-118.0,107.0,0.5661145015983726,0.3566224136814529,0.4587692816138618,0.44548047345685493,0.4633826544452835,0.5285549876374068,0.5284039285250725,0.5575714711062757,0.6529988399147781
2020_14_GB_DET,2020,14,2020-12-13,DET,GB,0.0,-9.5,292.0,-345.0,0.5661145015983726,0.21346649615752647,0.2306171443002547,0.24906016023987593,0.1893679225577907,0.19805613693877305,0.24757983754311783,0.17330809733312946,0.18277987069833343
2020_14_NO_PHI,2020,14,2020-12-13,PHI,NO,1.0,-7.5,284.0,-335.0,0.5661145015983726,0.20218098289520944,0.2569489528065344,0.2989943981913796,0.233207551868247,0.24780945853966255,0.252701289647961,0.2598741532159461,0.24425477233397694
2020_14_WAS_SF,2020,14,2020-12-13,SF,WAS,0.0,3.0,-149.0,134.0,0.5661145015983726,0.6238750999724865,0.5194013009703081,0.5102708395138414,0.5614994702662663,0.5992888690497044,0.5833751631362314,0.5524796404104445,0.5802248741813869
2020_14_PIT_BUF,2020,14,2020-12-13,BUF,PIT,1.0,2.0,-124.0,112.0,0.5661145015983726,0.5159256087011362,0.5434114800855269,0.4721575557512068,0.5351556075269586,0.5642487518981475,0.5399277029247453,0.5896813645544678,0.5606612286756708
2020_14_BAL_CLE,2020,14,2020-12-14,CLE,BAL,0.0,-3.0,156.0,-174.0,0.5661145015983726,0.43730366801608217,0.39177451664494833,0.3778069394940773,0.40416661688316863,0.38651793490002656,0.3808517736016902,0.35446269970394073,0.4287435668893528
2020_15_LAC_LV,2020,15,2020-12-17,LV,LAC,0.0,3.5,-174.0,156.0,0.5661145015983726,0.6712058419508689,0.6012630160456363,0.5958715813978676,0.5923511856930478,0.6164583589458309,0.6191482263983098,0.642879040843987,0.6414927575431459
2020_15_BUF_DEN,2020,15,2020-12-19,DEN,BUF,0.0,-5.5,212.0,-242.0,0.5661145015983726,0.3452027320662396,0.3828605692917418,0.40088011299785586,0.45197076907947575,0.30530301827128536,0.31174797637278495,0.3417569606978698,0.400605536129238
2020_15_CAR_GB,2020,15,2020-12-19,GB,CAR,1.0,9.5,-419.0,346.0,0.5661145015983726,0.8576075956060617,0.8413692618349587,0.8419892894798968,0.8063090706478753,0.7923284511240944,0.782639650883262,0.8403213357872261,0.8492700614504157
2020_15_CHI_MIN,2020,15,2020-12-20,MIN,CHI,0.0,2.5,-152.0,137.0,0.5661145015983726,0.6224003486574183,0.5440723980046352,0.5462011795592349,0.5839271368433159,0.5818720997563681,0.5883967071736573,0.5132490362789663,0.5909238088707836
2020_15_DET_TEN,2020,15,2020-12-20,TEN,DET,1.0,9.5,-389.0,325.0,0.5661145015983726,0.842088979335,0.8260400899442284,0.7957621346759535,0.7933542030237057,0.7923284511240944,0.7717353250087524,0.8205933721596592,0.8093555933551853
2020_15_HOU_IND,2020,15,2020-12-20,IND,HOU,1.0,7.5,-370.0,311.0,0.5661145015983726,0.7591726835478323,0.7359222006722513,0.739510040829693,0.7092879205008441,0.7409399531705225,0.7639021449741297,0.7494994258990055,0.7676691003078923
2020_15_JAX_BAL,2020,15,2020-12-20,BAL,JAX,1.0,13.0,-746.0,564.0,0.5661145015983726,0.9109528423342048,0.9038955008962154,0.8943734547319717,0.9673183597958513,0.863338025979183,0.8541238464403459,0.9042325018009041,0.9614676647652611
2020_15_NE_MIA,2020,15,2020-12-20,MIA,NE,1.0,-1.5,109.0,-120.0,0.5661145015983726,0.5586865552791119,0.4737135225695911,0.47567049423819996,0.5933131335618661,0.43884427325988973,0.4672897196261682,0.3699124926842082,0.47787745459032377
2020_15_SEA_WAS,2020,15,2020-12-20,WAS,SEA,0.0,-6.0,219.0,-251.0,0.5661145015983726,0.4052474536704883,0.43619007146713473,0.31002738087285264,0.4753387433169065,0.2902416705211135,0.30476951262926655,0.31401578917706013,0.35999827438867665
2020_15_SF_DAL,2020,15,2020-12-20,DAL,SF,1.0,-4.0,180.0,-202.0,0.5661145015983726,0.4120753881090782,0.5061074940451268,0.5064737079328246,0.3390130346940092,0.35296030550538127,0.3480866758875058,0.4023905195840214,0.3071538854759719
2020_15_TB_ATL,2020,15,2020-12-20,ATL,TB,0.0,-6.0,225.0,-258.0,0.5661145015983726,0.459483549912682,0.448584283033144,0.4575871782710717,0.3623440959850835,0.2902416705211135,0.299206017551191,0.27096960309468787,0.22814905553360018
2020_15_NYJ_LA,2020,15,2020-12-20,LA,NYJ,0.0,17.5,-1601.0,957.0,0.5661145015983726,0.915549738609788,0.8942293592246702,0.9021832793489762,0.9562777939820712,0.9235545562617696,0.9086641283062269,0.909145216781686,0.9455593998368995
2020_15_PHI_ARI,2020,15,2020-12-20,ARI,PHI,1.0,6.5,-259.0,226.0,0.5661145015983726,0.6370153739093327,0.6945373553560437,0.6910168988449102,0.6379255161493874,0.7123408872653292,0.7016637026941679,0.7432942461685011,0.6821858667327553
2020_15_KC_NO,2020,15,2020-12-20,NO,KC,0.0,-2.5,124.0,-137.0,0.5661145015983726,0.44900926490177423,0.5344436796380309,0.6780141524368171,0.5133013903286066,0.40373340124001633,0.4357578877693609,0.43741546536879145,0.5051985704490318
2020_15_CLE_NYG,2020,15,2020-12-20,NYG,CLE,0.0,-6.0,235.0,-271.0,0.5661145015983726,0.3981937607746565,0.43626082041384084,0.41440467138479053,0.44031647582737593,0.2902416705211135,0.2901043906634867,0.2910644596024444,0.31176628555076097
2020_15_PIT_CIN,2020,15,2020-12-21,CIN,PIT,1.0,-14.5,682.0,-942.0,0.5661145015983726,0.17965906786447827,0.2563017443160409,0.11450545412400182,0.25178315587973654,0.10727485043814484,0.12392310583175953,0.11475158972262185,0.15452176331557935
2020_16_MIN_NO,2020,16,2020-12-25,NO,MIN,1.0,6.5,-302.0,260.0,0.5661145015983726,0.7876186307247943,0.7892811417607296,0.8177677697829018,0.8166328707270787,0.7123408872653292,0.7300564061240935,0.7757048117710481,0.7391994228862221
2020_16_TB_DET,2020,16,2020-12-26,DET,TB,0.0,-12.0,455.0,-591.0,0.5661145015983726,0.24263512263510875,0.34426166663080043,0.34586529357062723,0.3204104757920186,0.14695494702536854,0.1740093929817051,0.1881768042392037,0.2210631863156914
2020_16_SF_ARI,2020,16,2020-12-26,ARI,SF,0.0,6.0,-280.0,242.0,0.5661145015983726,0.6258082134532955,0.6251089801512724,0.7307394118526847,0.554613691970045,0.6973564101463833,0.7159090909090909,0.7038718784735573,0.5902788250853692
2020_16_MIA_LV,2020,16,2020-12-26,LV,MIA,0.0,-2.0,113.0,-125.0,0.5661145015983726,0.4271061700999191,0.5372239523870291,0.5534224343133481,0.6194276750294812,0.4211892093255599,0.45801526717557256,0.5054947146648611,0.6386672678010412
2020_16_ATL_KC,2020,16,2020-12-27,KC,ATL,1.0,11.0,-508.0,409.0,0.5661145015983726,0.8743769243589625,0.82400517467242,0.8209758979406013,0.8564994798663171,0.8256544653219565,0.8096263917938955,0.8486410342172054,0.9058146320412116
2020_16_CHI_JAX,2020,16,2020-12-27,JAX,CHI,0.0,-9.5,370.0,-452.0,0.5661145015983726,0.2544247855891073,0.29908430202822434,0.27947803182628583,0.2595303114542753,0.19805613693877305,0.20624719772829175,0.20429603520489212,0.23684311052089113
2020_16_CIN_HOU,2020,16,2020-12-27,HOU,CIN,0.0,7.5,-324.0,276.0,0.5661145015983726,0.6893399349967876,0.6854668221434137,0.6546591583001292,0.6353775849006915,0.7409399531705225,0.7418160561184722,0.7432703800299816,0.6246216353206979
2020_16_CLE_NYJ,2020,16,2020-12-27,NYJ,CLE,1.0,-6.5,260.0,-303.0,0.5661145015983726,0.2488069568560576,0.2644689015388183,0.2756864711684836,0.2676646603191172,0.27562853749790983,0.26978176462712544,0.2744384282482762,0.24909692649434478
2020_16_IND_PIT,2020,16,2020-12-27,PIT,IND,1.0,-1.0,-104.0,-106.0,0.5661145015983726,0.5145795200727528,0.5114646581546824,0.5628585452781367,0.4466258099335876,0.45665552133746967,0.497677011707861,0.4682030966719058,0.4922836697242185
2020_16_NYG_BAL,2020,16,2020-12-27,BAL,NYG,1.0,10.0,-420.0,348.0,0.5661145015983726,0.8605312175445125,0.8828904968157525,0.8851650914691845,0.8970086481653647,0.8039327515573245,0.7834776815456361,0.8661810100664871,0.9113915330881528
2020_16_CAR_WAS,2020,16,2020-12-27,WAS,CAR,0.0,-1.0,102.0,-112.0,0.5661145015983726,0.665316411429983,0.640482730713921,0.6024103145892151,0.5955650880981364,0.45665552133746967,0.4837531945965681,0.48196570395021576,0.47716022986955586
2020_16_DEN_LAC,2020,16,2020-12-27,LAC,DEN,1.0,2.5,-125.0,113.0,0.5661145015983726,0.531956174299499,0.6226035322700856,0.643755624929492,0.6575219482340142,0.5818720997563681,0.5419847328244275,0.5481606009411938,0.5572553136780709
2020_16_LA_SEA,2020,16,2020-12-27,SEA,LA,1.0,1.5,-127.0,115.0,0.5661145015983726,0.5725636048977079,0.6030232473836501,0.5896124342533311,0.5654731757032678,0.5464615788088613,0.5460453954604539,0.610376058659439,0.5236094420220131
2020_16_PHI_DAL,2020,16,2020-12-27,DAL,PHI,1.0,-3.0,149.0,-166.0,0.5661145015983726,0.5412093092155082,0.5744119817624951,0.5686312238297573,0.5502367067966831,0.38651793490002656,0.3915565107310036,0.4163645305354075,0.46441573703177574
2020_16_TEN_GB,2020,16,2020-12-27,GB,TEN,1.0,3.0,-177.0,159.0,0.5661145015983726,0.6303715506253996,0.6236826173739272,0.6595459108607795,0.5808986530750452,0.5992888690497044,0.6233496049929973,0.6401579392586768,0.5642488826670714
2020_16_BUF_NE,2020,16,2020-12-28,NE,BUF,0.0,-7.0,268.0,-313.0,0.5661145015983726,0.3859633631771657,0.39060946958105514,0.4066223070992039,0.31933381970289654,0.26148009526465227,0.26392474629994117,0.28683253201729153,0.23690140165947127
2020_17_ATL_TB,2020,17,2021-01-03,TB,ATL,1.0,7.5,-323.0,276.0,0.5661145015983726,0.7302186417875142,0.7358848877519871,0.734822653971202,0.6049834544687839,0.7409399531705225,0.7416762342135478,0.749514018279205,0.7065704592374784
2020_17_BAL_CIN,2020,17,2021-01-03,CIN,BAL,0.0,-13.5,597.0,-799.0,0.5661145015983726,0.21643928530697046,0.20002129225758475,0.19367957373417136,0.23936491711336166,0.12187369354998082,0.13899131574838086,0.10345558245823498,0.1770139876312677
2020_17_DAL_NYG,2020,17,2021-01-03,NYG,DAL,1.0,-1.5,109.0,-121.0,0.5661145015983726,0.4527784849866587,0.41752764491875544,0.4169611318201199,0.37422460557260395,0.43884427325988973,0.46635295110679686,0.44607856153111825,0.4291384407858161
2020_17_MIA_BUF,2020,17,2021-01-03,BUF,MIA,1.0,-3.5,138.0,-153.0,0.5661145015983726,0.7172126754900179,0.7227796073518544,0.7309522967932816,0.7435946488545989,0.3695815463687581,0.40995560164630396,0.42079011149581264,0.34006225460701445
2020_17_MIN_DET,2020,17,2021-01-03,DET,MIN,0.0,-3.0,145.0,-161.0,0.5661145015983726,0.3617453319823531,0.38305318298282215,0.422223182887803,0.43098818833620306,0.38651793490002656,0.39819971012281646,0.42743850977202025,0.4831320085955634
2020_17_NYJ_NE,2020,17,2021-01-03,NE,NYJ,1.0,3.0,-161.0,145.0,0.5661145015983726,0.773377013345941,0.7422712432172727,0.7456013243236541,0.620949653851549,0.5992888690497044,0.6018002898771837,0.6518427465660536,0.5435396774453817
2020_17_PIT_CLE,2020,17,2021-01-03,CLE,PIT,1.0,10.5,-460.0,376.0,0.5661145015983726,0.4465621351468416,0.5071915481611762,0.6182259380528417,0.6521667282698606,0.8150399930388244,0.7963340122199594,0.793149195323369,0.7967295993156656
2020_17_ARI_LA,2020,17,2021-01-03,LA,ARI,1.0,1.0,-125.0,113.0,0.5661145015983726,0.6866878168909408,0.5695416871178214,0.5758905843293304,0.5660310967443148,0.5285549876374068,0.5419847328244275,0.4763222128082816,0.40750277234394017
2020_17_GB_CHI,2020,17,2021-01-03,CHI,GB,0.0,-4.5,184.0,-207.0,0.5661145015983726,0.34446016807608654,0.3477583318338536,0.3471563800866772,0.32210028059118856,0.33668735193084537,0.3430627570177007,0.30717325346940627,0.28054805929929005
2020_17_JAX_IND,2020,17,2021-01-03,IND,JAX,1.0,15.5,-1350.0,906.0,0.5661145015983726,0.8992074315577709,0.8660798162745951,0.8786595048101915,0.9423085650377826,0.9005628324862924,0.9035326990885503,0.9031293812675149,0.9522113999681805
2020_17_LAC_KC,2020,17,2021-01-03,KC,LAC,0.0,-7.0,244.0,-282.0,0.5661145015983726,0.9118978705690965,0.8265374926780693,0.5767622969921506,0.9032277729872048,0.26148009526465227,0.28252766108514293,0.31429773862701743,0.33895542074857515
2020_17_LV_DEN,2020,17,2021-01-03,DEN,LV,0.0,-2.5,130.0,-144.0,0.5661145015983726,0.543314257142542,0.43542506709225787,0.4324606310087615,0.37889995977760366,0.40373340124001633,0.4242002781641169,0.3810247230685073,0.3765159811652907
2020_17_NO_CAR,2020,17,2021-01-03,CAR,NO,0.0,-6.0,219.0,-250.0,0.5661145015983726,0.21428151809664925,0.2164767620008025,0.20017704848437548,0.2387358918029359,0.2902416705211135,0.3050108932461874,0.24980699711004686,0.2337410722296168
2020_17_SEA_SF,2020,17,2021-01-03,SF,SEA,0.0,-7.0,266.0,-310.0,0.5661145015983726,0.33818894542704936,0.2922274857515887,0.24861599946656815,0.36296857542538424,0.26148009526465227,0.26544089084552636,0.18984334751462803,0.2298674378287636
2020_17_TEN_HOU,2020,17,2021-01-03,HOU,TEN,0.0,-7.0,259.0,-301.0,0.5661145015983726,0.3137184654472532,0.32714004226122845,0.3679144868544397,0.4364188564577047,0.26148009526465227,0.27065517450846727,0.22360322844749256,0.333652124654606
2020_17_WAS_PHI,2020,17,2021-01-03,PHI,WAS,0.0,-6.5,245.0,-283.0,0.5661145015983726,0.5440834253314866,0.4683443863247888,0.354641005626291,0.533416464531025,0.27562853749790983,0.2817523080884246,0.26129028772277885,0.26261010312334737
2021_01_DAL_TB,2021,1,2021-09-09,TB,DAL,1.0,10.0,-425.0,351.0,0.5614177489177489,0.8342950320426611,0.8181516417551861,0.7791479963257089,0.8339429918853457,0.804840971239063,0.7849902733695097,0.8379706027894566,0.8112610270767147
2021_01_ARI_TEN,2021,1,2021-09-12,TEN,ARI,0.0,2.5,-146.0,131.0,0.5614177489177489,0.6769312952662618,0.7158388439305204,0.6529912487088244,0.6850570430722799,0.5799763313058499,0.5782326921098653,0.6833751506457802,0.5677082097352808
2021_01_JAX_HOU,2021,1,2021-09-12,HOU,JAX,1.0,-3.5,154.0,-172.0,0.5614177489177489,0.712081642617957,0.7282674305452118,0.6304280971707669,0.7140875882448751,0.3652505626550989,0.3837038708949329,0.3729003818078541,0.310591375543356
2021_01_LAC_WAS,2021,1,2021-09-12,WAS,LAC,0.0,2.5,-129.0,117.0,0.5614177489177489,0.5058010847757253,0.4586419650668972,0.571765200694423,0.47281080089182553,0.5799763313058499,0.5500363507751557,0.5362997382515772,0.5404809571306299
2021_01_MIN_CIN,2021,1,2021-09-12,CIN,MIN,1.0,-3.0,122.0,-135.0,0.5614177489177489,0.42677769913237334,0.41333365607874323,0.5302361324520806,0.36445838577834033,0.3823222216736576,0.43949878436506445,0.44043317327830106,0.4976439448853491
2021_01_NYJ_CAR,2021,1,2021-09-12,CAR,NYJ,1.0,3.5,-184.0,164.0,0.5614177489177489,0.6559723956114503,0.665839275257625,0.574865244504555,0.6004008515391269,0.6150436745186744,0.6310538349615464,0.6237323515280356,0.5620591882927978
2021_01_PHI_ATL,2021,1,2021-09-12,ATL,PHI,0.0,3.5,-180.0,161.0,0.5614177489177489,0.6599934929797556,0.6904862718517981,0.7218183606728913,0.6663377085112807,0.6150436745186744,0.6265670845558816,0.6703366651643484,0.6678023122092192
2021_01_PIT_BUF,2021,1,2021-09-12,BUF,PIT,0.0,6.5,-267.0,232.0,0.5614177489177489,0.7242525375595228,0.729204577581104,0.6721636451080116,0.7498670426216804,0.7122270357196742,0.7072057697217258,0.7403537422943325,0.7316241963974162
2021_01_SEA_IND,2021,1,2021-09-12,IND,SEA,0.0,-3.0,132.0,-146.0,0.5614177489177489,0.5575586534617336,0.5754575456893802,0.43505109803449804,0.5889500060106367,0.3823222216736576,0.4207141879874127,0.4035907341771035,0.48864683647651397
2021_01_SF_DET,2021,1,2021-09-12,DET,SF,0.0,-9.5,344.0,-415.0,0.5614177489177489,0.3942897781663024,0.4058828039281978,0.3038958342551358,0.33116410517032224,0.19341522296101116,0.2184424838819138,0.2589783121235643,0.20272446874365035
2021_01_CLE_KC,2021,1,2021-09-12,KC,CLE,1.0,5.5,-241.0,211.0,0.5614177489177489,0.7389320575760184,0.6804530333672778,0.7127777933999617,0.5685898740760273,0.6814270515029357,0.6873022714142923,0.6861621145348229,0.6054922044420498
2021_01_DEN_NYG,2021,1,2021-09-12,NYG,DEN,0.0,-3.0,125.0,-139.0,0.5614177489177489,0.5266019579734652,0.5712353073003441,0.5117450172539524,0.6373865264050137,0.3823222216736576,0.43316719528772085,0.4069811688163398,0.5365659215773978
2021_01_GB_NO,2021,1,2021-09-12,NO,GB,1.0,-4.0,162.0,-181.0,0.5614177489177489,0.4791085293179,0.3644355651669389,0.3476784320615828,0.4998259334618887,0.34851108957821114,0.37207701067238685,0.26167572817797113,0.4603189038429457
2021_01_MIA_NE,2021,1,2021-09-12,NE,MIA,0.0,3.5,-173.0,155.0,0.5614177489177489,0.5298031912761717,0.5681576384042051,0.5488401721516701,0.5345684010774273,0.6150436745186744,0.617727368199958,0.6744003703579877,0.6890496435091611
2021_01_CHI_LA,2021,1,2021-09-12,LA,CHI,1.0,9.5,-387.0,324.0,0.5614177489177489,0.6795656629731616,0.59997391731231,0.6512353852781951,0.631112917458458,0.7931283266301641,0.7711337105475873,0.7374323541968753,0.8557729623130685
2021_01_BAL_LV,2021,1,2021-09-13,LV,BAL,1.0,-3.0,149.0,-167.0,0.5614177489177489,0.3536644098929855,0.32754087379302654,0.3314874325934676,0.2720902769649973,0.3823222216736576,0.39101972672553925,0.3907400613598531,0.390478468012623
2021_02_NYG_WAS,2021,2,2021-09-16,WAS,NYG,1.0,4.0,-198.0,176.0,0.5614177489177489,0.640248908064568,0.5960018142672842,0.5372197595101299,0.5761943621482086,0.6321629086975883,0.6471201212580523,0.5915643941447549,0.6253445871572066
2021_02_BUF_MIA,2021,2,2021-09-19,MIA,BUF,0.0,-3.5,160.0,-179.0,0.5614177489177489,0.45705787014371824,0.3324766545603206,0.31058538402141195,0.3656608183636228,0.3652505626550989,0.3747984954325632,0.3084324724458257,0.41432364977872366
2021_02_CIN_CHI,2021,2,2021-09-19,CHI,CIN,1.0,2.0,-126.0,114.0,0.5614177489177489,0.6584353571918476,0.7041973254469418,0.670848170992717,0.6203560320950013,0.5621106957783012,0.5440238883060285,0.6269956689635309,0.565251017378479
2021_02_DEN_JAX,2021,2,2021-09-19,JAX,DEN,0.0,-6.0,211.0,-241.0,0.5614177489177489,0.33121151805052707,0.3699108981897146,0.3473265670086299,0.2726855804269989,0.2854951694224235,0.31269772858570755,0.29981584563110536,0.22448041678050615
2021_02_HOU_CLE,2021,2,2021-09-19,CLE,HOU,1.0,13.5,-675.0,521.0,0.5614177489177489,0.6774247839179359,0.6712651478287506,0.7032604390393568,0.6570950954412794,0.8729652431005333,0.8439623496250064,0.8874279290384512,0.8440640078923548
2021_02_LA_IND,2021,2,2021-09-19,IND,LA,0.0,-4.0,182.0,-205.0,0.5614177489177489,0.48172784273868474,0.5449542576028388,0.47228101088682856,0.5284344911069273,0.34851108957821114,0.3453742498018345,0.4090689472981466,0.3889436287754374
2021_02_LV_PIT,2021,2,2021-09-19,PIT,LV,0.0,5.5,-228.0,201.0,0.5614177489177489,0.6610294765038849,0.6622640158244868,0.7108056655183135,0.6468308225840103,0.6814270515029357,0.6766178964388532,0.7234468165096601,0.7060050690686699
2021_02_NE_NYJ,2021,2,2021-09-19,NYJ,NE,0.0,-5.5,207.0,-235.0,0.5614177489177489,0.3638877472501271,0.29945220375556286,0.30828701559678234,0.28591189254387334,0.3006044738318898,0.31709972076293247,0.25021492025283415,0.2132668507293698
2021_02_NO_CAR,2021,2,2021-09-19,CAR,NO,1.0,-3.0,131.0,-145.0,0.5614177489177489,0.25720984092114374,0.18580891915760916,0.1682520348559392,0.24686855050249967,0.3823222216736576,0.4224502112251056,0.3079257424503398,0.4153383592932799
2021_02_SF_PHI,2021,2,2021-09-19,PHI,SF,0.0,-3.0,130.0,-144.0,0.5614177489177489,0.4965264409390112,0.45423689009144524,0.42104843062704084,0.3579630906691443,0.3823222216736576,0.4242002781641169,0.3795834827714772,0.43259067395995776
2021_02_ATL_TB,2021,2,2021-09-19,TB,ATL,1.0,13.5,-772.0,582.0,0.5614177489177489,0.8432462000200884,0.8214195284516171,0.811627657529649,0.8519362016018175,0.8729652431005333,0.8579119575560857,0.8743668972029303,0.900036320693562
2021_02_MIN_ARI,2021,2,2021-09-19,ARI,MIN,1.0,4.0,-191.0,170.0,0.5614177489177489,0.6347411538735112,0.6192682780606837,0.6137020432449444,0.5592440317770142,0.6321629086975883,0.6392711044998141,0.6447870909512091,0.6023656086460042
2021_02_DAL_LAC,2021,2,2021-09-19,LAC,DAL,0.0,3.0,-150.0,135.0,0.5614177489177489,0.662718618193688,0.6670733426303801,0.6566863738044992,0.6756215063767586,0.597634819461546,0.5850622406639003,0.6721078058165166,0.656844059539898
2021_02_TEN_SEA,2021,2,2021-09-19,SEA,TEN,0.0,6.5,-286.0,247.0,0.5614177489177489,0.6879480569997403,0.6561814736327316,0.6842856627609318,0.7210819980315657,0.7122270357196742,0.7199692401445134,0.7055826365911623,0.7423245636449843
2021_02_KC_BAL,2021,2,2021-09-19,BAL,KC,1.0,-3.5,153.0,-171.0,0.5614177489177489,0.4591490867739369,0.5542671344544868,0.5372680412163274,0.5241231316166475,0.3652505626550989,0.38514560209200854,0.3705355649435931,0.47003531188479697
2021_02_DET_GB,2021,2,2021-09-20,GB,DET,1.0,11.5,-494.0,400.0,0.5614177489177489,0.8497068442451833,0.8347391861080332,0.834959255895553,0.744111920261154,0.8369436218832383,0.8061357702349868,0.8499995450382355,0.7470809882907133
2021_03_CAR_HOU,2021,3,2021-09-23,HOU,CAR,0.0,-8.0,348.0,-420.0,0.5614177489177489,0.48118528620146356,0.5882468487891732,0.5191979650422185,0.5490693611729797,0.22985343512065587,0.21652231845436373,0.2940285575227507,0.22887407688350525
2021_03_ARI_JAX,2021,3,2021-09-26,JAX,ARI,0.0,-8.0,304.0,-360.0,0.5614177489177489,0.2422671554517617,0.26836090083614667,0.262897016180609,0.2627989069165545,0.22985343512065587,0.2402841621395737,0.2759610366576501,0.31025655592322365
2021_03_ATL_NYG,2021,3,2021-09-26,NYG,ATL,0.0,3.0,-143.0,129.0,0.5614177489177489,0.4966517116506388,0.5739197535431606,0.5235854758569926,0.4489343662533445,0.597634819461546,0.5740354444580784,0.645087868630701,0.5898723204204579
2021_03_BAL_DET,2021,3,2021-09-26,DET,BAL,0.0,-7.5,292.0,-344.0,0.5614177489177489,0.23655606720873518,0.24113609940676858,0.25919200137428544,0.15128437175428885,0.2430195761815785,0.24770150852450237,0.27904999923843216,0.22687924550035807
2021_03_CHI_CLE,2021,3,2021-09-26,CLE,CHI,1.0,7.5,-375.0,315.0,0.5614177489177489,0.6357535267849371,0.6759197171341313,0.7340775962977186,0.4871374590813685,0.7411802630289973,0.7661538461538461,0.7551909706378518,0.6164454437404439
2021_03_CIN_PIT,2021,3,2021-09-26,PIT,CIN,0.0,2.5,-140.0,126.0,0.5614177489177489,0.7313242216957507,0.713426165648159,0.7299491813357795,0.671519188756684,0.5799763313058499,0.5686556434219986,0.5976528316987342,0.545343630744899
2021_03_IND_TEN,2021,3,2021-09-26,TEN,IND,1.0,4.5,-196.0,175.0,0.5614177489177489,0.5832428416755919,0.5352033404656743,0.5609279743805677,0.5611284489560056,0.6489553642863367,0.6455089820359281,0.6487094729378678,0.6572936801330447
2021_03_LAC_KC,2021,3,2021-09-26,KC,LAC,0.0,6.5,-273.0,237.0,0.5614177489177489,0.7771075760909009,0.6812095731531572,0.6948417854475241,0.7871215464241411,0.7122270357196742,0.7115258195992297,0.719741054920429,0.7451611149235572
2021_03_NO_NE,2021,3,2021-09-26,NE,NO,0.0,3.0,-144.0,130.0,0.5614177489177489,0.41823619966218223,0.3919518930533304,0.36241250311397843,0.3807246190380675,0.597634819461546,0.5757997218358832,0.5944631637529783,0.5153137489440347
2021_03_WAS_BUF,2021,3,2021-09-26,BUF,WAS,1.0,7.5,-330.0,281.0,0.5614177489177489,0.8131468742191356,0.8116140024312338,0.8157160087543094,0.8341679714916146,0.7411802630289973,0.7451549813311207,0.7851174634858942,0.8583919677338407
2021_03_MIA_LV,2021,3,2021-09-26,LV,MIA,1.0,4.0,-194.0,173.0,0.5614177489177489,0.5963613129689045,0.6797459144282871,0.7045699456667223,0.6250863103961233,0.6321629086975883,0.6430392656807752,0.670992759179768,0.6542400528212738
2021_03_NYJ_DEN,2021,3,2021-09-26,DEN,NYJ,1.0,10.5,-597.0,470.0,0.5614177489177489,0.7638528752457435,0.7616464915208934,0.7961175772655632,0.7136388778879498,0.8160442781656954,0.8299958535574039,0.8341387766604357,0.8603749882093974
2021_03_SEA_MIN,2021,3,2021-09-26,MIN,SEA,1.0,-2.0,109.0,-120.0,0.5614177489177489,0.4136006801094682,0.4362173171732843,0.4228889654088117,0.47131142774984996,0.417312422396989,0.4672897196261682,0.3974041844892893,0.48042557120633894
2021_03_TB_LA,2021,3,2021-09-26,LA,TB,1.0,-1.0,-104.0,-106.0,0.5614177489177489,0.4536835341444946,0.41300888314088424,0.43077944987474154,0.3878093917761929,0.4531555776095389,0.497677011707861,0.4406866359117061,0.451723361269577
2021_03_GB_SF,2021,3,2021-09-26,SF,GB,0.0,3.5,-179.0,160.0,0.5614177489177489,0.44650124117184153,0.40377971376690347,0.42424483418761144,0.3343974375569367,0.6150436745186744,0.6252015045674368,0.5392163472494566,0.4878749000580039
2021_03_PHI_DAL,2021,3,2021-09-27,DAL,PHI,1.0,3.5,-189.0,168.0,0.5614177489177489,0.5954629676692259,0.5462880915261027,0.5725746303689488,0.5013117738100216,0.6150436745186744,0.6367156074014482,0.5754072152817985,0.5797158169082013
2021_04_JAX_CIN,2021,4,2021-09-30,CIN,JAX,1.0,7.5,-373.0,313.0,0.5614177489177489,0.7800724342563261,0.745683274517265,0.7965725646800768,0.7804397675115421,0.7411802630289973,0.7650845050136826,0.7629937032042446,0.7858817806682854
2021_04_CAR_DAL,2021,4,2021-10-03,DAL,CAR,1.0,4.5,-210.0,186.0,0.5614177489177489,0.5301981382609525,0.5204906918402511,0.575049840532781,0.4958413848693459,0.6489553642863367,0.6595651218976498,0.6208582238970253,0.6384388109861024
2021_04_CLE_MIN,2021,4,2021-10-03,MIN,CLE,0.0,-1.0,-106.0,-105.0,0.5614177489177489,0.49519175142516386,0.46247507396432325,0.47578189120219805,0.4149485165048116,0.4531555776095389,0.5011531365313653,0.4276684029004115,0.5028621636694369
2021_04_DET_CHI,2021,4,2021-10-03,CHI,DET,1.0,3.0,-148.0,134.0,0.5614177489177489,0.7262452059988741,0.6342012361558388,0.5661530640124753,0.6579280304048769,0.597634819461546,0.582716381747207,0.5911109796358607,0.5421435710208099
2021_04_HOU_BUF,2021,4,2021-10-03,BUF,HOU,1.0,19.0,-1500.0,988.0,0.5614177489177489,0.854333131611545,0.83732778415373,0.8666595264201207,0.8151233575708711,0.9387631690172047,0.9107142857142858,0.9379059659990147,0.8077166050032815
2021_04_IND_MIA,2021,4,2021-10-03,MIA,IND,0.0,2.5,-144.0,130.0,0.5614177489177489,0.5541337181225285,0.4520850067707495,0.46548097076122846,0.41435281258953816,0.5799763313058499,0.5757997218358832,0.5543251570334831,0.5385581440341344
2021_04_KC_PHI,2021,4,2021-10-03,PHI,KC,0.0,-7.5,296.0,-349.0,0.5614177489177489,0.28360123846401114,0.29687332693835555,0.2766000264812042,0.23906244059604648,0.2430195761815785,0.24521583362460678,0.20958776997926953,0.14802652517591386
2021_04_NYG_NO,2021,4,2021-10-03,NO,NYG,0.0,7.5,-337.0,286.0,0.5614177489177489,0.8681395669205025,0.8531121579691823,0.8680234207384477,0.8363086583707997,0.7411802630289973,0.748535521515462,0.7878505139815283,0.8673773581840809
2021_04_TEN_NYJ,2021,4,2021-10-03,NYJ,TEN,1.0,-5.5,206.0,-234.0,0.5614177489177489,0.25190428064289927,0.21175531164718261,0.19557816613012813,0.25647848081311336,0.3006044738318898,0.31808312064302313,0.25698409642043335,0.2040684382785508
2021_04_WAS_ATL,2021,4,2021-10-03,ATL,WAS,0.0,-1.0,106.0,-117.0,0.5614177489177489,0.5867579709507187,0.561331440039559,0.6046521554474272,0.5888014613611469,0.4531555776095389,0.47377843762281124,0.4726495293543112,0.5091863711063034
2021_04_ARI_LA,2021,4,2021-10-03,LA,ARI,0.0,3.5,-200.0,178.0,0.5614177489177489,0.694131979937348,0.6186467375230204,0.6569185303623257,0.6625821830974029,0.6150436745186744,0.6495327102803738,0.6294468256825915,0.6561761832601163
2021_04_SEA_SF,2021,4,2021-10-03,SF,SEA,0.0,2.5,-133.0,120.0,0.5614177489177489,0.5286262142778578,0.5264501386218928,0.5434168771161642,0.5543212696546932,0.5799763313058499,0.556697108066971,0.5637242161785335,0.574388507667536
2021_04_BAL_DEN,2021,4,2021-10-03,DEN,BAL,0.0,1.0,-118.0,107.0,0.5614177489177489,0.41806048721107847,0.39197588142846485,0.41875672169888495,0.3351138401697273,0.5259380666108004,0.5284039285250725,0.5197899978905818,0.45245663882266707
2021_04_PIT_GB,2021,4,2021-10-03,GB,PIT,1.0,6.5,-276.0,239.0,0.5614177489177489,0.7482761220489218,0.7709693518434512,0.7424775350098999,0.8077091872549893,0.7122270357196742,0.71333597633497,0.7722516667100624,0.7873527122655537
2021_04_TB_NE,2021,4,2021-10-03,NE,TB,0.0,-6.0,223.0,-255.0,0.5614177489177489,0.33063944397021655,0.3479415303333982,0.3082815912949035,0.36534518678253797,0.2854951694224235,0.3011920417426717,0.3292344241662936,0.2861341540877457
2021_04_LV_LAC,2021,4,2021-10-04,LAC,LV,1.0,3.0,-161.0,144.0,0.5614177489177489,0.5550123198502706,0.5332686667333726,0.54445368960435,0.6002126491805586,0.597634819461546,0.6008197724213874,0.5961388335443053,0.592743445518327
2021_05_LA_SEA,2021,5,2021-10-07,SEA,LA,0.0,-2.5,122.0,-135.0,0.5614177489177489,0.5379739818631537,0.5343455706441638,0.5291661157719951,0.641364844412467,0.3996893668217846,0.43949878436506445,0.43028465120907683,0.5146865086311595
2021_05_NYJ_ATL,2021,5,2021-10-10,ATL,NYJ,1.0,3.0,-153.0,138.0,0.5614177489177489,0.6203463228463463,0.6125975763675158,0.6847837234814516,0.7219325646768968,0.597634819461546,0.590044398353696,0.5770481400796913,0.5785990924117751
2021_05_DEN_PIT,2021,5,2021-10-10,PIT,DEN,1.0,-2.0,113.0,-124.0,0.5614177489177489,0.5658522615178884,0.602148079008346,0.6306932865995767,0.6454877078497732,0.417312422396989,0.45890354830779323,0.4866336216844581,0.5575365967253842
2021_05_DET_MIN,2021,5,2021-10-10,MIN,DET,1.0,10.0,-418.0,346.0,0.5614177489177489,0.7608177920818178,0.7008541408210001,0.6957891726215591,0.7759849888111183,0.804840971239063,0.7825612438504289,0.7634266585502655,0.8405316323227683
2021_05_GB_CIN,2021,5,2021-10-10,CIN,GB,0.0,-2.0,111.0,-123.0,0.5614177489177489,0.31028947015687725,0.3039067435375313,0.3214458911594563,0.21299328011185392,0.417312422396989,0.46214743124779806,0.39286408064754447,0.36320368701870953
2021_05_MIA_TB,2021,5,2021-10-10,TB,MIA,1.0,11.0,-564.0,448.0,0.5614177489177489,0.8099189167890963,0.8249509387097471,0.8438368019633509,0.9198237119974023,0.8267428950093145,0.8231559210806665,0.8399257138457603,0.9264251199313239
2021_05_NE_HOU,2021,5,2021-10-10,HOU,NE,0.0,-8.0,288.0,-339.0,0.5614177489177489,0.4294229183259983,0.42976642674212573,0.3823352275641076,0.4590563967615377,0.22985343512065587,0.25023940900177843,0.2411237255889172,0.25118434462039174
2021_05_NO_WAS,2021,5,2021-10-10,WAS,NO,0.0,-2.5,117.0,-130.0,0.5614177489177489,0.35026480404530863,0.355847928323925,0.3464553439289773,0.286975181593385,0.3996893668217846,0.4491310290958797,0.39813818100124604,0.45930330248018975
2021_05_PHI_CAR,2021,5,2021-10-10,CAR,PHI,0.0,2.5,-139.0,126.0,0.5614177489177489,0.685135773747146,0.6781420277225194,0.6531874182127599,0.6308383742168113,0.5799763313058499,0.5679213219076544,0.6193834196129648,0.564314867579244
2021_05_TEN_JAX,2021,5,2021-10-10,JAX,TEN,0.0,-4.0,170.0,-191.0,0.5614177489177489,0.22652009010473906,0.24993599701223507,0.24285287015867046,0.21699965311922415,0.34851108957821114,0.36072889550018594,0.3431337986652047,0.40563948351540485
2021_05_CHI_LV,2021,5,2021-10-10,LV,CHI,0.0,5.5,-245.0,215.0,0.5614177489177489,0.6164121408101789,0.6165199151927232,0.6771068599315357,0.48158612190959776,0.6814270515029357,0.6910678307588987,0.6611368308482101,0.5340001432860618
2021_05_CLE_LAC,2021,5,2021-10-10,LAC,CLE,1.0,2.5,-129.0,117.0,0.5614177489177489,0.5295240495417818,0.5090233494914271,0.531776084144999,0.4613092397621339,0.5799763313058499,0.5500363507751557,0.5780588157630262,0.5798386375811277
2021_05_NYG_DAL,2021,5,2021-10-10,DAL,NYG,1.0,7.5,-335.0,285.0,0.5614177489177489,0.7033722948336096,0.6394530455917022,0.6733695527778907,0.6848779869333451,0.7411802630289973,0.7477895347151761,0.6885640018619895,0.7500856122824999
2021_05_SF_ARI,2021,5,2021-10-10,ARI,SF,1.0,6.0,-266.0,231.0,0.5614177489177489,0.6831457270578323,0.5734415364637692,0.6484953910149786,0.6568351472654484,0.6970482958927527,0.7063684354090785,0.6381490484716618,0.6822453513313628
2021_05_BUF_KC,2021,5,2021-10-10,KC,BUF,0.0,2.5,-134.0,121.0,0.5614177489177489,0.5314902992668992,0.45844302957813293,0.4908705214515223,0.5408066646262044,0.5799763313058499,0.5586071603727317,0.6156981305814588,0.6519439661733571
2021_05_IND_BAL,2021,5,2021-10-11,BAL,IND,1.0,7.5,-356.0,301.0,0.5614177489177489,0.6968766564101426,0.6850677974979829,0.7153175866939937,0.7632336365282789,0.7411802630289973,0.7579052432627578,0.7342941784660872,0.8155356228370857
2021_06_TB_PHI,2021,6,2021-10-14,PHI,TB,0.0,-7.0,238.0,-274.0,0.5614177489177489,0.231134982350282,0.22976186705082982,0.22312320410742342,0.191110602459946,0.2566885199286254,0.28766575393040644,0.2414907533726881,0.23349891784254692
2021_06_MIA_JAX,2021,6,2021-10-17,JAX,MIA,1.0,-2.5,110.0,-122.0,0.5614177489177489,0.24062257910691048,0.30214349312138317,0.31567724197476094,0.4411371525797354,0.3996893668217846,0.46424090338770385,0.3539912676305278,0.5798526048547041
2021_06_CIN_DET,2021,6,2021-10-17,DET,CIN,0.0,-3.5,171.0,-192.0,0.5614177489177489,0.40312697555081867,0.44475226148030866,0.43664997472197714,0.40834780545328514,0.3652505626550989,0.35946425054165854,0.378714645741713,0.38845439913778296
2021_06_GB_CHI,2021,6,2021-10-17,CHI,GB,0.0,-5.5,201.0,-228.0,0.5614177489177489,0.3751728795164122,0.3135265559741297,0.2712620213748332,0.28261820900795825,0.3006044738318898,0.3233821035611469,0.2809960545666086,0.25338719567952844
2021_06_HOU_IND,2021,6,2021-10-17,IND,HOU,1.0,10.5,-442.0,363.0,0.5614177489177489,0.749889298863432,0.7086267206898236,0.7178482212267456,0.6904338966035654,0.8160442781656954,0.7906090880291756,0.7930996051003198,0.8017588414766621
2021_06_KC_WAS,2021,6,2021-10-17,WAS,KC,0.0,-6.0,223.0,-255.0,0.5614177489177489,0.3219023608973709,0.3664321095719698,0.3414929264993639,0.40216962231303377,0.2854951694224235,0.3011920417426717,0.28425261221344933,0.33391863641069097
2021_06_LAC_BAL,2021,6,2021-10-17,BAL,LAC,1.0,3.0,-166.0,149.0,0.5614177489177489,0.6669916464026185,0.6389819764507956,0.6370105538694856,0.6075600704758897,0.597634819461546,0.6084434892689964,0.5911682463747869,0.5579146921580144
2021_06_LA_NYG,2021,6,2021-10-17,NYG,LA,0.0,-7.5,280.0,-328.0,0.5614177489177489,0.2567627808835638,0.3068750980976772,0.2819721912217604,0.22183954798210861,0.2430195761815785,0.2556139512661252,0.26243648426833105,0.21206578335706877
2021_06_MIN_CAR,2021,6,2021-10-17,CAR,MIN,0.0,-2.5,121.0,-134.0,0.5614177489177489,0.5439820208683498,0.5566785846053922,0.516503463584005,0.3979321190787937,0.3996893668217846,0.44139283962726833,0.4378051378542753,0.4308261474378844
2021_06_ARI_CLE,2021,6,2021-10-17,CLE,ARI,0.0,3.0,-143.0,129.0,0.5614177489177489,0.5152489249873713,0.5987530801081814,0.6030814810597808,0.6036030418750438,0.597634819461546,0.5740354444580784,0.6688054937221606,0.6264273036292124
2021_06_DAL_NE,2021,6,2021-10-17,NE,DAL,0.0,-3.5,169.0,-189.0,0.5614177489177489,0.5317002943450987,0.5310900816123181,0.5035561486486211,0.5895042392218461,0.3652505626550989,0.36242334558131956,0.4801160876981724,0.6640042243678165
2021_06_LV_DEN,2021,6,2021-10-17,DEN,LV,0.0,5.0,-205.0,182.0,0.5614177489177489,0.5367304786043346,0.4824947376609809,0.4915742930408474,0.5517448372587029,0.6653869889998806,0.6546257501981656,0.6221695485755506,0.6976979116031417
2021_06_SEA_PIT,2021,6,2021-10-17,PIT,SEA,1.0,5.5,-213.0,189.0,0.5614177489177489,0.49098008851802044,0.5069762666312235,0.6707721011297297,0.38488937010324936,0.6814270515029357,0.6629225583423975,0.6884411675308404,0.5121414784541017
2021_06_BUF_TEN,2021,6,2021-10-18,TEN,BUF,1.0,-6.0,210.0,-239.0,0.5614177489177489,0.34739925351354267,0.3489735324335821,0.34890889287968735,0.3652361169551532,0.2854951694224235,0.3139179553662376,0.3216322241085804,0.31563860017068285
2021_07_DEN_CLE,2021,7,2021-10-21,CLE,DEN,1.0,2.0,-121.0,110.0,0.5614177489177489,0.6960152329957072,0.7103540641842847,0.603942796155161,0.6671693903993422,0.5621106957783012,0.534834771627026,0.6247860772495579,0.594033164036841
2021_07_ATL_MIA,2021,7,2021-10-24,MIA,ATL,0.0,-1.5,117.0,-129.0,0.5614177489177489,0.5604359860028546,0.42955272996715776,0.3861368818023305,0.40796106377598573,0.435149260532807,0.4499636492248442,0.4157636717817623,0.4532542185199684
2021_07_CAR_NYG,2021,7,2021-10-24,NYG,CAR,1.0,-3.0,139.0,-154.0,0.5614177489177489,0.45402665678595394,0.42681152789386057,0.44407285713677747,0.40570693549496484,0.3823222216736576,0.40832074076455643,0.4003235071233826,0.43241181376207466
2021_07_CIN_BAL,2021,7,2021-10-24,BAL,CIN,0.0,6.5,-272.0,236.0,0.5614177489177489,0.7996501442086538,0.75026236426252,0.729267182357579,0.778176632790502,0.7122270357196742,0.7107129525942516,0.6819164261530013,0.6901094935156749
2021_07_KC_TEN,2021,7,2021-10-24,TEN,KC,1.0,-4.0,185.0,-209.0,0.5614177489177489,0.4725806064751222,0.5209848608147719,0.48236447694278867,0.43024096007479756,0.34851108957821114,0.3415685624274581,0.39041991629165207,0.3713675146990116
2021_07_NYJ_NE,2021,7,2021-10-24,NE,NYJ,1.0,7.0,-303.0,261.0,0.5614177489177489,0.7626771999478147,0.7110686459198831,0.7225396658157925,0.6844509229068342,0.7269431897437433,0.7307643486568282,0.7314434095397306,0.8034739496714696
2021_07_WAS_GB,2021,7,2021-10-24,GB,WAS,1.0,8.5,-397.0,331.0,0.5614177489177489,0.8466438681090128,0.8478414397712438,0.8590842585298952,0.8601773885086521,0.7681686619530448,0.7749165560874428,0.822152924703224,0.8602757074131845
2021_07_DET_LA,2021,7,2021-10-24,LA,DET,1.0,17.0,-1256.0,860.0,0.5614177489177489,0.8995610454273288,0.8524395443447059,0.8499378845951168,0.8575553796122097,0.919682434465944,0.8989085704061549,0.9079563830053514,0.8823940692835692
2021_07_PHI_LV,2021,7,2021-10-24,LV,PHI,1.0,1.0,-108.0,-102.0,0.5614177489177489,0.6873030182326144,0.6444235047062109,0.6657115230001208,0.6445515895723356,0.5259380666108004,0.5069715560513107,0.5430557097707814,0.5523756328623275
2021_07_CHI_TB,2021,7,2021-10-24,TB,CHI,1.0,12.5,-644.0,501.0,0.5614177489177489,0.8051797811398076,0.8276651649903539,0.8552227735647702,0.8746987122117682,0.8558878893285393,0.8387670009795338,0.8541762485026608,0.842587537274522
2021_07_HOU_ARI,2021,7,2021-10-24,ARI,HOU,1.0,20.5,-1766.0,1119.0,0.5614177489177489,0.8609313134076242,0.8454011753502051,0.8635042872685968,0.8699106675857421,0.9501994155029502,0.9202343894938516,0.9425499018248302,0.8905252139927764
2021_07_IND_SF,2021,7,2021-10-24,SF,IND,0.0,3.5,-169.0,152.0,0.5614177489177489,0.49961427132819464,0.5662319751523545,0.7041096408930062,0.49225301985654785,0.6150436745186744,0.6128827999078977,0.6520756043394664,0.5572770704044171
2021_07_NO_SEA,2021,7,2021-10-25,SEA,NO,0.0,-6.0,208.0,-237.0,0.5614177489177489,0.44310370768110185,0.36830590307885464,0.31536596359177765,0.4713619917826086,0.2854951694224235,0.31585064107370475,0.28007505532995175,0.3165891659639681
2021_08_GB_ARI,2021,8,2021-10-28,ARI,GB,0.0,6.5,-279.0,242.0,0.5614177489177489,0.52327788272273,0.5257440359330582,0.5019381639459105,0.4731659784687491,0.7122270357196742,0.7157173074903613,0.6496345814759596,0.6829163755703967
2021_08_CAR_ATL,2021,8,2021-10-31,ATL,CAR,0.0,2.5,-129.0,117.0,0.5614177489177489,0.6170163053263749,0.5975206070022728,0.6414301727457526,0.6029450152956817,0.5799763313058499,0.5500363507751557,0.5920115367763654,0.5678243754786717
2021_08_CIN_NYJ,2021,8,2021-10-31,NYJ,CIN,1.0,-11.5,411.0,-510.0,0.5614177489177489,0.2715764071328745,0.23320423843499968,0.2600795223331629,0.26810718552124907,0.15190413564171037,0.1896707191940549,0.1533687889336054,0.19687899837454426
2021_08_LA_HOU,2021,8,2021-10-31,HOU,LA,0.0,-17.0,724.0,-1010.0,0.5614177489177489,0.20378694756226884,0.2297738796966318,0.18762152450659353,0.31576973716333373,0.07432172499410376,0.11767948772316696,0.09381607714179374,0.1708063262952285
2021_08_MIA_BUF,2021,8,2021-10-31,BUF,MIA,1.0,15.0,-983.0,709.0,0.5614177489177489,0.8549756848064725,0.8881617133498108,0.8906855482193073,0.8867177782871594,0.895319310331329,0.880139051980694,0.9047494271154807,0.8946092167873541
2021_08_PHI_DET,2021,8,2021-10-31,DET,PHI,0.0,-3.0,151.0,-168.0,0.5614177489177489,0.4191782305987762,0.4542101898573792,0.4853019898528071,0.3919173751467694,0.3823222216736576,0.3885860109036074,0.41836335468960884,0.4585187027579069
2021_08_PIT_CLE,2021,8,2021-10-31,CLE,PIT,0.0,5.5,-222.0,196.0,0.5614177489177489,0.6079628963216003,0.5675332040587807,0.5676547881210623,0.6569251912379346,0.6814270515029357,0.6711332625214478,0.6520972706155523,0.7293826691753792
2021_08_SF_CHI,2021,8,2021-10-31,CHI,SF,0.0,-4.5,186.0,-210.0,0.5614177489177489,0.5932903970874817,0.49274003410705824,0.39744223741259843,0.43397291637212804,0.3321373599916443,0.34043487810235007,0.3798630760466819,0.34690707420703565
2021_08_TEN_IND,2021,8,2021-10-31,IND,TEN,0.0,3.0,-160.0,144.0,0.5614177489177489,0.5209361237396029,0.4728263033054772,0.4584125243397647,0.5355990056056453,0.597634819461546,0.6002460024600246,0.5434756253319074,0.5538264067558734
2021_08_JAX_SEA,2021,8,2021-10-31,SEA,JAX,1.0,4.0,-192.0,171.0,0.5614177489177489,0.8415242426146785,0.7535121909072777,0.7388042505715883,0.7075397559144784,0.6321629086975883,0.6405357494583416,0.6375533278956942,0.6084398215864666
2021_08_NE_LAC,2021,8,2021-10-31,LAC,NE,0.0,3.5,-183.0,163.0,0.5614177489177489,0.6394950474991637,0.5979920164189564,0.6292893666163781,0.5707928379076191,0.6150436745186744,0.6297217024951262,0.6310141961131583,0.6955946350840497
2021_08_TB_NO,2021,8,2021-10-31,NO,TB,1.0,-4.0,168.0,-188.0,0.5614177489177489,0.4681609097339717,0.4112763637059597,0.4227851167768559,0.426434385740292,0.34851108957821114,0.36370984037179227,0.36447686196381845,0.45769529495756595
2021_08_WAS_DEN,2021,8,2021-10-31,DEN,WAS,1.0,4.0,-191.0,170.0,0.5614177489177489,0.5918761638664868,0.6696795301824845,0.7038284252559459,0.6095330803147403,0.6321629086975883,0.6392711044998141,0.6918553971209712,0.694015799595627
2021_08_DAL_MIN,2021,8,2021-10-31,MIN,DAL,0.0,4.5,-219.0,193.0,0.5614177489177489,0.5199950511061787,0.49693254197072345,0.6798821366861315,0.662264764600977,0.6489553642863367,0.6679400834834022,0.6566793732354076,0.7752984245929515
2021_08_NYG_KC,2021,8,2021-11-01,KC,NYG,1.0,10.5,-530.0,425.0,0.5614177489177489,0.7955849332716013,0.7606932995541783,0.7859625352221817,0.5928106793720951,0.8160442781656954,0.8153846153846155,0.8308569902777094,0.5364861273198863
2021_09_NYJ_IND,2021,9,2021-11-04,IND,NYJ,1.0,10.5,-509.0,410.0,0.5614177489177489,0.8227858691065312,0.8472426923670195,0.8187533576054155,0.8829121040998583,0.8160442781656954,0.8099784704670973,0.845233390661389,0.9147097653666594
2021_09_ATL_NO,2021,9,2021-11-07,NO,ATL,0.0,7.0,-277.0,240.0,0.5614177489177489,0.8335731779928132,0.7520550700396885,0.6309500324544415,0.7824053772504298,0.7269431897437433,0.7141340612678193,0.7215901246519335,0.7567840577331504
2021_09_BUF_JAX,2021,9,2021-11-07,JAX,BUF,1.0,-14.5,776.0,-1101.0,0.5614177489177489,0.10674297926864937,0.11659527669011424,0.11400024247485364,0.21211180352776404,0.10364122939490535,0.11073451745198123,0.10724613510155351,0.1758962061446672
2021_09_CLE_CIN,2021,9,2021-11-07,CIN,CLE,0.0,2.5,-129.0,117.0,0.5614177489177489,0.5557324869098682,0.5030302997263337,0.5313812136017039,0.5484104096260543,0.5799763313058499,0.5500363507751557,0.540669056758926,0.5201162959883102
2021_09_DEN_DAL,2021,9,2021-11-07,DAL,DEN,0.0,10.5,-462.0,378.0,0.5614177489177489,0.7264878922384781,0.6920617166900316,0.7524960850247678,0.7002617166631855,0.8160442781656954,0.7971382780577254,0.7726551403956055,0.6636406625360899
2021_09_HOU_MIA,2021,9,2021-11-07,MIA,HOU,1.0,4.0,-185.0,166.0,0.5614177489177489,0.6625310978974809,0.6720385663776148,0.5640621005278769,0.6447996167981853,0.6321629086975883,0.6332518337408314,0.6462343111022855,0.648589281047569
2021_09_LV_NYG,2021,9,2021-11-07,NYG,LV,1.0,-3.0,137.0,-152.0,0.5614177489177489,0.39712393752747244,0.3550587062854782,0.34237902831077605,0.3432504283152762,0.3823222216736576,0.4116032928263426,0.3701924051201991,0.4001941309573242
2021_09_MIN_BAL,2021,9,2021-11-07,BAL,MIN,1.0,7.5,-305.0,262.0,0.5614177489177489,0.7110138051194985,0.771857208362976,0.7606214137561295,0.6609838288301507,0.7411802630289973,0.7316281227221523,0.7989609868763743,0.759731761518494
2021_09_NE_CAR,2021,9,2021-11-07,CAR,NE,0.0,-3.5,157.0,-176.0,0.5614177489177489,0.46658309210269705,0.42244639472360224,0.4284882664097248,0.3929538815492194,0.3652505626550989,0.37895430579964856,0.3447155452489604,0.4473820418551914
2021_09_LAC_PHI,2021,9,2021-11-07,PHI,LAC,0.0,-1.0,-104.0,-106.0,0.5614177489177489,0.43431128834370775,0.5303095497267103,0.5121464917308585,0.41581379418915,0.4531555776095389,0.497677011707861,0.4892667857866592,0.4309694907033224
2021_09_ARI_SF,2021,9,2021-11-07,SF,ARI,0.0,5.5,-235.0,207.0,0.5614177489177489,0.3816193311205604,0.3707336770968113,0.5420838772313367,0.31785314976746754,0.6814270515029357,0.6829002792370676,0.6631599275049294,0.5664647125745293
2021_09_GB_KC,2021,9,2021-11-07,KC,GB,1.0,7.0,-322.0,275.0,0.5614177489177489,0.44463033523700074,0.3976987632495112,0.6230196299495352,0.3304456358939977,0.7269431897437433,0.7410248542497699,0.6699500433747844,0.6541813792534473
2021_09_TEN_LA,2021,9,2021-11-07,LA,TEN,0.0,7.0,-350.0,296.0,0.5614177489177489,0.623728225706856,0.5771744860392946,0.613719460134041,0.5410266427573418,0.7269431897437433,0.7549019607843137,0.6916276924705361,0.7520025070633511
2021_09_CHI_PIT,2021,9,2021-11-08,PIT,CHI,1.0,7.0,-306.0,263.0,0.5614177489177489,0.6771636658801354,0.6946029001035116,0.7717596243783056,0.6630086531476449,0.7269431897437433,0.73232769419428,0.7328331807286724,0.7523502868546127
2021_10_BAL_MIA,2021,10,2021-11-11,MIA,BAL,1.0,-8.5,326.0,-390.0,0.5614177489177489,0.3147982559537319,0.2753124363999028,0.2663833090866817,0.38409986582797134,0.2171959352190095,0.2277586687738217,0.21936519532863072,0.336429566775235
2021_10_ATL_DAL,2021,10,2021-11-14,DAL,ATL,1.0,8.0,-392.0,328.0,0.5614177489177489,0.6667413981093392,0.6274067208357496,0.6135575140580463,0.6388422555745135,0.7549252781246513,0.7732468107071749,0.7028984454345216,0.7823202809530123
2021_10_BUF_NYJ,2021,10,2021-11-14,NYJ,BUF,0.0,-13.0,527.0,-685.0,0.5614177489177489,0.15854532675180907,0.13100289149003647,0.1416887089432928,0.179485926670119,0.12580451484567312,0.15452908001063,0.11319438244443661,0.13210167122287758
2021_10_CLE_NE,2021,10,2021-11-14,NE,CLE,1.0,2.5,-132.0,119.0,0.5614177489177489,0.553868376429721,0.551928918350104,0.5377055246734915,0.5734987354090522,0.5799763313058499,0.5547708605204575,0.5855606108521898,0.5873167683453929
2021_10_JAX_IND,2021,10,2021-11-14,IND,JAX,1.0,10.5,-434.0,358.0,0.5614177489177489,0.851825727381847,0.8406259263259855,0.8255216699497228,0.8715927278467481,0.8160442781656954,0.7882397728534491,0.8172514978332368,0.8942314311563871
2021_10_NO_TEN,2021,10,2021-11-14,TEN,NO,1.0,3.0,-147.0,133.0,0.5614177489177489,0.5771211864693159,0.5742032665228184,0.6099207937400117,0.5558113440646408,0.597634819461546,0.5810079557598683,0.6196968844803579,0.5790550382543506
2021_10_TB_WAS,2021,10,2021-11-14,WAS,TB,1.0,-10.0,359.0,-435.0,0.5614177489177489,0.2010159972093304,0.19712291908964474,0.17967402573237945,0.19433136113125674,0.18228934812712974,0.21132463018189718,0.18081374546421136,0.18115584130908466
2021_10_CAR_ARI,2021,10,2021-11-14,ARI,CAR,0.0,7.0,-329.0,280.0,0.5614177489177489,0.8323605632746162,0.8242690505382972,0.8280375023971388,0.9057415567395888,0.7269431897437433,0.7445212005717008,0.7486462490523587,0.8875328171283585
2021_10_MIN_LAC,2021,10,2021-11-14,LAC,MIN,0.0,3.0,-179.0,160.0,0.5614177489177489,0.6396859041152552,0.659953674553195,0.6537496902969949,0.6371822156162704,0.597634819461546,0.6252015045674368,0.6758479974734449,0.6230488135633588
2021_10_PHI_DEN,2021,10,2021-11-14,DEN,PHI,0.0,1.0,-111.0,101.0,0.5614177489177489,0.6532052028098523,0.5614168077081275,0.5910423949941764,0.547116694997085,0.5259380666108004,0.513948077676165,0.5093160352391312,0.5041584712547075
2021_10_SEA_GB,2021,10,2021-11-14,GB,SEA,1.0,3.0,-168.0,151.0,0.5614177489177489,0.7392876160775632,0.6407328910244992,0.6674485182005658,0.6542346740850739,0.597634819461546,0.6114139890963924,0.6064256207460176,0.5871528548954064
2021_10_KC_LV,2021,10,2021-11-14,LV,KC,0.0,-2.5,133.0,-147.0,0.5614177489177489,0.38999010520023064,0.42947689904476566,0.41280015332938075,0.42275263980841515,0.3996893668217846,0.41899204424013164,0.361741614242076,0.41880531159794654
2021_10_LA_SF,2021,10,2021-11-15,SF,LA,1.0,-3.5,158.0,-177.0,0.5614177489177489,0.3659325514127629,0.40248382063635607,0.4130667718811498,0.48654181665517504,0.3652505626550989,0.3775590873156503,0.3820916530709631,0.463229347218727
2021_11_NE_ATL,2021,11,2021-11-18,ATL,NE,0.0,-7.0,280.0,-329.0,0.5614177489177489,0.35977016782277466,0.2914573656605562,0.3533569259428064,0.32420582162221245,0.2566885199286254,0.25547879942829915,0.25857467831010394,0.28338405947295864
2021_11_BAL_CHI,2021,11,2021-11-21,CHI,BAL,0.0,-5.0,199.0,-226.0,0.5614177489177489,0.3839416472110186,0.40577528622685183,0.5391285420064947,0.31088793650989616,0.3161595829474719,0.32543374528320723,0.3891479633770895,0.34855857322544603
2021_11_DET_CLE,2021,11,2021-11-21,CLE,DET,1.0,13.0,-590.0,465.0,0.5614177489177489,0.8417093675621199,0.8241070019224257,0.848119663133125,0.8359181315405666,0.8646535870123571,0.8285075183298123,0.88744600058251,0.8567518465397508
2021_11_GB_MIN,2021,11,2021-11-21,MIN,GB,1.0,-1.0,101.0,-111.0,0.5614177489177489,0.3407920636310153,0.33378866026365417,0.33073033791130513,0.3652894763209701,0.4531555776095389,0.486051922323835,0.3784388228322027,0.4100155533486025
2021_11_HOU_TEN,2021,11,2021-11-21,TEN,HOU,0.0,10.5,-462.0,377.0,0.5614177489177489,0.8939222600021313,0.8614486470291911,0.8521989159967271,0.9338230823739353,0.8160442781656954,0.7967994099228416,0.8447773733722566,0.9391388541274284
2021_11_IND_BUF,2021,11,2021-11-21,BUF,IND,0.0,7.5,-320.0,274.0,0.5614177489177489,0.7082544399117146,0.7083897025216085,0.7323375295603693,0.7176780752266648,0.7411802630289973,0.7402276100940128,0.726958291509465,0.7687058385078411
2021_11_MIA_NYJ,2021,11,2021-11-21,NYJ,MIA,0.0,-3.5,162.0,-181.0,0.5614177489177489,0.3515433256370072,0.32546220267740333,0.33380524035553255,0.3348044904701658,0.3652505626550989,0.37207701067238685,0.345701337895977,0.4376665960305044
2021_11_NO_PHI,2021,11,2021-11-21,PHI,NO,1.0,2.5,-144.0,130.0,0.5614177489177489,0.33507750258598296,0.4390183609685623,0.4721415559299227,0.35953951067526363,0.5799763313058499,0.5757997218358832,0.5948951141876797,0.5445926815303669
2021_11_SF_JAX,2021,11,2021-11-21,JAX,SF,0.0,-6.5,243.0,-281.0,0.5614177489177489,0.2724721825488518,0.30065723365090896,0.26419431858267695,0.24610020479513214,0.27085120074384333,0.2833071838076188,0.28866949851022167,0.22416412238515043
2021_11_WAS_CAR,2021,11,2021-11-21,CAR,WAS,0.0,3.5,-172.0,154.0,0.5614177489177489,0.6258606061010477,0.6222511937210791,0.7187829928136954,0.5577704931592178,0.6150436745186744,0.6162961291050671,0.6291277838966535,0.611827786963406
2021_11_CIN_LV,2021,11,2021-11-21,LV,CIN,0.0,-1.0,112.0,-123.0,0.5614177489177489,0.5726512554064701,0.4962628659685286,0.4927058232943341,0.5450613158772437,0.4531555776095389,0.46097238299983456,0.4374022068898978,0.5167414781906686
2021_11_ARI_SEA,2021,11,2021-11-21,SEA,ARI,0.0,2.5,-150.0,135.0,0.5614177489177489,0.47339670154771574,0.44162302782890367,0.5348607918330806,0.46148483488541714,0.5799763313058499,0.5850622406639003,0.5968080006055594,0.592816371964142
2021_11_DAL_KC,2021,11,2021-11-21,KC,DAL,1.0,2.5,-134.0,122.0,0.5614177489177489,0.7044978634448792,0.6366707123359042,0.6413072231072747,0.7269225645223845,0.5799763313058499,0.5597200270941521,0.664159689808295,0.7467023477516657
2021_11_PIT_LAC,2021,11,2021-11-21,LAC,PIT,1.0,5.5,-251.0,220.0,0.5614177489177489,0.5419316030719621,0.575731723581943,0.48789921844659767,0.5815163345374861,0.6814270515029357,0.6958932594004505,0.6975878639266543,0.6842219309134673
2021_11_NYG_TB,2021,11,2021-11-22,TB,NYG,1.0,11.5,-527.0,423.0,0.5614177489177489,0.8146479802152423,0.7987605901926005,0.8196605438757217,0.8737374275321317,0.8369436218832383,0.8146730471948239,0.8396025466620765,0.9268616217007297
2021_12_CHI_DET,2021,12,2021-11-25,DET,CHI,0.0,-2.0,115.0,-129.0,0.5614177489177489,0.34326507595313155,0.35657189347903345,0.36440784209569593,0.31435561501673115,0.417312422396989,0.45225634442579243,0.3799153558843106,0.41106008504111746
2021_12_LV_DAL,2021,12,2021-11-25,DAL,LV,0.0,7.0,-314.0,269.0,0.5614177489177489,0.6947305859420668,0.6849809668095056,0.6897053633961093,0.6777858801724369,0.7269431897437433,0.7367517454503835,0.6897638558167573,0.7811381405432055
2021_12_BUF_NO,2021,12,2021-11-25,NO,BUF,0.0,-7.0,235.0,-270.0,0.5614177489177489,0.5346566162175316,0.49614246348646535,0.4673154558580337,0.5260877219159664,0.2566885199286254,0.290309925460965,0.31041228552723055,0.35202897044934933
2021_12_ATL_JAX,2021,12,2021-11-28,JAX,ATL,0.0,-1.5,105.0,-115.0,0.5614177489177489,0.3957027167638032,0.49271792896671157,0.4228414681924141,0.520365755673884,0.435149260532807,0.47698280643372154,0.48477577405544553,0.5305693193351383
2021_12_CAR_MIA,2021,12,2021-11-28,MIA,CAR,1.0,-1.0,108.0,-119.0,0.5614177489177489,0.6085363221795218,0.5444896274755749,0.5167045264276516,0.6303760288186139,0.4531555776095389,0.46943325045014145,0.46051490603506856,0.5110618236117437
2021_12_NYJ_HOU,2021,12,2021-11-28,HOU,NYJ,0.0,3.0,-138.0,125.0,0.5614177489177489,0.6800771483506765,0.6355613873302691,0.7514066990092343,0.6097349605454722,0.597634819461546,0.5660893345487694,0.6197185117041291,0.5417462372688093
2021_12_PHI_NYG,2021,12,2021-11-28,NYG,PHI,1.0,-4.0,171.0,-192.0,0.5614177489177489,0.4548526243541039,0.30558343597644505,0.314906347787501,0.3363867096053304,0.34851108957821114,0.35946425054165854,0.29308451437143285,0.3328152322606038
2021_12_PIT_CIN,2021,12,2021-11-28,CIN,PIT,1.0,3.5,-172.0,154.0,0.5614177489177489,0.5506179162246214,0.5305642689463743,0.5138740164298528,0.5870449596834888,0.6150436745186744,0.6162961291050671,0.5784958105080615,0.6234354685121163
2021_12_TB_IND,2021,12,2021-11-28,IND,TB,0.0,-3.0,135.0,-149.0,0.5614177489177489,0.5193401461518138,0.5533558752211462,0.4872278829073595,0.5207483549008068,0.3823222216736576,0.4155887507302011,0.46637008729955093,0.46550623554095544
2021_12_TEN_NE,2021,12,2021-11-28,NE,TEN,1.0,7.5,-305.0,262.0,0.5614177489177489,0.5567020180665981,0.6317347160571486,0.615132971931907,0.6128407573315597,0.7411802630289973,0.7316281227221523,0.7280962552996219,0.7866812978515582
2021_12_LAC_DEN,2021,12,2021-11-28,DEN,LAC,1.0,-2.5,127.0,-141.0,0.5614177489177489,0.45130732967392156,0.45117655033698234,0.4649372494383726,0.3049035718258438,0.3996893668217846,0.4295364214803857,0.38360481051253087,0.3457896983328613
2021_12_LA_GB,2021,12,2021-11-28,GB,LA,1.0,-2.0,108.0,-120.0,0.5614177489177489,0.6799852401234479,0.6435654712991402,0.6406690165457675,0.6607246930193647,0.417312422396989,0.4684838160136286,0.4775185959804214,0.45940771148081044
2021_12_MIN_SF,2021,12,2021-11-28,SF,MIN,1.0,3.5,-183.0,164.0,0.5614177489177489,0.5615336107493146,0.6434793227523041,0.6597479310173793,0.48560080511441306,0.6150436745186744,0.6306061713569676,0.6759985749188957,0.5073425165942764
2021_12_CLE_BAL,2021,12,2021-11-28,BAL,CLE,1.0,3.0,-156.0,140.0,0.5614177489177489,0.6523477680709294,0.5928958503596806,0.6849803645865349,0.586318256055758,0.597634819461546,0.5939086294416244,0.5437607748135054,0.5578151679781862
2021_12_SEA_WAS,2021,12,2021-11-29,WAS,SEA,1.0,-1.0,116.0,-128.0,0.5614177489177489,0.5192025831450833,0.5289280985503162,0.48028937175741226,0.5054973852894667,0.4531555776095389,0.4519505233111322,0.4510397731266625,0.5304462892597119
2021_13_DAL_NO,2021,13,2021-12-02,NO,DAL,0.0,-6.0,222.0,-254.0,0.5614177489177489,0.6355594835633076,0.6066151875607718,0.5648780230867213,0.517667792203726,0.2854951694224235,0.30207871113083246,0.4041264213917358,0.37090590586970507
2021_13_ARI_CHI,2021,13,2021-12-05,CHI,ARI,0.0,-7.5,314.0,-373.0,0.5614177489177489,0.3365483166566615,0.3376662009615577,0.3011345707531857,0.3826448241634213,0.2430195761815785,0.23448111757765636,0.27961083327887626,0.2958728974125537
2021_13_IND_HOU,2021,13,2021-12-05,HOU,IND,0.0,-10.0,339.0,-408.0,0.5614177489177489,0.24851149736108247,0.18165518219179086,0.22844370856838755,0.1776581541311202,0.18228934812712974,0.2209541041789902,0.1457036302814577,0.1618750837365226
2021_13_LAC_CIN,2021,13,2021-12-05,CIN,LAC,0.0,2.5,-141.0,127.0,0.5614177489177489,0.622034545034537,0.6307978795824604,0.6351097012357354,0.6250291309748287,0.5799763313058499,0.5704635785196144,0.598148366739889,0.6166656641028104
2021_13_MIN_DET,2021,13,2021-12-05,DET,MIN,1.0,-7.0,255.0,-296.0,0.5614177489177489,0.2375092078325962,0.2812613965242643,0.29503202260460504,0.1582976583111177,0.2566885199286254,0.27370749239701414,0.25737922396770957,0.1876517487803291
2021_13_NYG_MIA,2021,13,2021-12-05,MIA,NYG,1.0,6.5,-293.0,253.0,0.5614177489177489,0.6567620397674179,0.6745869968648597,0.690066267645312,0.6231779016164217,0.7122270357196742,0.7246530137533368,0.7230526697496902,0.7012253110721952
2021_13_PHI_NYJ,2021,13,2021-12-05,NYJ,PHI,0.0,-5.0,177.0,-199.0,0.5614177489177489,0.3600582672133396,0.29359136878199427,0.2515363080380992,0.2619753849586433,0.3161595829474719,0.35166954823988805,0.2904379784427422,0.30199343535821493
2021_13_TB_ATL,2021,13,2021-12-05,ATL,TB,0.0,-11.0,387.0,-475.0,0.5614177489177489,0.23776912426742994,0.19638625919760822,0.22613764599507236,0.26173018530269826,0.16154184549280715,0.19908248939669348,0.1571473700691842,0.16993402695111365
2021_13_JAX_LA,2021,13,2021-12-05,LA,JAX,1.0,14.0,-796.0,597.0,0.5614177489177489,0.8800474239422842,0.8194575700338256,0.8438142711835199,0.8632496697957337,0.8808368225719876,0.8609585172219015,0.8710153678455996,0.9281523425038846
2021_13_WAS_LV,2021,13,2021-12-05,LV,WAS,0.0,1.0,-128.0,116.0,0.5614177489177489,0.5483142616112882,0.5855515563502142,0.6154138663109231,0.5703544093983229,0.5259380666108004,0.5480494766888677,0.5529285103973524,0.5628471592728586
2021_13_BAL_PIT,2021,13,2021-12-05,PIT,BAL,1.0,-4.0,174.0,-195.0,0.5614177489177489,0.4094399742418879,0.40221561454497795,0.44418831903442224,0.3695990729819281,0.34851108957821114,0.3557216929940914,0.38904996883127824,0.37678432916852045
2021_13_SF_SEA,2021,13,2021-12-05,SEA,SF,1.0,-3.0,125.0,-138.0,0.5614177489177489,0.4763178902148879,0.37357748670584173,0.3896850075964566,0.28775119480916866,0.3823222216736576,0.43391066545123064,0.36574083749495034,0.32968854429342814
2021_13_DEN_KC,2021,13,2021-12-05,KC,DEN,1.0,8.5,-387.0,323.0,0.5614177489177489,0.7926293032161408,0.7269934677852946,0.7310777697769596,0.7991037871355764,0.7681686619530448,0.7707167103733034,0.7534572936980451,0.7924900358671371
2021_13_NE_BUF,2021,13,2021-12-06,BUF,NE,0.0,3.0,-146.0,132.0,0.5614177489177489,0.6107562613929277,0.5953783626703726,0.6086685082470027,0.6030811180538871,0.597634819461546,0.5792858120125872,0.5983950931438754,0.5977724063052051
2021_14_PIT_MIN,2021,14,2021-12-09,MIN,PIT,1.0,3.5,-175.0,157.0,0.5614177489177489,0.5741849192478758,0.5873298513738889,0.5681731995707909,0.5888570089199751,0.6150436745186744,0.6205588133839255,0.5820583898411064,0.677582861470548
2021_14_ATL_CAR,2021,14,2021-12-12,CAR,ATL,0.0,2.5,-136.0,123.0,0.5614177489177489,0.5969853055258607,0.6467859207984823,0.6288314609712573,0.6686242545893629,0.5799763313058499,0.562379468921525,0.6013426034104197,0.5594774337595491
2021_14_BAL_CLE,2021,14,2021-12-12,CLE,BAL,1.0,3.0,-150.0,135.0,0.5614177489177489,0.4559597783008689,0.4779141925573282,0.4843163908078026,0.5353487261506406,0.597634819461546,0.5850622406639003,0.6076254879315509,0.5787550252662971
2021_14_DAL_WAS,2021,14,2021-12-12,WAS,DAL,0.0,-6.5,246.0,-284.0,0.5614177489177489,0.484208970623244,0.4599560243086661,0.43231795497134107,0.4992794678685479,0.27085120074384333,0.2809810923139964,0.3382629088022596,0.30969544937360854
2021_14_JAX_TEN,2021,14,2021-12-12,TEN,JAX,1.0,8.5,-384.0,321.0,0.5614177489177489,0.8917442475907162,0.851025829227658,0.8523575042327549,0.9013357036554688,0.7681686619530448,0.7695940284865566,0.7765192177396665,0.9178754535072374
2021_14_LV_KC,2021,14,2021-12-12,KC,LV,1.0,10.0,-444.0,365.0,0.5614177489177489,0.8286847317127182,0.7232068169055837,0.7318092073510638,0.7428049442591625,0.804840971239063,0.7914590201640727,0.7859586145748666,0.7956050609642479
2021_14_NO_NYJ,2021,14,2021-12-12,NYJ,NO,0.0,-4.5,173.0,-194.0,0.5614177489177489,0.27248192427194023,0.3001157236604582,0.2745874713291562,0.25512079500602214,0.3321373599916443,0.3569607343192249,0.33097320914604655,0.35149715162592193
2021_14_SEA_HOU,2021,14,2021-12-12,HOU,SEA,0.0,-10.0,334.0,-401.0,0.5614177489177489,0.3287355987398926,0.2984856577019917,0.21285028641637468,0.4137542362598082,0.18228934812712974,0.22352699724272085,0.17851803345810305,0.21435070069118647
2021_14_DET_DEN,2021,14,2021-12-12,DEN,DET,1.0,13.0,-635.0,495.0,0.5614177489177489,0.7892516566810289,0.7438512704265432,0.7363629320346236,0.7187190484839481,0.8646535870123571,0.83714618069019,0.8657297072796064,0.8584555647929722
2021_14_NYG_LAC,2021,14,2021-12-12,LAC,NYG,1.0,9.5,-395.0,329.0,0.5614177489177489,0.7147313896814043,0.7518234016159547,0.7672990030163485,0.7936299807354658,0.7931283266301641,0.7739261492087415,0.8091822461541122,0.7360844807942983
2021_14_BUF_TB,2021,14,2021-12-12,TB,BUF,1.0,3.5,-181.0,161.0,0.5614177489177489,0.633764348291074,0.5782411325658112,0.5914826170211067,0.5755128146293208,0.6150436745186744,0.6270291076571854,0.6021842847659455,0.6640123898741241
2021_14_SF_CIN,2021,14,2021-12-12,CIN,SF,0.0,-2.5,117.0,-130.0,0.5614177489177489,0.5232483106821085,0.5018424628020793,0.4936004947947362,0.5436509012701761,0.3996893668217846,0.4491310290958797,0.4065523322888228,0.47995587417814445
2021_14_CHI_GB,2021,14,2021-12-12,GB,CHI,1.0,11.5,-639.0,498.0,0.5614177489177489,0.8457936452563528,0.8146796452576509,0.8831878596333592,0.8508213692889681,0.8369436218832383,0.8379464148659493,0.8367066172391192,0.8737830026063186
2021_14_LA_ARI,2021,14,2021-12-13,ARI,LA,0.0,3.0,-172.0,154.0,0.5614177489177489,0.6405283407030569,0.5579492866414398,0.5397474947684633,0.6207601712381572,0.597634819461546,0.6162961291050671,0.5810866339379538,0.6419121046799112
2021_15_KC_LAC,2021,15,2021-12-16,LAC,KC,0.0,-3.0,155.0,-173.0,0.5614177489177489,0.3813305505698456,0.40595102274246264,0.39340841896818457,0.43259098141361924,0.3823222216736576,0.38227263180004206,0.3698385321352821,0.456939414215929
2021_15_NE_IND,2021,15,2021-12-18,IND,NE,1.0,-1.0,-109.0,-102.0,0.5614177489177489,0.5159506907208141,0.5587395579144613,0.5298199952400977,0.5227396603385921,0.4531555776095389,0.5080764260660882,0.49284128812516154,0.4840490465016343
2021_15_ARI_DET,2021,15,2021-12-19,DET,ARI,1.0,-13.0,495.0,-634.0,0.5614177489177489,0.17010596079082568,0.22949524164075183,0.2504250527603124,0.30427882386203686,0.12580451484567312,0.16288307480638217,0.14974075010462312,0.17313261030068675
2021_15_CAR_BUF,2021,15,2021-12-19,BUF,CAR,1.0,14.0,-739.0,562.0,0.5614177489177489,0.8232309146375786,0.8212538208178626,0.8025391575686173,0.8682865130865639,0.8808368225719876,0.853607808514128,0.8901158505862573,0.9054573241351586
2021_15_DAL_NYG,2021,15,2021-12-19,NYG,DAL,0.0,-11.5,428.0,-534.0,0.5614177489177489,0.35137297950791596,0.34829169187524794,0.3146693568190667,0.3915324182438787,0.15190413564171037,0.18358081030369017,0.20380113096890357,0.1951172920806986
2021_15_HOU_JAX,2021,15,2021-12-19,JAX,HOU,0.0,6.0,-257.0,224.0,0.5614177489177489,0.47770124395438374,0.5404485524528523,0.5653716068646891,0.6723421692163374,0.6970482958927527,0.6999193060318741,0.7026921927600325,0.6740540242456363
2021_15_NYJ_MIA,2021,15,2021-12-19,MIA,NYJ,1.0,10.5,-445.0,366.0,0.5614177489177489,0.82977996223401,0.8044287620400228,0.8353265745904025,0.8353936027989087,0.8160442781656954,0.7918814679039217,0.8128709643252079,0.8053586133333377
2021_15_TEN_PIT,2021,15,2021-12-19,PIT,TEN,1.0,1.0,-121.0,109.0,0.5614177489177489,0.41721393135658097,0.45024319236187205,0.48812615930723147,0.33456399340039966,0.5259380666108004,0.533647048893203,0.5473749192702908,0.45343071057333195
2021_15_ATL_SF,2021,15,2021-12-19,SF,ATL,1.0,9.5,-380.0,319.0,0.5614177489177489,0.7104410443550397,0.7651451924174147,0.7480993528517634,0.782454227031969,0.7931283266301641,0.7683621272077985,0.8184430386964927,0.8501066346082783
2021_15_CIN_DEN,2021,15,2021-12-19,DEN,CIN,0.0,3.0,-155.0,140.0,0.5614177489177489,0.5653675464530241,0.5800589924441331,0.5805978768593163,0.6370038896266166,0.597634819461546,0.5933014354066986,0.6342053897489749,0.6417269296168351
2021_15_GB_BAL,2021,15,2021-12-19,BAL,GB,0.0,-9.5,299.0,-354.0,0.5614177489177489,0.42080141770077617,0.41350128909537975,0.254532625040296,0.41086255021517526,0.19341522296101116,0.24324121599177054,0.19353089476807747,0.2310194857640557
2021_15_NO_TB,2021,15,2021-12-19,TB,NO,0.0,11.5,-518.0,417.0,0.5614177489177489,0.7588227303836436,0.6920270530705482,0.7223475297710692,0.795145725318786,0.8369436218832383,0.8125034131660225,0.808415065816761,0.8470235536856
2021_15_LV_CLE,2021,15,2021-12-20,CLE,LV,0.0,-3.0,131.0,-147.0,0.5614177489177489,0.687495213937848,0.666022665394158,0.6195613762223735,0.7246926201122339,0.3823222216736576,0.4210921117684164,0.4190730330936976,0.49234845044615183
2021_15_MIN_CHI,2021,15,2021-12-20,CHI,MIN,0.0,-7.0,274.0,-320.0,0.5614177489177489,0.42739753856334745,0.4046082048046255,0.3407918622979499,0.3772389685526607,0.2566885199286254,0.25977238990598717,0.2959712276139687,0.2861654017478438
2021_15_SEA_LA,2021,15,2021-12-21,LA,SEA,1.0,7.5,-352.0,298.0,0.5614177489177489,0.666877207818547,0.5956834100706001,0.5986424666172587,0.587849065546075,0.7411802630289973,0.7560659701234782,0.6898390657148888,0.6863886037715439
2021_15_WAS_PHI,2021,15,2021-12-21,PHI,WAS,1.0,10.0,-465.0,380.0,0.5614177489177489,0.6122727705827438,0.7038423963783497,0.7127401032889351,0.6220312645170413,0.804840971239063,0.7979978548444763,0.8223491491314655,0.8444329993980849
2021_16_SF_TEN,2021,16,2021-12-23,TEN,SF,1.0,-3.5,154.0,-171.0,0.5614177489177489,0.5696715491279147,0.5048671564491586,0.49089028748082064,0.42934248244389095,0.3652505626550989,0.38421186945302976,0.37926604674312825,0.4235671797918899
2021_16_CLE_GB,2021,16,2021-12-25,GB,CLE,1.0,7.5,-430.0,343.0,0.5614177489177489,0.7876716522654477,0.7937741810740759,0.7826122438098471,0.8341682615968903,0.7411802630289973,0.7823319232822703,0.7797835869578589,0.8263754143609733
2021_16_IND_ARI,2021,16,2021-12-25,ARI,IND,0.0,3.0,-161.0,143.0,0.5614177489177489,0.4387106617355606,0.3997222928707684,0.450589490426309,0.37873105444949967,0.597634819461546,0.5998344142403753,0.5442216145469431,0.5415030295188312
2021_16_BAL_CIN,2021,16,2021-12-26,CIN,BAL,1.0,7.5,-369.0,306.0,0.5614177489177489,0.46910058092278434,0.44576651398886885,0.5173097976874883,0.560706436537188,0.7411802630289973,0.7615828054942709,0.6970230436613047,0.7576328366012229
2021_16_BUF_NE,2021,16,2021-12-26,NE,BUF,0.0,1.0,-114.0,102.0,0.5614177489177489,0.5572591402175121,0.4876184994616216,0.47927421446239593,0.5228164696379289,0.5259380666108004,0.5183217790582515,0.49573286939028216,0.4944104035040877
2021_16_DET_ATL,2021,16,2021-12-26,ATL,DET,1.0,7.5,-373.0,309.0,0.5614177489177489,0.6897160797889174,0.6222143547442557,0.7399136501501987,0.6377241333547318,0.7411802630289973,0.7633307815087788,0.7471401535246055,0.7613884329712935
2021_16_JAX_NYJ,2021,16,2021-12-26,NYJ,JAX,1.0,2.5,-125.0,114.0,0.5614177489177489,0.6507446323434487,0.6017162679670895,0.552966988823865,0.5879139876548867,0.5799763313058499,0.5431472081218274,0.5718213047313954,0.604881615824479
2021_16_LAC_HOU,2021,16,2021-12-26,HOU,LAC,1.0,-13.5,500.0,-661.0,0.5614177489177489,0.3016288222541995,0.279534985861555,0.2632897580431189,0.15300893805264876,0.11799886195503348,0.1609900571186799,0.13925240651327042,0.11924573161996818
2021_16_LA_MIN,2021,16,2021-12-26,MIN,LA,0.0,-3.5,158.0,-177.0,0.5614177489177489,0.45588411269302387,0.44679951280889,0.4438026797810231,0.4045525390461421,0.3652505626550989,0.3775590873156503,0.3818981692299475,0.3873553055693198
2021_16_NYG_PHI,2021,16,2021-12-26,PHI,NYG,1.0,11.0,-529.0,416.0,0.5614177489177489,0.7283567738877398,0.7816353865350031,0.748782526130563,0.8998402442610655,0.8267428950093145,0.812721815973132,0.8309492429850791,0.875848243397457
2021_16_TB_CAR,2021,16,2021-12-26,CAR,TB,0.0,-11.5,399.0,-503.0,0.5614177489177489,0.22332049369230594,0.25232472406803086,0.2067093625969744,0.30352523931404424,0.15190413564171037,0.19370568942199892,0.16885214008631186,0.20639941679598695
2021_16_CHI_SEA,2021,16,2021-12-26,SEA,CHI,0.0,7.0,-313.0,268.0,0.5614177489177489,0.714537877400965,0.6931092296443968,0.6722687063144926,0.717751321016549,0.7269431897437433,0.7360752537000588,0.7413338062408514,0.7674241307507372
2021_16_DEN_LV,2021,16,2021-12-26,LV,DEN,1.0,-1.0,-102.0,-109.0,0.5614177489177489,0.5567318122010433,0.4583875621472422,0.5583225081194549,0.4452881075317677,0.4531555776095389,0.4919235739339118,0.44277540893331724,0.4904818628600815
2021_16_PIT_KC,2021,16,2021-12-26,KC,PIT,1.0,10.5,-400.0,328.0,0.5614177489177489,0.8036740806138803,0.7989984954355152,0.7850212636975712,0.8344166573667805,0.8160442781656954,0.7739602169981917,0.8148210290812908,0.8275277012502663
2021_16_WAS_DAL,2021,16,2021-12-26,DAL,WAS,1.0,10.5,-457.0,367.0,0.5614177489177489,0.7420770386666634,0.6477749013842233,0.6593730420069889,0.656495052957122,0.8160442781656954,0.7930283629175197,0.732628901856664,0.7859972019615402
2021_16_MIA_NO,2021,16,2021-12-27,NO,MIA,0.0,-3.0,143.0,-160.0,0.5614177489177489,0.6437931349058298,0.6093633019182182,0.5925171146001276,0.5614948892990184,0.3823222216736576,0.40073982737361286,0.42392934255216125,0.430768235682784
2021_17_ATL_BUF,2021,17,2022-01-02,BUF,ATL,1.0,14.0,-871.0,625.0,0.5614177489177489,0.8321486683036718,0.8516136464186823,0.8251485441919649,0.8530688470027872,0.8808368225719876,0.8667261434992967,0.8898790107917518,0.9068056251438178
2021_17_JAX_NE,2021,17,2022-01-02,NE,JAX,1.0,17.5,-1056.0,727.0,0.5614177489177489,0.9201726847475501,0.8880108718367985,0.883129642312205,0.8896991451366282,0.9249082376092508,0.8831038555503422,0.9288522491616615,0.9212736319938019
2021_17_KC_CIN,2021,17,2022-01-02,CIN,KC,1.0,-3.5,157.0,-178.0,0.5614177489177489,0.326984986623443,0.3990036576875038,0.39352968121944987,0.40484894866246457,0.3652505626550989,0.3779947243901776,0.38214158229268663,0.47437997002452464
2021_17_LA_BAL,2021,17,2022-01-02,BAL,LA,0.0,-7.0,264.0,-313.0,0.5614177489177489,0.4346167798810928,0.4727362225150476,0.3582373579112751,0.458742087593199,0.2566885199286254,0.26605339105339104,0.3085941323834736,0.35872739178536045
2021_17_LV_IND,2021,17,2022-01-02,IND,LV,0.0,8.5,-397.0,325.0,0.5614177489177489,0.7908035465226021,0.805970103467572,0.765602311938862,0.7466547271036729,0.7681686619530448,0.7724619434588531,0.804826001908845,0.8076189114486627
2021_17_MIA_TEN,2021,17,2022-01-02,TEN,MIA,1.0,3.0,-170.0,151.0,0.5614177489177489,0.575367858853676,0.6206980868391888,0.6202006986235672,0.5907837398126558,0.597634819461546,0.6124587340318646,0.6567233311858924,0.6072325911956751
2021_17_NYG_CHI,2021,17,2022-01-02,CHI,NYG,1.0,7.0,-287.0,245.0,0.5614177489177489,0.6195814422448378,0.6896991354674021,0.7085109119446573,0.777598902578988,0.7269431897437433,0.718984860037033,0.7604182970328396,0.8361437608710156
2021_17_PHI_WAS,2021,17,2022-01-02,WAS,PHI,0.0,-6.5,206.0,-238.0,0.5614177489177489,0.4237597948507154,0.25794124763124154,0.27197405299858013,0.3084438198059685,0.27085120074384333,0.3169899088419552,0.2394632590461273,0.21587808463813593
2021_17_TB_NYJ,2021,17,2022-01-02,NYJ,TB,0.0,-14.5,623.0,-868.0,0.5614177489177489,0.13522985045477579,0.18673752651863632,0.1456351857984733,0.2656699167663748,0.10364122939490535,0.1336344710670326,0.12988735472149307,0.23506980612094727
2021_17_DEN_LAC,2021,17,2022-01-02,LAC,DEN,1.0,8.0,-340.0,285.0,0.5614177489177489,0.6415092957226761,0.5919601841618528,0.6218101617133749,0.5069342693030241,0.7549252781246513,0.7484276729559749,0.7224307764714237,0.6229826099171664
2021_17_HOU_SF,2021,17,2022-01-02,SF,HOU,1.0,14.0,-602.0,463.0,0.5614177489177489,0.7745030843183532,0.8221823125896017,0.7393085820695052,0.8946185217493746,0.8808368225719876,0.8284147182041719,0.8873403753567068,0.8791928969458546
2021_17_ARI_DAL,2021,17,2022-01-02,DAL,ARI,0.0,6.5,-262.0,225.0,0.5614177489177489,0.6721396555463766,0.6542913972939312,0.6683312059792568,0.579141764226869,0.7122270357196742,0.7016893283889576,0.6761207995213763,0.6568380155123871
2021_17_CAR_NO,2021,17,2022-01-02,NO,CAR,1.0,7.0,-279.0,238.0,0.5614177489177489,0.7727460172886448,0.6803948295930293,0.7423164200661412,0.7514030394724194,0.7269431897437433,0.7133174989788355,0.7053913341126615,0.7798818671864537
2021_17_DET_SEA,2021,17,2022-01-02,SEA,DET,1.0,8.5,-399.0,327.0,0.5614177489177489,0.7897741303955937,0.7509765326360459,0.7888158848598358,0.746229424599478,0.7681686619530448,0.7734629300912957,0.7861548957213507,0.7713021989788192
2021_17_MIN_GB,2021,17,2022-01-02,GB,MIN,1.0,13.0,-702.0,525.0,0.5614177489177489,0.7822850153599005,0.7501905016155617,0.8790880276245703,0.7996086149081684,0.8646535870123571,0.8454571731380673,0.884764889470042,0.8686461640418448
2021_17_CLE_PIT,2021,17,2022-01-03,PIT,CLE,1.0,-1.0,105.0,-117.0,0.5614177489177489,0.5480575395965197,0.45221539345870404,0.49046496548555646,0.45799222271532625,0.4531555776095389,0.47499179161650434,0.4435732899556548,0.4388930472491743
2021_18_KC_DEN,2021,18,2022-01-08,DEN,KC,0.0,-11.5,435.0,-600.0,0.5614177489177489,0.22269028442388128,0.25580698296915827,0.23766395890512906,0.27802989847194526,0.15190413564171037,0.1790281329923274,0.157433299879405,0.14916326168396968
2021_18_DAL_PHI,2021,18,2022-01-08,PHI,DAL,0.0,-6.5,235.0,-300.0,0.5614177489177489,0.5159216482178164,0.5594012353432333,0.5249531260305358,0.6399757817964998,0.27085120074384333,0.2846975088967971,0.34892555831114386,0.3876828785365869
2021_18_CHI_MIN,2021,18,2022-01-09,MIN,CHI,1.0,3.5,-190.0,160.0,0.5614177489177489,0.6620584458204958,0.5211449483972894,0.654415599955823,0.6005933843344763,0.6150436745186744,0.6301020408163266,0.5588539790084072,0.6514719150691842
2021_18_CIN_CLE,2021,18,2022-01-09,CLE,CIN,1.0,6.5,-265.0,215.0,0.5614177489177489,0.46143077457630927,0.37925078598344736,0.5107058327822424,0.3373947819631975,0.7122270357196742,0.6957699520733487,0.6738144027486163,0.7221199649728999
2021_18_GB_DET,2021,18,2022-01-09,DET,GB,1.0,-4.0,165.0,-195.0,0.5614177489177489,0.11805319896291187,0.14362578967127593,0.16282616110085593,0.24460977008930293,0.34851108957821114,0.36341238065906994,0.30228619282320496,0.39749714181841306
2021_18_IND_JAX,2021,18,2022-01-09,JAX,IND,1.0,-14.0,650.0,-1000.0,0.5614177489177489,0.10937826527071173,0.11798842073867269,0.13345750318999589,0.14511851388556996,0.1106162357851584,0.12790697674418605,0.0972466961151758,0.12763384579450715
2021_18_PIT_BAL,2021,18,2022-01-09,BAL,PIT,0.0,3.0,-155.0,135.0,0.5614177489177489,0.5996740279375442,0.6034465924005762,0.4986681181040126,0.6777881158676258,0.597634819461546,0.5882115462252725,0.5757050427453667,0.595997244909075
2021_18_TEN_HOU,2021,18,2022-01-09,HOU,TEN,0.0,-10.5,410.0,-575.0,0.5614177489177489,0.258770548939262,0.23539220193075927,0.22010107555199437,0.22657722221661256,0.17166725799618884,0.18711018711018712,0.16266670248308884,0.12860739526283846
2021_18_WAS_NYG,2021,18,2022-01-09,NYG,WAS,0.0,-6.0,206.0,-238.0,0.5614177489177489,0.47523616110854433,0.40276640053891016,0.43068406481525556,0.32674837963042264,0.2854951694224235,0.3169899088419552,0.2668448481152717,0.1909938003700534
2021_18_CAR_TB,2021,18,2022-01-09,TB,CAR,1.0,11.0,-510.0,375.0,0.5614177489177489,0.883665390924127,0.8376512307271814,0.8513384493697309,0.8604540370718613,0.8267428950093145,0.798845836768343,0.8030219893669331,0.916164935748672
2021_18_NE_MIA,2021,18,2022-01-09,MIA,NE,1.0,-6.0,200.0,-250.0,0.5614177489177489,0.48337269406053,0.3023118941724628,0.3256463859534766,0.30514445882785113,0.2854951694224235,0.3181818181818181,0.23180964179153837,0.24711375836574825
2021_18_NO_ATL,2021,18,2022-01-09,ATL,NO,0.0,-4.5,186.0,-213.0,0.5614177489177489,0.3815368395718294,0.38606592277498936,0.4271535259369617,0.4210737507836536,0.3321373599916443,0.33941312975774796,0.3464351052838589,0.32757954709008685
2021_18_NYJ_BUF,2021,18,2022-01-09,BUF,NYJ,1.0,16.0,-1250.0,750.0,0.5614177489177489,0.9176724637103739,0.8886623898137971,0.9056831126812818,0.8291594384098112,0.9082250588820088,0.8872651356993738,0.9103396887639349,0.890489061364081
2021_18_SEA_ARI,2021,18,2022-01-09,ARI,SEA,0.0,5.5,-235.0,190.0,0.5614177489177489,0.6105893191391454,0.5068303793377519,0.4955967951451071,0.6224932011936073,0.6814270515029357,0.6704377766847024,0.616325271701806,0.6575141204118955
2021_18_SF_LA,2021,18,2022-01-09,LA,SF,0.0,3.0,-170.0,150.0,0.5614177489177489,0.6765311648383615,0.5340483338034708,0.46952676564980184,0.5617519445656619,0.597634819461546,0.6115107913669064,0.5572076428616205,0.5185176390306965
2021_18_LAC_LV,2021,18,2022-01-09,LV,LAC,1.0,-3.5,155.0,-180.0,0.5614177489177489,0.5256560346918927,0.4219922249253553,0.4296004189429804,0.4724161553943423,0.3652505626550989,0.37889039242219213,0.3572489819886244,0.4755886482012799
2022_01_BUF_LA,2022,1,2022-09-08,LA,BUF,0.0,-1.0,106.0,-117.0,0.5583564406352407,0.5702261561301086,0.4005684747277898,0.45667441238887696,0.3591919930355985,0.452599977391832,0.47377843762281124,0.3959916905074367,0.4164779334377729
2022_01_BAL_NYJ,2022,1,2022-09-11,NYJ,BAL,0.0,-6.5,231.0,-265.0,0.5583564406352407,0.33336117319266745,0.3448869661483071,0.3377303831848247,0.33131014581087403,0.2727767061990857,0.29384534879040375,0.30123156133563955,0.2467566867758533
2022_01_CLE_CAR,2022,1,2022-09-11,CAR,CLE,0.0,2.5,-125.0,114.0,0.5583564406352407,0.42224686403327805,0.3937162069973239,0.575695158234268,0.3629149629245968,0.5775725430999993,0.5431472081218274,0.5777446559443522,0.4423530620928583
2022_01_JAX_WAS,2022,1,2022-09-11,WAS,JAX,1.0,3.0,-159.0,143.0,0.5583564406352407,0.7342993004799117,0.688364078509891,0.7339589103061225,0.6856582520147397,0.5949993572307286,0.5986798270759409,0.5881587984255866,0.5573637958758192
2022_01_NE_MIA,2022,1,2022-09-11,MIA,NE,1.0,3.0,-155.0,140.0,0.5583564406352407,0.5768318424441102,0.3916310087818686,0.4112611818674767,0.3407712063814792,0.5949993572307286,0.5933014354066986,0.49780488547427676,0.3895501508452274
2022_01_NO_ATL,2022,1,2022-09-11,ATL,NO,0.0,-6.0,201.0,-228.0,0.5583564406352407,0.39045846948935337,0.37670676966091776,0.27182831353264153,0.39067453324728535,0.28726087664385913,0.3233821035611469,0.30701432232211484,0.2699537146399367
2022_01_PHI_DET,2022,1,2022-09-11,DET,PHI,0.0,-6.0,211.0,-240.0,0.5583564406352407,0.4109288108515757,0.37110327539213617,0.4110446542157721,0.32773066022960307,0.28726087664385913,0.312960235640648,0.2883314619582092,0.21474791980409996
2022_01_PIT_CIN,2022,1,2022-09-11,CIN,PIT,0.0,7.5,-308.0,264.0,0.5583564406352407,0.637184349940612,0.6444529673672051,0.663867545803965,0.5906586061854037,0.7371813836293408,0.7331798681594643,0.6980234238299758,0.6574394658893608
2022_01_SF_CHI,2022,1,2022-09-11,CHI,SF,1.0,-6.5,217.0,-248.0,0.5583564406352407,0.36262195730439717,0.3922647555423909,0.3775174279785516,0.3814627130624575,0.2727767061990857,0.30683501446004086,0.2851952274318868,0.2502728901747397
2022_01_GB_MIN,2022,1,2022-09-11,MIN,GB,1.0,2.5,-125.0,113.0,0.5583564406352407,0.43906804220956186,0.30854478770804744,0.31570019381164743,0.4033183094934135,0.5775725430999993,0.5419847328244275,0.4817366506279562,0.48556866626471995
2022_01_KC_ARI,2022,1,2022-09-11,ARI,KC,0.0,-6.0,221.0,-252.0,0.5583564406352407,0.3548111434897185,0.3176051687999289,0.3127674527482796,0.37120284279979215,0.28726087664385913,0.30320780070978187,0.2829631063752208,0.2798853176262342
2022_01_LV_LAC,2022,1,2022-09-11,LAC,LV,1.0,3.5,-180.0,161.0,0.5583564406352407,0.589162350734951,0.6044468053680873,0.608562939278292,0.666591020526876,0.6121899670955082,0.6265670845558816,0.5762865915088077,0.6226946742626444
2022_01_NYG_TEN,2022,1,2022-09-11,TEN,NYG,0.0,5.5,-239.0,209.0,0.5583564406352407,0.8047644321913467,0.8336677934652554,0.7798258758038018,0.8536232843716873,0.6778586666288668,0.685385750480274,0.7023859800186933,0.7216855313640158
2022_01_TB_DAL,2022,1,2022-09-11,DAL,TB,0.0,-2.5,120.0,-133.0,0.5583564406352407,0.47852439719062645,0.5234973035092438,0.5121584339533729,0.5343484566205831,0.3999346962891887,0.4433028919330289,0.4197850065717578,0.5475744884804532
2022_01_DEN_SEA,2022,1,2022-09-12,SEA,DEN,1.0,-6.0,221.0,-253.0,0.5583564406352407,0.6919868936861914,0.6896443026129649,0.48678387282555496,0.6509103122388289,0.28726087664385913,0.3029704839803284,0.31923079268653476,0.25315191149941735
2022_02_LAC_KC,2022,2,2022-09-15,KC,LAC,1.0,4.0,-188.0,167.0,0.5583564406352407,0.7605344095779023,0.7242765775697724,0.7160579139837424,0.7588386053716168,0.6291057482435203,0.6354245784596689,0.6467424730044863,0.6648308580363318
2022_02_CAR_NYG,2022,2,2022-09-18,NYG,CAR,1.0,-1.0,103.0,-114.0,0.5583564406352407,0.5575634832382971,0.4893494564127465,0.46042053268987443,0.38693554669423014,0.452599977391832,0.48044542229805576,0.4446231949645211,0.4308231644473645
2022_02_IND_JAX,2022,2,2022-09-18,JAX,IND,1.0,-3.0,142.0,-157.0,0.5583564406352407,0.2628480557609854,0.2226038363579092,0.20894803755948008,0.350447085966608,0.38282076627068323,0.4034916946651176,0.34860320181322685,0.5462293987006498
2022_02_MIA_BAL,2022,2,2022-09-18,BAL,MIA,0.0,3.0,-164.0,148.0,0.5583564406352407,0.514000655780001,0.5562017977150028,0.569494799831265,0.620716697304793,0.5949993572307286,0.6063931297709924,0.616119074976823,0.6537143574167174
2022_02_NE_PIT,2022,2,2022-09-18,PIT,NE,0.0,-3.0,135.0,-150.0,0.5583564406352407,0.5851069338757,0.37710598259411193,0.4016584969599695,0.40166230768449945,0.38282076627068323,0.41493775933609955,0.3345418332794458,0.4719313906373622
2022_02_NYJ_CLE,2022,2,2022-09-18,CLE,NYJ,0.0,6.5,-235.0,207.0,0.5583564406352407,0.7902992675001868,0.7746886657481664,0.7286824289110517,0.7431037564923324,0.7084068658683891,0.6829002792370676,0.7315191367783254,0.6045573664313442
2022_02_TB_NO,2022,2,2022-09-18,NO,TB,0.0,-2.5,124.0,-138.0,0.5583564406352407,0.42729997990525365,0.35633136889187556,0.38109782848175733,0.3720671586658146,0.3999346962891887,0.43500511770726713,0.39623104234643874,0.48650361747242
2022_02_WAS_DET,2022,2,2022-09-18,DET,WAS,1.0,-1.0,103.0,-114.0,0.5583564406352407,0.44171150131159265,0.5251741530898046,0.5222883943826225,0.4987073345314123,0.452599977391832,0.48044542229805576,0.5066310104415489,0.4609958154199182
2022_02_ATL_LA,2022,2,2022-09-18,LA,ATL,1.0,10.5,-473.0,385.0,0.5583564406352407,0.782385566414623,0.7290871383014379,0.7447438484487877,0.6654173216772262,0.8119150462321456,0.8001430041331682,0.777779497968179,0.8231299150113999
2022_02_SEA_SF,2022,2,2022-09-18,SF,SEA,1.0,8.5,-379.0,318.0,0.5583564406352407,0.5952104220279375,0.5135897292041398,0.5283084663505963,0.38575331716103267,0.7640621221139681,0.7678386211843623,0.7194502716953125,0.7387013765105791
2022_02_ARI_LV,2022,2,2022-09-18,LV,ARI,0.0,5.5,-223.0,197.0,0.5583564406352407,0.5671447022074815,0.5774310813903976,0.5892187669346286,0.6010529587550795,0.6778586666288668,0.6721843886695558,0.6834943542714025,0.608066398821978
2022_02_CIN_DAL,2022,2,2022-09-18,DAL,CIN,1.0,-7.5,260.0,-303.0,0.5583564406352407,0.5637970158974711,0.6146414947135027,0.483086715470776,0.6030638619272726,0.24521626177363273,0.26978176462712544,0.2775161403938514,0.21172889219772323
2022_02_HOU_DEN,2022,2,2022-09-18,DEN,HOU,1.0,10.5,-481.0,391.0,0.5583564406352407,0.615913698498671,0.6775084391691383,0.734317107904214,0.6978367252249806,0.8119150462321456,0.8025629436811645,0.8181431585437708,0.8339189329133735
2022_02_CHI_GB,2022,2,2022-09-18,GB,CHI,1.0,10.5,-420.0,348.0,0.5583564406352407,0.7071018091975005,0.672021953165803,0.7431797352038884,0.7292078271021254,0.8119150462321456,0.7834776815456361,0.792501277926358,0.8354097926005175
2022_02_TEN_BUF,2022,2,2022-09-19,BUF,TEN,1.0,10.0,-395.0,329.0,0.5583564406352407,0.7173780628512985,0.7837910376138301,0.7594296235555882,0.7912356785846293,0.8006954516640126,0.7739261492087415,0.8253452174455258,0.8659571205867858
2022_02_MIN_PHI,2022,2,2022-09-19,PHI,MIN,1.0,2.5,-141.0,127.0,0.5583564406352407,0.5133739927878846,0.6523232842925721,0.5905267906197523,0.6462786805057946,0.5775725430999993,0.5704635785196144,0.672552653953583,0.6581965702528147
2022_03_PIT_CLE,2022,3,2022-09-22,CLE,PIT,1.0,4.5,-206.0,183.0,0.5583564406352407,0.5443532925686716,0.6297540167884235,0.5795644729196516,0.6836519094382297,0.6457106933843972,0.6557852820085941,0.6541637119894005,0.7120108468661163
2022_03_BAL_NE,2022,3,2022-09-25,NE,BAL,0.0,-2.5,129.0,-143.0,0.5583564406352407,0.5995959930188981,0.6290895003567716,0.6097765107864829,0.541650930472888,0.3999346962891887,0.4259645555419216,0.4553745416260834,0.4784654981416559
2022_03_BUF_MIA,2022,3,2022-09-25,MIA,BUF,1.0,-4.0,175.0,-196.0,0.5583564406352407,0.4240261199940918,0.265971838364358,0.2774728008423053,0.28099004436840824,0.3494851001720021,0.35449101796407184,0.29812266322012865,0.3523982481773195
2022_03_CIN_NYJ,2022,3,2022-09-25,NYJ,CIN,0.0,-6.5,220.0,-247.0,0.5583564406352407,0.3029279624604445,0.34679849254862993,0.3485992366104967,0.2730918737432374,0.2727767061990857,0.3050817654299279,0.31658672468191806,0.21676691219573893
2022_03_DET_MIN,2022,3,2022-09-25,MIN,DET,1.0,6.5,-266.0,232.0,0.5583564406352407,0.7213269697894901,0.5256145520337762,0.5586733061204958,0.6222431945932282,0.7084068658683891,0.7069937235814012,0.6074759567898563,0.647900182909128
2022_03_HOU_CHI,2022,3,2022-09-25,CHI,HOU,1.0,3.0,-156.0,141.0,0.5583564406352407,0.6618814430513162,0.6736719683670627,0.6460829720837836,0.6095623858560082,0.5949993572307286,0.5949110703209063,0.6188063694378375,0.5268476103847571
2022_03_KC_IND,2022,3,2022-09-25,IND,KC,1.0,-4.5,177.0,-199.0,0.5583564406352407,0.3131948407970967,0.28522823826769267,0.2905752593730424,0.2855005181998487,0.33333078964614093,0.35166954823988805,0.30736199125373764,0.3355572282968369
2022_03_LV_TEN,2022,3,2022-09-25,TEN,LV,1.0,-1.5,117.0,-130.0,0.5583564406352407,0.6782485813610697,0.5856035471321032,0.5917928305534698,0.5207645110665177,0.43486561308821203,0.4491310290958797,0.43374956400185727,0.42815273070679455
2022_03_NO_CAR,2022,3,2022-09-25,CAR,NO,1.0,-2.0,112.0,-123.0,0.5583564406352407,0.3422609553254667,0.3822008773340258,0.3892497276246349,0.43215146945285393,0.41729640741650403,0.46097238299983456,0.4457009247417711,0.5519850371862
2022_03_PHI_WAS,2022,3,2022-09-25,WAS,PHI,0.0,-6.0,210.0,-240.0,0.5583564406352407,0.42820422792075385,0.3388357473055958,0.38344556952960823,0.34129527834617235,0.28726087664385913,0.3136531365313653,0.25309101337353473,0.24237871812637565
2022_03_JAX_LAC,2022,3,2022-09-25,LAC,JAX,0.0,6.5,-252.0,220.0,0.5583564406352407,0.7504914972299459,0.7859851712626973,0.8058894025064168,0.7058255386331262,0.7084068658683891,0.696132596685083,0.7332756134256453,0.6478622690388783
2022_03_ATL_SEA,2022,3,2022-09-25,SEA,ATL,0.0,1.0,-106.0,-104.0,0.5583564406352407,0.6949743255284333,0.6841614239060962,0.6339843828157637,0.624464186955387,0.5242934210879711,0.5023229882921391,0.5358166845693191,0.49500827643112494
2022_03_GB_TB,2022,3,2022-09-25,TB,GB,0.0,1.0,-123.0,112.0,0.5583564406352407,0.6847481824500392,0.5861126748399892,0.5924939408022384,0.537581069620825,0.5242934210879711,0.5390276170001653,0.48058057868977605,0.4821885549936829
2022_03_LA_ARI,2022,3,2022-09-25,ARI,LA,0.0,-3.5,153.0,-171.0,0.5583564406352407,0.42109885806643926,0.44785759756791405,0.41577882833918495,0.4399269954740367,0.36599250507954245,0.38514560209200854,0.4048263977122246,0.4873288508086823
2022_03_SF_DEN,2022,3,2022-09-25,DEN,SF,1.0,-1.0,-101.0,-110.0,0.5583564406352407,0.3866788596668407,0.4261473638519034,0.3689527299874119,0.32452378217975836,0.452599977391832,0.489612188365651,0.4750289172528268,0.4269127068133894
2022_03_DAL_NYG,2022,3,2022-09-26,NYG,DAL,0.0,1.0,-120.0,109.0,0.5583564406352407,0.34525701778449536,0.2532170029582007,0.31509527708538626,0.2650154704705211,0.5242934210879711,0.5327102803738317,0.5115666379142969,0.45457903325108767
2022_04_MIA_CIN,2022,4,2022-09-29,CIN,MIA,1.0,4.0,-190.0,169.0,0.5583564406352407,0.4963656816706639,0.52176583410136,0.5401902586540442,0.5216934274253258,0.6291057482435203,0.6379977530895019,0.5935847091050364,0.6305902776915915
2022_04_MIN_NO,2022,4,2022-10-02,NO,MIN,0.0,-4.0,177.0,-199.0,0.5583564406352407,0.469189972932893,0.46349649873967363,0.42752538142215174,0.41566745817233014,0.3494851001720021,0.35166954823988805,0.32966525649479295,0.46275164652203177
2022_04_BUF_BAL,2022,4,2022-10-02,BAL,BUF,0.0,-3.0,154.0,-172.0,0.5583564406352407,0.3855522165474195,0.29643526412423304,0.31203576067137384,0.3583080306684172,0.38282076627068323,0.3837038708949329,0.36779893566693717,0.411857544114688
2022_04_CHI_NYG,2022,4,2022-10-02,NYG,CHI,1.0,3.0,-144.0,130.0,0.5583564406352407,0.44951775227944996,0.42636183004628,0.5106394514027813,0.334451717495998,0.5949993572307286,0.5757997218358832,0.6028180560270711,0.4737659327485389
2022_04_CLE_ATL,2022,4,2022-10-02,ATL,CLE,1.0,-1.0,-103.0,-107.0,0.5583564406352407,0.45380075411997756,0.3976387087044622,0.4523160756386348,0.47397285799456373,0.452599977391832,0.4953533757725013,0.44495850580250407,0.49844789731325084
2022_04_JAX_PHI,2022,4,2022-10-02,PHI,JAX,1.0,6.5,-256.0,223.0,0.5583564406352407,0.7430649160755489,0.7420723747016919,0.7307804520550147,0.6624734710641296,0.7084068658683891,0.6990396320844041,0.7193618873685522,0.6305290837757013
2022_04_LAC_HOU,2022,4,2022-10-02,HOU,LAC,0.0,-5.5,205.0,-234.0,0.5583564406352407,0.451317490582606,0.3815795874068661,0.3354343768970694,0.3756988577385471,0.30219454791541117,0.3187935477713086,0.3089649097205998,0.23721857490933035
2022_04_NYJ_PIT,2022,4,2022-10-02,PIT,NYJ,0.0,3.0,-161.0,145.0,0.5583564406352407,0.775964483767128,0.6923288539546634,0.7876619111378812,0.7199690159855805,0.5949993572307286,0.6018002898771837,0.6164117220762045,0.5630535917144823
2022_04_SEA_DET,2022,4,2022-10-02,DET,SEA,0.0,3.0,-169.0,151.0,0.5583564406352407,0.43714761886923625,0.46939945046134873,0.5141499189070109,0.44808688571509114,0.5949993572307286,0.6119390066215612,0.6000931940568326,0.4586943583742622
2022_04_TEN_IND,2022,4,2022-10-02,IND,TEN,0.0,4.5,-205.0,182.0,0.5583564406352407,0.5292000522133601,0.5410877916076839,0.5447123790417899,0.4850652264752391,0.6457106933843972,0.6546257501981656,0.6301588144131568,0.5880330898468163
2022_04_WAS_DAL,2022,4,2022-10-02,DAL,WAS,1.0,3.0,-155.0,140.0,0.5583564406352407,0.75727312741008,0.7332852947400045,0.6915795279456063,0.7913776429654114,0.5949993572307286,0.5933014354066986,0.5865589144474888,0.5118753850372857
2022_04_ARI_CAR,2022,4,2022-10-02,CAR,ARI,0.0,1.0,-113.0,102.0,0.5583564406352407,0.4619114149266561,0.45176221858223387,0.5089101375165777,0.4261123639663274,0.5242934210879711,0.5172913928296243,0.5196742640040625,0.5057632564591815
2022_04_DEN_LV,2022,4,2022-10-02,LV,DEN,1.0,2.5,-137.0,124.0,0.5583564406352407,0.5520912341729514,0.5352813534684158,0.5031298407563348,0.560892816584382,0.5775725430999993,0.5642421122306391,0.5782361717306203,0.6016949933916965
2022_04_NE_GB,2022,4,2022-10-02,GB,NE,1.0,10.0,-435.0,358.0,0.5583564406352407,0.7026113893972668,0.6309123612647841,0.745482456494551,0.5789199037425922,0.8006954516640126,0.7883116369247813,0.7849104852118685,0.8450914390332862
2022_04_KC_TB,2022,4,2022-10-02,TB,KC,0.0,1.0,-125.0,113.0,0.5583564406352407,0.5731059185407544,0.4579750452022042,0.47403811479593294,0.4718524404410267,0.5242934210879711,0.5419847328244275,0.45529716145918314,0.5279423062619014
2022_04_LA_SF,2022,4,2022-10-03,SF,LA,1.0,1.0,-124.0,112.0,0.5583564406352407,0.49420983141570407,0.5065721180971682,0.5246311934378922,0.3424289092671098,0.5242934210879711,0.5399277029247453,0.5153834697318413,0.4225132232160844
2022_05_IND_DEN,2022,5,2022-10-06,DEN,IND,0.0,3.5,-178.0,159.0,0.5583564406352407,0.4919126600242101,0.474714591600541,0.5061591984937698,0.35114928993394867,0.6121899670955082,0.6238261481421341,0.6007578769993851,0.5442236388941518
2022_05_NYG_GB,2022,5,2022-10-09,GB,NYG,0.0,8.5,-397.0,331.0,0.5583564406352407,0.7703275114995404,0.7464771931053428,0.7718703602682584,0.87675155895988,0.7640621221139681,0.7749165560874428,0.7507616815850547,0.8356465116305982
2022_05_ATL_TB,2022,5,2022-10-09,TB,ATL,1.0,10.5,-430.0,355.0,0.5583564406352407,0.7856447530154812,0.6966051577478859,0.7272184575834149,0.7356224874440351,0.8119150462321456,0.7868489845163884,0.745963135938601,0.8014963024700887
2022_05_CHI_MIN,2022,5,2022-10-09,MIN,CHI,1.0,10.0,-385.0,322.0,0.5583564406352407,0.7059058774504501,0.5969889911053051,0.6771856378821158,0.6363740562944145,0.8006954516640126,0.7701094942408874,0.766251176263826,0.6669033192282581
2022_05_DET_NE,2022,5,2022-10-09,NE,DET,1.0,3.0,-148.0,133.0,0.5583564406352407,0.7175467136850499,0.6572568796032106,0.5796780602204975,0.6385823153630493,0.5949993572307286,0.5816746508332771,0.5990789322298739,0.5634873620118079
2022_05_HOU_JAX,2022,5,2022-10-09,JAX,HOU,0.0,7.0,-304.0,261.0,0.5583564406352407,0.6509208859829777,0.6154957712638737,0.6369649866508892,0.5775566862187287,0.7230245887662891,0.730924978687127,0.7010152773401167,0.7400107116629393
2022_05_LAC_CLE,2022,5,2022-10-09,CLE,LAC,0.0,-1.0,103.0,-114.0,0.5583564406352407,0.6042315073443594,0.5853433713077703,0.5107926683771488,0.6356061514392466,0.452599977391832,0.48044542229805576,0.498928687637926,0.5618616247521617
2022_05_MIA_NYJ,2022,5,2022-10-09,NYJ,MIA,1.0,-3.0,146.0,-162.0,0.5583564406352407,0.2694569243635341,0.2816118457535042,0.23902983164749414,0.28680124521111466,0.38282076627068323,0.3966571791921516,0.3470983498358072,0.43003809399797577
2022_05_PIT_BUF,2022,5,2022-10-09,BUF,PIT,1.0,14.0,-749.0,568.0,0.5583564406352407,0.8240973595864025,0.8708789224742831,0.8784159913449312,0.8708011511516911,0.8771258090479709,0.8549293271728136,0.8902904535590386,0.8731154007102728
2022_05_SEA_NO,2022,5,2022-10-09,NO,SEA,1.0,5.5,-229.0,201.0,0.5583564406352407,0.5626914880425165,0.47574751412484007,0.5360690815890994,0.40875722260536534,0.6778586666288668,0.6769093283838592,0.6152451029381489,0.4618605523183443
2022_05_TEN_WAS,2022,5,2022-10-09,WAS,TEN,0.0,-1.0,-100.0,-110.0,0.5583564406352407,0.3439068544219722,0.3781988957312556,0.3774465893755158,0.3753770039656221,0.452599977391832,0.48837209302325585,0.42304426518225524,0.4458676048183171
2022_05_SF_CAR,2022,5,2022-10-09,CAR,SF,0.0,-6.0,206.0,-234.0,0.5583564406352407,0.28022953657863997,0.3181314640880421,0.3359745352852801,0.29934454731999116,0.28726087664385913,0.31808312064302313,0.32164882414953305,0.2434950061627876
2022_05_DAL_LA,2022,5,2022-10-09,LA,DAL,0.0,5.5,-220.0,195.0,0.5583564406352407,0.5894407002820496,0.48249460697181723,0.5445081452098919,0.3669779257754804,0.6778586666288668,0.6697626418988648,0.665783596038801,0.48727050527052296
2022_05_PHI_ARI,2022,5,2022-10-09,ARI,PHI,0.0,-5.5,196.0,-222.0,0.5583564406352407,0.4702855812950492,0.441197006751874,0.4731524926965314,0.3333396989544147,0.30219454791541117,0.32886673747855216,0.3402811602974563,0.2448145256771751
2022_05_CIN_BAL,2022,5,2022-10-09,BAL,CIN,1.0,3.0,-168.0,151.0,0.5583564406352407,0.5124524724874416,0.4747891756982776,0.4619026461122273,0.4810206043359152,0.5949993572307286,0.6114139890963924,0.5944602505065285,0.5821002621463837
2022_05_LV_KC,2022,5,2022-10-10,KC,LV,1.0,7.5,-321.0,275.0,0.5583564406352407,0.8229128714051535,0.7715929739015359,0.7765591398094686,0.8450523383968636,0.7371813836293408,0.7408832128019694,0.7398042830374703,0.812071543269832
2022_06_WAS_CHI,2022,6,2022-10-13,CHI,WAS,0.0,-1.0,109.0,-120.0,0.5583564406352407,0.6147788841730092,0.6226303830205546,0.5579447149680801,0.5923136640280693,0.452599977391832,0.4672897196261682,0.5145404714430478,0.5460281515162887
2022_06_BAL_NYG,2022,6,2022-10-16,NYG,BAL,1.0,-5.5,206.0,-234.0,0.5583564406352407,0.4111467171469174,0.4172912012199945,0.42431198017013405,0.3742192628029206,0.30219454791541117,0.31808312064302313,0.33823020824550143,0.32935275080020565
2022_06_CIN_NO,2022,6,2022-10-16,NO,CIN,0.0,-3.0,148.0,-164.0,0.5583564406352407,0.49688391660437764,0.5051697621382721,0.490384813746153,0.4421672937567229,0.38282076627068323,0.39360687022900764,0.3987240771624372,0.4251097492675721
2022_06_JAX_IND,2022,6,2022-10-16,IND,JAX,1.0,1.0,-122.0,110.0,0.5583564406352407,0.723433335003414,0.6592116232845213,0.68569563304443,0.6905021643558779,0.5242934210879711,0.5357590966122961,0.5164170279754805,0.5346440863386842
2022_06_MIN_MIA,2022,6,2022-10-16,MIA,MIN,0.0,-3.0,157.0,-175.0,0.5583564406352407,0.5236068545473787,0.5219710010620356,0.5158799600752346,0.4397674245124636,0.38282076627068323,0.3794411866160745,0.40840981929643133,0.41577457777107296
2022_06_NE_CLE,2022,6,2022-10-16,CLE,NE,0.0,2.5,-140.0,127.0,0.5583564406352407,0.5342288011488157,0.5307002653061791,0.544215039854826,0.5646755524145638,0.5775725430999993,0.5697382574399427,0.6047691300975235,0.6749548053923048
2022_06_NYJ_GB,2022,6,2022-10-16,GB,NYJ,0.0,7.5,-362.0,305.0,0.5583564406352407,0.7900062088694216,0.7727872749369223,0.8344918801896184,0.8084698261200578,0.7371813836293408,0.7603858721020694,0.7633114284469616,0.7826026902304021
2022_06_SF_ATL,2022,6,2022-10-16,ATL,SF,1.0,-3.5,166.0,-185.0,0.5583564406352407,0.3367221844823467,0.3507978024876762,0.3203383885311594,0.23901497305514524,0.36599250507954245,0.36674816625916873,0.4155420303949357,0.3613632383241447
2022_06_TB_PIT,2022,6,2022-10-16,PIT,TB,1.0,-10.0,323.0,-386.0,0.5583564406352407,0.30838285145258376,0.2605185603991519,0.22157044042125104,0.29004919190080697,0.18488917221465576,0.22937728315351283,0.19835714762638346,0.20575888689394992
2022_06_ARI_SEA,2022,6,2022-10-16,SEA,ARI,1.0,-2.5,123.0,-136.0,0.5583564406352407,0.5552220637920676,0.5544435128851559,0.512264937400415,0.5587790199079014,0.3999346962891887,0.43762053107847504,0.3960566144784001,0.47920665531278045
2022_06_CAR_LA,2022,6,2022-10-16,LA,CAR,1.0,10.0,-413.0,343.0,0.5583564406352407,0.800095104110952,0.728060637124702,0.8100602071428195,0.7757722715126224,0.8006954516640126,0.7810116153488234,0.7725495277036443,0.8331792512685509
2022_06_BUF_KC,2022,6,2022-10-16,KC,BUF,0.0,-2.5,132.0,-146.0,0.5583564406352407,0.5591432863408495,0.49063471367549716,0.5320887704183751,0.48957972876968536,0.3999346962891887,0.4207141879874127,0.44986686355796734,0.5238783903371423
2022_06_DAL_PHI,2022,6,2022-10-16,PHI,DAL,1.0,6.5,-292.0,252.0,0.5583564406352407,0.5343190548732787,0.5082671675548337,0.5108638113738382,0.5514526952048037,0.7084068658683891,0.723912553527158,0.6808523333241894,0.6754173624805359
2022_06_DEN_LAC,2022,6,2022-10-17,LAC,DEN,1.0,3.5,-186.0,166.0,0.5583564406352407,0.6614123143574866,0.6395330743807981,0.6109701472462844,0.7917816795009374,0.6121899670955082,0.6336902505251294,0.6206080548710546,0.8093088103152916
2022_07_NO_ARI,2022,7,2022-10-20,ARI,NO,1.0,2.5,-140.0,126.0,0.5583564406352407,0.530225037647817,0.496498551286776,0.5039521191945183,0.4837194588215677,0.5775725430999993,0.5686556434219986,0.5750406911064239,0.5406571087544457
2022_07_ATL_CIN,2022,7,2022-10-23,CIN,ATL,1.0,6.5,-271.0,235.0,0.5583564406352407,0.6925792910692845,0.6492365278102701,0.6617040089329067,0.7172084244067353,0.7084068658683891,0.7098956093365133,0.6672844587887002,0.6619504405236408
2022_07_CLE_BAL,2022,7,2022-10-23,BAL,CLE,1.0,6.5,-282.0,244.0,0.5583564406352407,0.6617722274149818,0.5658162077771881,0.6023389876057749,0.6176524907664684,0.7084068658683891,0.7174723389148571,0.66050361414492,0.6664589985193686
2022_07_DET_DAL,2022,7,2022-10-23,DAL,DET,1.0,7.0,-278.0,241.0,0.5583564406352407,0.8260352126790087,0.7223031763429505,0.7920569485742991,0.7644049730580222,0.7230245887662891,0.7149278269657159,0.6949405933243462,0.7925772374119368
2022_07_GB_WAS,2022,7,2022-10-23,WAS,GB,1.0,-4.0,173.0,-195.0,0.5583564406352407,0.40276319884005396,0.3648155781430936,0.2976837330341603,0.30054987871345157,0.3494851001720021,0.35656010152897805,0.3208679166981543,0.3863860990511535
2022_07_IND_TEN,2022,7,2022-10-23,TEN,IND,1.0,2.5,-143.0,129.0,0.5583564406352407,0.6484461387082749,0.5820528718907996,0.5809780622006946,0.42831446972600234,0.5775725430999993,0.5740354444580784,0.5875041282859076,0.47000549349654164
2022_07_NYG_JAX,2022,7,2022-10-23,JAX,NYG,0.0,3.0,-165.0,148.0,0.5583564406352407,0.4567335683565545,0.5085671571966658,0.4926379304463038,0.5667866164533706,0.5949993572307286,0.6069415603678434,0.5554112642256532,0.5402984030810062
2022_07_TB_CAR,2022,7,2022-10-23,CAR,TB,1.0,-13.0,524.0,-680.0,0.5583564406352407,0.22273860027038433,0.2227336875047558,0.18407748038218527,0.2949408835951437,0.1284537929623564,0.15527950310559005,0.137210133744828,0.22133215947740942
2022_07_HOU_LV,2022,7,2022-10-23,LV,HOU,1.0,7.0,-325.0,278.0,0.5583564406352407,0.6786113732738054,0.7256989275372367,0.754653919243808,0.6985908669541062,0.7230245887662891,0.7429694587239188,0.7539957078518675,0.7220101387488945
2022_07_NYJ_DEN,2022,7,2022-10-23,DEN,NYJ,0.0,-2.0,115.0,-127.0,0.5583564406352407,0.516306253012268,0.4946543802967664,0.5067902517290939,0.4345106253723556,0.41729640741650403,0.453954604539546,0.3897345650382343,0.4539571189826957
2022_07_KC_SF,2022,7,2022-10-23,SF,KC,0.0,-1.0,-104.0,-106.0,0.5583564406352407,0.4336910942439224,0.43210524899316516,0.45322713164609324,0.39525923560400644,0.452599977391832,0.497677011707861,0.4313790320617154,0.47558211382022286
2022_07_SEA_LAC,2022,7,2022-10-23,LAC,SEA,0.0,5.5,-219.0,193.0,0.5583564406352407,0.5682983399459725,0.5767614175810102,0.6353727071920018,0.5775063499753751,0.6778586666288668,0.6679400834834022,0.6864100143368295,0.6308123438463011
2022_07_PIT_MIA,2022,7,2022-10-23,MIA,PIT,1.0,7.5,-297.0,255.0,0.5583564406352407,0.6107574870070059,0.6521128046547134,0.6842095046511981,0.6192764434568414,0.7371813836293408,0.7264615702621697,0.7225323251371483,0.7621873932145905
2022_07_CHI_NE,2022,7,2022-10-24,NE,CHI,0.0,9.5,-392.0,327.0,0.5583564406352407,0.7533180125021457,0.7392123006155771,0.7861328607568305,0.8087052080090781,0.7889805338705695,0.7728364052746279,0.7947490148249515,0.8598611629423367
2022_08_BAL_TB,2022,8,2022-10-27,TB,BAL,0.0,2.0,-128.0,116.0,0.5583564406352407,0.6230407997568693,0.5889456691875539,0.6390811828253075,0.5006518635609704,0.5599504502894493,0.5480494766888677,0.5508652754261361,0.5058733431860846
2022_08_DEN_JAX,2022,8,2022-10-30,JAX,DEN,0.0,1.0,-107.0,-103.0,0.5583564406352407,0.44846640804938454,0.459182500084003,0.3474644939876716,0.5218571866865557,0.5242934210879711,0.5046466242274987,0.5261935493662931,0.5266103275364914
2022_08_ARI_MIN,2022,8,2022-10-30,MIN,ARI,1.0,4.0,-199.0,177.0,0.5583564406352407,0.6844316639367488,0.6421203293539947,0.6648664376277206,0.5696273300764065,0.6291057482435203,0.648330451760112,0.655317873521705,0.6160773200926647
2022_08_CAR_ATL,2022,8,2022-10-30,ATL,CAR,1.0,4.5,-201.0,178.0,0.5583564406352407,0.6489412932562774,0.5980029119965578,0.6203280865373664,0.6412603378260934,0.6457106933843972,0.6499104422061458,0.6456023166641,0.723004648523861
2022_08_CHI_DAL,2022,8,2022-10-30,DAL,CHI,1.0,10.5,-430.0,355.0,0.5583564406352407,0.7513419344756836,0.7082152691363622,0.7819999931620913,0.6951908291677329,0.8119150462321456,0.7868489845163884,0.806062850531599,0.8287116266143714
2022_08_LV_NO,2022,8,2022-10-30,NO,LV,1.0,-1.0,108.0,-119.0,0.5583564406352407,0.5592254854342987,0.5220784804627664,0.5793320627432264,0.5267955902904937,0.452599977391832,0.46943325045014145,0.427880386026914,0.5078132526338878
2022_08_MIA_DET,2022,8,2022-10-30,DET,MIA,0.0,-3.5,169.0,-190.0,0.5583564406352407,0.3481029473313499,0.4260665017843338,0.42135245030149393,0.44418355600297654,0.36599250507954245,0.36200224691049804,0.4044939161470431,0.42791925275024145
2022_08_NE_NYJ,2022,8,2022-10-30,NYJ,NE,0.0,-3.0,140.0,-155.0,0.5583564406352407,0.5315755131153826,0.4412621130825407,0.3874136512478607,0.40712145704916475,0.38282076627068323,0.4066985645933015,0.3770796202313005,0.44556448644633995
2022_08_PIT_PHI,2022,8,2022-10-30,PHI,PIT,1.0,11.0,-490.0,397.0,0.5583564406352407,0.7603555699669927,0.8242983873714926,0.820775047509285,0.848101149988278,0.8226429482395644,0.8049780187088884,0.8393226555122553,0.8253281484787046
2022_08_TEN_HOU,2022,8,2022-10-30,HOU,TEN,0.0,-1.0,104.0,-115.0,0.5583564406352407,0.26558495635010765,0.31190058938482706,0.3830704772062611,0.2679918600579338,0.452599977391832,0.478202846975089,0.4190715270601704,0.40468979514058107
2022_08_NYG_SEA,2022,8,2022-10-30,SEA,NYG,1.0,3.0,-164.0,147.0,0.5583564406352407,0.6534374893037311,0.6565407529679114,0.6258359492422728,0.6962797238345473,0.5949993572307286,0.6054283493752616,0.567189362101778,0.6213683232019174
2022_08_SF_LA,2022,8,2022-10-30,LA,SF,0.0,-1.0,-106.0,-104.0,0.5583564406352407,0.5998353441645139,0.5528423698414437,0.5547462129288869,0.47642760544057966,0.452599977391832,0.5023229882921391,0.4328262700000908,0.39876537751793595
2022_08_WAS_IND,2022,8,2022-10-30,IND,WAS,0.0,3.0,-151.0,136.0,0.5583564406352407,0.6649354109613396,0.6510211043058668,0.591340100173318,0.6617423430015607,0.5949993572307286,0.586736037934668,0.6090529520710652,0.6009454184100325
2022_08_GB_BUF,2022,8,2022-10-30,BUF,GB,1.0,10.5,-445.0,365.0,0.5583564406352407,0.8013181401826696,0.8071903428507142,0.7585040019375909,0.8209777095994948,0.8119150462321456,0.7915272066558287,0.8048049986378455,0.8045623866017495
2022_08_CIN_CLE,2022,8,2022-10-31,CLE,CIN,1.0,-3.0,147.0,-163.0,0.5583564406352407,0.35992392530661693,0.3774116577435941,0.33613838803794505,0.3609376956915731,0.38282076627068323,0.3951262751461066,0.3890991722608537,0.4288661486252872
2022_09_PHI_HOU,2022,9,2022-11-03,HOU,PHI,0.0,-14.0,539.0,-702.0,0.5583564406352407,0.22276044576607126,0.23639608875226517,0.24526321762063394,0.33080563788568523,0.11320531791297805,0.15167045527612721,0.12872040793347808,0.26859201719300596
2022_09_BUF_NYJ,2022,9,2022-11-06,NYJ,BUF,1.0,-11.0,400.0,-494.0,0.5583564406352407,0.22074434700261947,0.192278429165003,0.1692988632722023,0.25420739460045116,0.16420355917188262,0.19386422976501305,0.14896004243138666,0.2643848729956611
2022_09_CAR_CIN,2022,9,2022-11-06,CIN,CAR,1.0,7.0,-331.0,282.0,0.5583564406352407,0.7628398852570977,0.7232671787951335,0.7513845949660881,0.8436390921568084,0.7230245887662891,0.745785705017046,0.7098718115208834,0.791919697668979
2022_09_GB_DET,2022,9,2022-11-06,DET,GB,1.0,-4.0,170.0,-191.0,0.5583564406352407,0.3379674702945688,0.3287401820873545,0.2920547617374568,0.4720455995190318,0.3494851001720021,0.36072889550018594,0.31624243206111596,0.41446238163567806
2022_09_IND_NE,2022,9,2022-11-06,NE,IND,1.0,5.0,-212.0,188.0,0.5583564406352407,0.6080369011441036,0.6145246387804333,0.6320066419597088,0.6162232656012806,0.6619716771638936,0.6618106139438086,0.6748046829831171,0.6411831483926672
2022_09_LAC_ATL,2022,9,2022-11-06,ATL,LAC,0.0,-2.5,130.0,-143.0,0.5583564406352407,0.5792250603922537,0.4750359023056547,0.4548104015846037,0.4430172300622014,0.3999346962891887,0.4248994579471935,0.4375948466207332,0.42114056798118965
2022_09_LV_JAX,2022,9,2022-11-06,JAX,LV,1.0,-2.5,116.0,-129.0,0.5583564406352407,0.41033567774639185,0.4178150583695528,0.3900399378084901,0.34475872882174996,0.3999346962891887,0.451107083760145,0.3610738011047345,0.38954497302882113
2022_09_MIA_CHI,2022,9,2022-11-06,CHI,MIA,0.0,-4.0,172.0,-193.0,0.5583564406352407,0.4472036831941539,0.4941854475127632,0.41509188262418717,0.4688920165724128,0.3494851001720021,0.3582082253410925,0.3859099259956182,0.4251662618547167
2022_09_MIN_WAS,2022,9,2022-11-06,WAS,MIN,0.0,-3.0,151.0,-169.0,0.5583564406352407,0.3569239137815516,0.41078008060580046,0.3856308526153632,0.3945537446327287,0.38282076627068323,0.3880609933784388,0.3805167425282272,0.5073613304272481
2022_09_SEA_ARI,2022,9,2022-11-06,ARI,SEA,0.0,1.5,-128.0,116.0,0.5583564406352407,0.46206030290560934,0.3818001602632394,0.41486385060557696,0.3759386334795967,0.5421759429661986,0.5480494766888677,0.4813831337721503,0.4769838850859387
2022_09_LA_TB,2022,9,2022-11-06,TB,LA,1.0,3.0,-158.0,142.0,0.5583564406352407,0.5889194692661175,0.6090469565436423,0.6165311234537759,0.5827175628675693,0.5949993572307286,0.5971016303329377,0.6033551790881506,0.47211572362652765
2022_09_TEN_KC,2022,9,2022-11-06,KC,TEN,1.0,14.0,-689.0,530.0,0.5583564406352407,0.6960670841665823,0.7761358006117897,0.8276501043324399,0.6571800004767319,0.8771258090479709,0.8461898356629043,0.8921848599292659,0.6029209136869143
2022_09_BAL_NO,2022,9,2022-11-07,NO,BAL,0.0,-1.0,112.0,-124.0,0.5583564406352407,0.4922544918932502,0.5191966870760152,0.49218165613243153,0.44169746684935424,0.452599977391832,0.4600722970752547,0.44186345855988046,0.4726016896100429
2022_10_ATL_CAR,2022,10,2022-11-10,CAR,ATL,1.0,-2.5,119.0,-132.0,0.5583564406352407,0.4623032309458435,0.4241114241941323,0.3917871359677424,0.33196310753943514,0.3999346962891887,0.4452291394795425,0.37772251922817024,0.399114345791054
2022_10_SEA_TB,2022,10,2022-11-13,TB,SEA,1.0,2.5,-138.0,124.0,0.5583564406352407,0.48265287171621957,0.4120751666916506,0.5172523221442618,0.36362510036831885,0.5775725430999993,0.5649948822927329,0.5442649766249038,0.44657610763918326
2022_10_CLE_MIA,2022,10,2022-11-13,MIA,CLE,1.0,3.0,-177.0,158.0,0.5583564406352407,0.6350354944315638,0.5255655141809856,0.5824831947265348,0.5489212254630724,0.5949993572307286,0.6224409126843496,0.5796147031211869,0.5755537671306566
2022_10_DEN_TEN,2022,10,2022-11-13,TEN,DEN,1.0,2.5,-135.0,122.0,0.5583564406352407,0.7916783285820812,0.6467367241440707,0.6942052183858123,0.6007534899488617,0.5775725430999993,0.5605012156349355,0.6039296434306831,0.5255496992222684
2022_10_DET_CHI,2022,10,2022-11-13,CHI,DET,0.0,3.0,-159.0,143.0,0.5583564406352407,0.6428612427142997,0.6208946687940842,0.5464943117997225,0.5537726858383053,0.5949993572307286,0.5986798270759409,0.5931660654495671,0.5091209571873608
2022_10_HOU_NYG,2022,10,2022-11-13,NYG,HOU,1.0,5.5,-221.0,195.0,0.5583564406352407,0.7116094370551677,0.7102175439464742,0.728639990797381,0.5894996844699207,0.6778586666288668,0.6700755434503315,0.7162510944816903,0.6260908954429216
2022_10_JAX_KC,2022,10,2022-11-13,KC,JAX,1.0,10.0,-399.0,333.0,0.5583564406352407,0.9005655312070799,0.8362781289746698,0.8489637303712378,0.8070667543687906,0.8006954516640126,0.7758985390740433,0.8095500178005665,0.6801544749884229
2022_10_MIN_BUF,2022,10,2022-11-13,BUF,MIN,0.0,6.5,-264.0,230.0,0.5583564406352407,0.6994315828073304,0.7536954031170126,0.7269734688424153,0.8111069539782593,0.7084068658683891,0.7053108808290155,0.7272513621609137,0.6450896548070462
2022_10_NO_PIT,2022,10,2022-11-13,PIT,NO,1.0,1.0,-116.0,105.0,0.5583564406352407,0.515183756540527,0.4209715693966516,0.38143422019534656,0.3406777221635692,0.5242934210879711,0.5240193918025562,0.5396562140432932,0.4475593681359832
2022_10_IND_LV,2022,10,2022-11-13,LV,IND,0.0,4.5,-199.0,177.0,0.5583564406352407,0.5156070060897467,0.6103932678201307,0.5027291223221906,0.5741628672266678,0.6457106933843972,0.648330451760112,0.7083533188681047,0.7429116485040487
2022_10_ARI_LA,2022,10,2022-11-13,LA,ARI,0.0,3.5,-183.0,160.0,0.5583564406352407,0.6629707222575787,0.5961973898359831,0.5290593113906998,0.473885874054503,0.6121899670955082,0.6270426989984186,0.6142939819510845,0.4854116201498047
2022_10_DAL_GB,2022,10,2022-11-13,GB,DAL,1.0,-3.5,177.0,-199.0,0.5583564406352407,0.3870422342676953,0.35733478102388205,0.3870673947763613,0.35276911491812074,0.36599250507954245,0.35166954823988805,0.371343940839309,0.47133092500095086
2022_10_LAC_SF,2022,10,2022-11-13,SF,LAC,1.0,8.5,-357.0,302.0,0.5583564406352407,0.6987929152472498,0.7025739355799447,0.706018102160859,0.5757052472735044,0.7640621221139681,0.7584745314828713,0.782495303528926,0.758127171379539
2022_10_WAS_PHI,2022,10,2022-11-14,PHI,WAS,0.0,11.0,-501.0,405.0,0.5583564406352407,0.8070468781109216,0.7886178239536353,0.7759211639729384,0.9228921579499785,0.8226429482395644,0.808051612079015,0.823150985513637,0.9375040058926233
2022_11_TEN_GB,2022,11,2022-11-17,GB,TEN,0.0,3.0,-171.0,153.0,0.5583564406352407,0.426762925146169,0.5356371843634758,0.5477085134055087,0.5396666632312952,0.5949993572307286,0.6148543979079913,0.6058467614248423,0.5799105940432697
2022_11_CAR_BAL,2022,11,2022-11-20,BAL,CAR,1.0,13.0,-647.0,503.0,0.5583564406352407,0.7788490624407798,0.7514035808619839,0.7762325648311399,0.8323104619548634,0.8607794243223059,0.8392998896396833,0.8559703458359017,0.8917107973920838
2022_11_CHI_ATL,2022,11,2022-11-20,ATL,CHI,1.0,3.0,-138.0,125.0,0.5583564406352407,0.5935259052529492,0.5482343466256583,0.6202925279996446,0.4801071612308872,0.5949993572307286,0.5660893345487694,0.618152548285764,0.5308244561504778
2022_11_CLE_BUF,2022,11,2022-11-20,BUF,CLE,1.0,7.5,-353.0,298.0,0.5583564406352407,0.7711796923995876,0.6918322163048148,0.7246576131924821,0.8164144396786199,0.7371813836293408,0.7561815774459886,0.6909719053168764,0.760036720713631
2022_11_DET_NYG,2022,11,2022-11-20,NYG,DET,0.0,3.0,-159.0,143.0,0.5583564406352407,0.6803103425497308,0.6145157550360996,0.6049236082102872,0.581364051394198,0.5949993572307286,0.5986798270759409,0.6128182296410948,0.5044068455135198
2022_11_LA_NO,2022,11,2022-11-20,NO,LA,1.0,2.5,-124.0,112.0,0.5583564406352407,0.5161341533246785,0.5503073355514442,0.42268104650403504,0.598031825471207,0.5775725430999993,0.5399277029247453,0.5790320445845262,0.5825231025905281
2022_11_NYJ_NE,2022,11,2022-11-20,NE,NYJ,1.0,3.5,-182.0,163.0,0.5583564406352407,0.6565941091639541,0.6390324762943923,0.69311864422564,0.5877903037255675,0.6121899670955082,0.629269318749507,0.5956650951640217,0.5256370672439561
2022_11_PHI_IND,2022,11,2022-11-20,IND,PHI,0.0,-6.5,235.0,-270.0,0.5583564406352407,0.42593772557643655,0.3788811392507686,0.27419490083724507,0.36011925646618054,0.2727767061990857,0.290309925460965,0.27017553546137935,0.3004467493728317
2022_11_WAS_HOU,2022,11,2022-11-20,HOU,WAS,0.0,-3.0,135.0,-150.0,0.5583564406352407,0.3674515856551158,0.40857021795164683,0.41016896401185887,0.3705471415511767,0.38282076627068323,0.41493775933609955,0.39737798393929064,0.4112103568439864
2022_11_LV_DEN,2022,11,2022-11-20,DEN,LV,0.0,2.5,-145.0,131.0,0.5583564406352407,0.5535232373127139,0.42460142723489097,0.45675296368921875,0.47836466416637824,0.5775725430999993,0.5775497887748944,0.45465495697214814,0.5176810806975046
2022_11_CIN_PIT,2022,11,2022-11-20,PIT,CIN,0.0,-3.5,163.0,-182.0,0.5583564406352407,0.41746660614898407,0.23865271833091958,0.20978997743218936,0.3497418914960905,0.36599250507954245,0.37073068125049297,0.30592672939250354,0.40417451420617634
2022_11_DAL_MIN,2022,11,2022-11-20,MIN,DAL,0.0,-1.5,118.0,-131.0,0.5583564406352407,0.6055494795516083,0.4601455950889245,0.4570896418888993,0.4289682579499474,0.43486561308821203,0.4471717836540324,0.4121029248263702,0.4520673117180975
2022_11_KC_LAC,2022,11,2022-11-20,LAC,KC,0.0,-5.5,203.0,-231.0,0.5583564406352407,0.2572424615665732,0.27840677769682515,0.2935904806863231,0.2881519416393326,0.30219454791541117,0.32106932575441594,0.3016818288465493,0.2510812018585648
2022_11_SF_ARI,2022,11,2022-11-21,ARI,SF,0.0,-10.0,350.0,-422.0,0.5583564406352407,0.3502609968511989,0.2792676487794509,0.2517049805141555,0.5083399201268018,0.18488917221465576,0.21561338289962823,0.15114572168302967,0.20146579351463004
2022_12_BUF_DET,2022,12,2022-11-24,DET,BUF,0.0,-10.0,342.0,-412.0,0.5583564406352407,0.22196243621491596,0.2687195488948193,0.2839416592500838,0.22620642288740966,0.18488917221465576,0.21945616020299694,0.21730769463465954,0.19692124618814422
2022_12_NYG_DAL,2022,12,2022-11-24,DAL,NYG,1.0,10.5,-441.0,363.0,0.5583564406352407,0.816959874640698,0.7794682694673813,0.7905543148205482,0.876051095601922,0.8119150462321456,0.7905398342128594,0.7851339380759101,0.8937261160887919
2022_12_NE_MIN,2022,12,2022-11-24,MIN,NE,1.0,2.5,-136.0,123.0,0.5583564406352407,0.5930251836467828,0.4371105182614499,0.4571637465411592,0.5979453362873297,0.5775725430999993,0.562379468921525,0.560224914588963,0.5313464523462522
2022_12_ATL_WAS,2022,12,2022-11-27,WAS,ATL,1.0,3.5,-183.0,163.0,0.5583564406352407,0.6340175062478337,0.576177101441092,0.5559244826788671,0.5331496301709729,0.6121899670955082,0.6297217024951262,0.5648647551992229,0.6206784216081265
2022_12_BAL_JAX,2022,12,2022-11-27,JAX,BAL,1.0,-3.5,147.0,-164.0,0.5583564406352407,0.2613566780459427,0.39736113602024875,0.3913184027189023,0.31078800714824073,0.36599250507954245,0.3945716506247385,0.39196293141970395,0.487402513177892
2022_12_CHI_NYJ,2022,12,2022-11-27,NYJ,CHI,1.0,8.5,-375.0,315.0,0.5583564406352407,0.6486213502338094,0.507156972144102,0.5771176272343953,0.34839369475000515,0.7640621221139681,0.7661538461538461,0.731266670809536,0.728630872616167
2022_12_CIN_TEN,2022,12,2022-11-27,TEN,CIN,0.0,-1.0,-105.0,-105.0,0.5583564406352407,0.6161012670715951,0.5066490030066364,0.5300385099723193,0.4643180653682933,0.452599977391832,0.5,0.4651549776510949,0.5053603080536561
2022_12_DEN_CAR,2022,12,2022-11-27,CAR,DEN,1.0,-1.0,105.0,-116.0,0.5583564406352407,0.603636653605276,0.5710039848993117,0.5098134829088777,0.47097531065397846,0.452599977391832,0.4759806081974437,0.5322805272591886,0.4699350744055577
2022_12_HOU_MIA,2022,12,2022-11-27,MIA,HOU,1.0,14.0,-822.0,613.0,0.5583564406352407,0.8429281540181409,0.850528839905678,0.8171479719249429,0.8581047353350242,0.8771258090479709,0.8640691389767738,0.887130512757254,0.9039745052870932
2022_12_TB_CLE,2022,12,2022-11-27,CLE,TB,1.0,-3.0,151.0,-169.0,0.5583564406352407,0.3935723829852584,0.4159807155259627,0.34620506900009296,0.4203763763634777,0.38282076627068323,0.3880609933784388,0.3986635570235998,0.4164779773052081
2022_12_LAC_ARI,2022,12,2022-11-27,ARI,LAC,0.0,-2.5,123.0,-136.0,0.5583564406352407,0.5642991832706564,0.4825228693645399,0.4849576010267111,0.4043285602946352,0.3999346962891887,0.43762053107847504,0.3841149498822067,0.40621072274898773
2022_12_LV_SEA,2022,12,2022-11-27,SEA,LV,0.0,4.0,-196.0,174.0,0.5583564406352407,0.7264037683207417,0.6944401556159314,0.6467440743801874,0.7241477396400029,0.6291057482435203,0.644674925573802,0.6216337423508353,0.6412638249368899
2022_12_LA_KC,2022,12,2022-11-27,KC,LA,1.0,16.5,-1088.0,768.0,0.5583564406352407,0.8427272643305697,0.7938656835508668,0.8570361983523974,0.8279216792224904,0.9109075006840556,0.8882601694532649,0.9032234090732792,0.7975020162579823
2022_12_NO_SF,2022,12,2022-11-27,SF,NO,1.0,9.5,-392.0,327.0,0.5583564406352407,0.7515002852018717,0.7127760187683202,0.7258377761315156,0.7629022641341656,0.7889805338705695,0.7728364052746279,0.7928526199979629,0.8322439152117704
2022_12_GB_PHI,2022,12,2022-11-27,PHI,GB,1.0,6.5,-278.0,241.0,0.5583564406352407,0.7131688288645507,0.6597374259027667,0.5963720236582227,0.6550095073198834,0.7084068658683891,0.7149278269657159,0.6976298552769616,0.6925715552523489
2022_12_PIT_IND,2022,12,2022-11-28,IND,PIT,0.0,2.5,-128.0,116.0,0.5583564406352407,0.6151432629541722,0.6278255153937232,0.7639433699122659,0.6040577435633628,0.5775725430999993,0.5480494766888677,0.5746352013148281,0.5064322396411208
2022_13_BUF_NE,2022,13,2022-12-01,NE,BUF,0.0,-3.5,165.0,-185.0,0.5583564406352407,0.3554693119858628,0.3542493236816211,0.37077881774702126,0.3323209963769833,0.36599250507954245,0.3676233473073202,0.3360046282515512,0.3770448383897772
2022_13_CLE_HOU,2022,13,2022-12-04,HOU,CLE,0.0,-7.5,280.0,-329.0,0.5583564406352407,0.3252730028499664,0.3259551016101937,0.26307391683934594,0.3354580808027075,0.24521626177363273,0.25547879942829915,0.24796070795822303,0.24412408847731187
2022_13_DEN_BAL,2022,13,2022-12-04,BAL,DEN,1.0,9.5,-347.0,294.0,0.5583564406352407,0.8273142396292963,0.7732017824292877,0.7268734068695655,0.8737283776685741,0.7889805338705695,0.7536076905268497,0.8128940621530596,0.8297905819236934
2022_13_GB_CHI,2022,13,2022-12-04,CHI,GB,0.0,-4.0,163.0,-182.0,0.5583564406352407,0.4486838559822164,0.4597117487740123,0.3401261337995208,0.43723039128690944,0.3494851001720021,0.37073068125049297,0.3518202141610958,0.42864784520850957
2022_13_JAX_DET,2022,13,2022-12-04,DET,JAX,1.0,1.0,-118.0,107.0,0.5583564406352407,0.6218687783492494,0.6073108422695737,0.6211799372083331,0.5527842708826951,0.5242934210879711,0.5284039285250725,0.5714025330877649,0.4987982901922503
2022_13_NYJ_MIN,2022,13,2022-12-04,MIN,NYJ,1.0,3.0,-146.0,132.0,0.5583564406352407,0.70684201772378,0.5984306480207473,0.5999308430668076,0.6123801436411671,0.5949993572307286,0.5792858120125872,0.5939349175740233,0.5476024446926029
2022_13_PIT_ATL,2022,13,2022-12-04,ATL,PIT,0.0,-1.0,103.0,-113.0,0.5583564406352407,0.5113158600471605,0.6172212112139696,0.6597592887851262,0.5899086269997169,0.452599977391832,0.48147562105834224,0.540906721568256,0.5505622086774637
2022_13_TEN_PHI,2022,13,2022-12-04,PHI,TEN,1.0,5.0,-213.0,189.0,0.5583564406352407,0.5724435515704946,0.6398539943320273,0.579933225974062,0.7162441335398929,0.6619716771638936,0.6629225583423975,0.6661329389628924,0.7487358931846491
2022_13_MIA_SF,2022,13,2022-12-04,SF,MIA,1.0,4.5,-222.0,196.0,0.5583564406352407,0.6569292764223117,0.6391114185525445,0.648987222947515,0.5495920447164425,0.6457106933843972,0.6711332625214478,0.6733018137344491,0.6150077157058522
2022_13_SEA_LA,2022,13,2022-12-04,LA,SEA,0.0,-7.0,252.0,-292.0,0.5583564406352407,0.48146980079597884,0.4091390429423963,0.39877633322609424,0.38144253454397253,0.25875771276500353,0.276087446472842,0.26573981156203574,0.3009310951425186
2022_13_KC_CIN,2022,13,2022-12-04,CIN,KC,1.0,-2.5,120.0,-132.0,0.5583564406352407,0.40335045653251606,0.4523598077123881,0.4483449550665357,0.30885003126133875,0.3999346962891887,0.444104134762634,0.4377432189341857,0.420723367725585
2022_13_LAC_LV,2022,13,2022-12-04,LV,LAC,1.0,2.5,-139.0,125.0,0.5583564406352407,0.5493662246713948,0.5234018100915544,0.5172108668375516,0.5222534766042018,0.5775725430999993,0.5668328047122791,0.5522887725454285,0.5647098040957358
2022_13_IND_DAL,2022,13,2022-12-04,DAL,IND,1.0,11.0,-460.0,376.0,0.5583564406352407,0.8002676680305106,0.8165052048695116,0.796886986440786,0.8787362084610386,0.8226429482395644,0.7963340122199594,0.8402009443726115,0.8701722375070121
2022_13_NO_TB,2022,13,2022-12-05,TB,NO,1.0,3.5,-190.0,169.0,0.5583564406352407,0.692755704492045,0.5876267602570713,0.623050686013998,0.6556093601923032,0.6121899670955082,0.6379977530895019,0.5710088369018439,0.6260948688397536
2022_14_LV_LA,2022,14,2022-12-08,LA,LV,1.0,-6.5,245.0,-283.0,0.5583564406352407,0.5195914158530425,0.456526707107543,0.5238123724657038,0.3772155523129531,0.2727767061990857,0.2817523080884246,0.2824878961103963,0.2613605345093952
2022_14_BAL_PIT,2022,14,2022-12-11,PIT,BAL,0.0,1.5,-124.0,112.0,0.5583564406352407,0.42906491858234796,0.36518056803062066,0.48643691064887273,0.3589704426606226,0.5421759429661986,0.5399277029247453,0.5049402776942888,0.4460194475074143
2022_14_CLE_CIN,2022,14,2022-12-11,CIN,CLE,1.0,4.5,-204.0,181.0,0.5583564406352407,0.731493135190307,0.6717465442608281,0.6384788947007786,0.6626345419286244,0.6457106933843972,0.6534585746204004,0.6527406610105119,0.615368632603842
2022_14_HOU_DAL,2022,14,2022-12-11,DAL,HOU,1.0,17.0,-1365.0,918.0,0.5583564406352407,0.9167975362153877,0.9170037590641499,0.9243772871600987,0.8841827298070815,0.9165693175960984,0.90462674227086,0.9238672041634803,0.908469916235454
2022_14_JAX_TEN,2022,14,2022-12-11,TEN,JAX,0.0,3.0,-169.0,151.0,0.5583564406352407,0.8237929133904294,0.6652749150033167,0.6971051820318444,0.6463790485422027,0.5949993572307286,0.6119390066215612,0.5841526961109126,0.5246409025734231
2022_14_MIN_DET,2022,14,2022-12-11,DET,MIN,1.0,2.5,-132.0,119.0,0.5583564406352407,0.34180980974311576,0.5105152024693826,0.5012385056891742,0.48246365750484826,0.5775725430999993,0.5547708605204575,0.6074606318124985,0.5532644461031528
2022_14_NYJ_BUF,2022,14,2022-12-11,BUF,NYJ,1.0,10.0,-398.0,332.0,0.5583564406352407,0.8354111432435058,0.7918827135941123,0.7819591808255134,0.8865132099802471,0.8006954516640126,0.7754085940036801,0.8047667213639309,0.910765384193896
2022_14_PHI_NYG,2022,14,2022-12-11,NYG,PHI,0.0,-7.5,260.0,-302.0,0.5583564406352407,0.2843767716724726,0.23953096797775716,0.2662448397091063,0.2804411382095611,0.24521626177363273,0.26994359387590655,0.23280710415014502,0.23273797360861123
2022_14_KC_DEN,2022,14,2022-12-11,DEN,KC,0.0,-8.5,329.0,-394.0,0.5583564406352407,0.15004839487123675,0.1696220206567076,0.20203469492115061,0.1738680450529042,0.2195995623422132,0.22616355195810023,0.18303416370723585,0.16278464631132397
2022_14_CAR_SEA,2022,14,2022-12-11,SEA,CAR,0.0,3.5,-200.0,178.0,0.5583564406352407,0.7194255931470216,0.6381530168330265,0.634290651088397,0.7409128336789069,0.6121899670955082,0.6495327102803738,0.5660570878066771,0.6684834182512368
2022_14_TB_SF,2022,14,2022-12-11,SF,TB,1.0,3.5,-196.0,175.0,0.5583564406352407,0.6882993951521733,0.6961359858645698,0.5071749420368994,0.6589393636689572,0.6121899670955082,0.6455089820359281,0.63399990802103,0.6084983438861127
2022_14_MIA_LAC,2022,14,2022-12-11,LAC,MIA,1.0,-3.0,146.0,-163.0,0.5583564406352407,0.4420729374750848,0.4823571798392941,0.48173054966353707,0.41024022163031953,0.38282076627068323,0.3960962679598783,0.42242903526036496,0.4589058683976839
2022_14_NE_ARI,2022,14,2022-12-12,ARI,NE,0.0,-2.0,113.0,-125.0,0.5583564406352407,0.4772415854696365,0.4915315833181824,0.4888760837985075,0.4718008201216178,0.41729640741650403,0.45801526717557256,0.45087311730038804,0.4818440503265819
2022_15_SF_SEA,2022,15,2022-12-15,SEA,SF,0.0,-3.0,152.0,-169.0,0.5583564406352407,0.34465366547967574,0.33803372758463723,0.3722483220961662,0.30451056230579454,0.38282076627068323,0.3871172000921022,0.3620411509894138,0.3533046336078818
2022_15_IND_MIN,2022,15,2022-12-17,MIN,IND,1.0,3.5,-188.0,168.0,0.5583564406352407,0.7312110933361227,0.5952945633525178,0.581994534907701,0.7101850496906484,0.6121899670955082,0.6362901596282077,0.5951911187926865,0.6324919801265447
2022_15_BAL_CLE,2022,15,2022-12-17,CLE,BAL,1.0,2.5,-155.0,139.0,0.5583564406352407,0.4124220352444157,0.42153766368360673,0.551251604037654,0.4733061760361706,0.5775725430999993,0.5922935486449755,0.5400501278925478,0.4988227559065672
2022_15_MIA_BUF,2022,15,2022-12-17,BUF,MIA,1.0,7.0,-320.0,273.0,0.5583564406352407,0.7987639574717865,0.7268971517458364,0.7074638770715879,0.7652643742414549,0.7230245887662891,0.7397124442240952,0.7224553232711236,0.7914552096172085
2022_15_ATL_NO,2022,15,2022-12-18,NO,ATL,1.0,5.0,-231.0,203.0,0.5583564406352407,0.623780877293279,0.5151373992727154,0.5972717106648637,0.45384665080053277,0.6619716771638936,0.6789306742455842,0.5792663540204389,0.5571398055213643
2022_15_DAL_JAX,2022,15,2022-12-18,JAX,DAL,1.0,-4.0,168.0,-188.0,0.5583564406352407,0.22966800893299433,0.24236755690231665,0.23789738874902858,0.31399879565991096,0.3494851001720021,0.36370984037179227,0.3570420051668797,0.5025685965115527
2022_15_DET_NYJ,2022,15,2022-12-18,NYJ,DET,0.0,2.0,-132.0,120.0,0.5583564406352407,0.5635326405667224,0.4850309456231554,0.36118975489585176,0.5352835844374602,0.5599504502894493,0.555895865237366,0.5185590275184746,0.5050837705909801
2022_15_KC_HOU,2022,15,2022-12-18,HOU,KC,0.0,-14.5,572.0,-755.0,0.5583564406352407,0.10374713413247612,0.14940709965905077,0.14955671600201773,0.2415853690174771,0.10618977132522224,0.14421617245218096,0.11332531702368256,0.19064816435351226
2022_15_PHI_CHI,2022,15,2022-12-18,CHI,PHI,0.0,-8.5,323.0,-386.0,0.5583564406352407,0.20701572868802268,0.2894760960807643,0.2706341148215743,0.2842941578012342,0.2195995623422132,0.22937728315351283,0.25740225380093845,0.26027214365173884
2022_15_PIT_CAR,2022,15,2022-12-18,CAR,PIT,0.0,2.5,-145.0,130.0,0.5583564406352407,0.535007566601017,0.5746858901166825,0.5859643289922718,0.4775870590235119,0.5775725430999993,0.5764909248055315,0.6123356692394613,0.5073931845117565
2022_15_ARI_DEN,2022,15,2022-12-18,DEN,ARI,1.0,1.5,-121.0,110.0,0.5583564406352407,0.451912804496889,0.4883541239537168,0.4778368901397593,0.3161897464862967,0.5421759429661986,0.534834771627026,0.5293283245165317,0.40921863484493176
2022_15_NE_LV,2022,15,2022-12-18,LV,NE,1.0,1.0,-129.0,117.0,0.5583564406352407,0.46523552789429984,0.5493255742785004,0.5561952247926951,0.5591972400319921,0.5242934210879711,0.5500363507751557,0.5778392685998843,0.6077492827311045
2022_15_CIN_TB,2022,15,2022-12-18,TB,CIN,0.0,-3.5,150.0,-167.0,0.5583564406352407,0.4299611599629227,0.3606568334125721,0.4060157199585483,0.3393385398381466,0.36599250507954245,0.3900657414170928,0.33630665039041674,0.39178846225505715
2022_15_TEN_LAC,2022,15,2022-12-18,LAC,TEN,1.0,3.0,-158.0,142.0,0.5583564406352407,0.5107920522038897,0.5836082267704394,0.5699651629348393,0.5929526615237183,0.5949993572307286,0.5971016303329377,0.6021593065755195,0.5760956553108766
2022_15_NYG_WAS,2022,15,2022-12-18,WAS,NYG,0.0,4.5,-203.0,180.0,0.5583564406352407,0.7041447796091491,0.6902812244159348,0.670884517214927,0.6511090307515321,0.6457106933843972,0.6522836814321781,0.6239728570272982,0.6083221454032048
2022_15_LA_GB,2022,15,2022-12-19,GB,LA,1.0,8.0,-356.0,301.0,0.5583564406352407,0.6180966437258779,0.6634898463305716,0.6732969272306778,0.63979860796893,0.750863923647633,0.7579052432627578,0.7696806147325809,0.738123538603531
2022_16_JAX_NYJ,2022,16,2022-12-22,NYJ,JAX,0.0,2.5,-136.0,123.0,0.5583564406352407,0.5929845446957078,0.5629959075710587,0.5192478115242968,0.4815419068213415,0.5775725430999993,0.562379468921525,0.5780079338424645,0.5024890273424143
2022_16_ATL_BAL,2022,16,2022-12-24,BAL,ATL,1.0,6.5,-274.0,238.0,0.5583564406352407,0.7644195427824446,0.6441084741692027,0.6110777398043764,0.6691070191300306,0.7084068658683891,0.7123342460695936,0.6590394765892748,0.6448964945897045
2022_16_BUF_CHI,2022,16,2022-12-24,CHI,BUF,0.0,-8.0,304.0,-360.0,0.5583564406352407,0.1403913841762897,0.22659615305139508,0.19050395875029008,0.24952754748877093,0.23216151331822765,0.2402841621395737,0.2370110694996438,0.22865255141531196
2022_16_CIN_NE,2022,16,2022-12-24,NE,CIN,0.0,-3.0,136.0,-151.0,0.5583564406352407,0.38286077964260024,0.39896132154838565,0.39768355956259577,0.34514706404812573,0.38282076627068323,0.4132639620653319,0.3599423409255974,0.4326693532552649
2022_16_DET_CAR,2022,16,2022-12-24,CAR,DET,1.0,-2.5,117.0,-129.0,0.5583564406352407,0.48446314646340133,0.47637496359387654,0.44945574608348515,0.39930750723735126,0.3999346962891887,0.4499636492248442,0.434924636519545,0.4614102628083547
2022_16_NO_CLE,2022,16,2022-12-24,CLE,NO,0.0,3.0,-181.0,162.0,0.5583564406352407,0.630822140111473,0.580225079713515,0.6084860217076007,0.6153368652462194,0.5949993572307286,0.6279229893276131,0.584877752580336,0.5732891543406426
2022_16_NYG_MIN,2022,16,2022-12-24,MIN,NYG,1.0,4.5,-215.0,191.0,0.5583564406352407,0.7426648493504988,0.651138815712064,0.6769833804289325,0.6260175741539814,0.6457106933843972,0.6651251793972254,0.6052671015230953,0.5676203971090957
2022_16_SEA_KC,2022,16,2022-12-24,KC,SEA,1.0,10.5,-447.0,367.0,0.5583564406352407,0.823225131469472,0.740169607171549,0.7627820585040141,0.8384830392876998,0.8119150462321456,0.7923696806592547,0.7940613169889773,0.8617086990498953
2022_16_HOU_TEN,2022,16,2022-12-24,TEN,HOU,0.0,3.0,-170.0,153.0,0.5583564406352407,0.8266577801719484,0.721844007417588,0.5795452530802389,0.8714214537167587,0.5949993572307286,0.6143408084559349,0.5765094359275134,0.601777874536239
2022_16_WAS_SF,2022,16,2022-12-24,SF,WAS,1.0,6.5,-279.0,241.0,0.5583564406352407,0.815548625380131,0.7900382716832759,0.7780127422087734,0.8049100066169649,0.7084068658683891,0.7151211298942416,0.734187280783703,0.7207901114074875
2022_16_PHI_DAL,2022,16,2022-12-24,DAL,PHI,1.0,4.0,-200.0,178.0,0.5583564406352407,0.532520491023872,0.47827497045494366,0.5745106693848109,0.5779353353418553,0.6291057482435203,0.6495327102803738,0.5861587588169139,0.6113063009859993
2022_16_LV_PIT,2022,16,2022-12-24,PIT,LV,1.0,2.5,-141.0,127.0,0.5583564406352407,0.5756506681946364,0.49606175937389124,0.44008461413227756,0.5116603988822144,0.5775725430999993,0.5704635785196144,0.5753847902760555,0.5561313294141259
2022_16_GB_MIA,2022,16,2022-12-25,MIA,GB,0.0,3.5,-182.0,163.0,0.5583564406352407,0.5843900526070095,0.5427064569459289,0.5278462315256445,0.5141903407193125,0.6121899670955082,0.629269318749507,0.587313088356786,0.5194370242352438
2022_16_DEN_LA,2022,16,2022-12-25,LA,DEN,1.0,-3.0,155.0,-173.0,0.5583564406352407,0.6490688403414427,0.6015813571542133,0.5240184445479524,0.561373489160173,0.38282076627068323,0.38227263180004206,0.46516295918872985,0.4946369982335969
2022_16_TB_ARI,2022,16,2022-12-25,ARI,TB,0.0,-7.5,273.0,-320.0,0.5583564406352407,0.4090910727658903,0.4522133877568347,0.36170766858380476,0.43424360232863507,0.24521626177363273,0.26028755577590484,0.26495938857809337,0.2144837506013972
2022_16_LAC_IND,2022,16,2022-12-26,IND,LAC,0.0,-3.5,165.0,-185.0,0.5583564406352407,0.48105482553864787,0.42913605576284963,0.4113434849724032,0.36169401902251336,0.36599250507954245,0.3676233473073202,0.3536271377843439,0.37509153527551403
2022_17_DAL_TEN,2022,17,2022-12-29,TEN,DAL,0.0,-14.0,563.0,-741.0,0.5583564406352407,0.3286425536823199,0.30186757255905733,0.28400865773660966,0.34201088631059084,0.11320531791297805,0.14616351195638383,0.1357351747164806,0.30529509762981794
2022_17_ARI_ATL,2022,17,2023-01-01,ATL,ARI,1.0,7.0,-279.0,241.0,0.5583564406352407,0.5728427007682264,0.6482114017212022,0.6889499715728398,0.5692832393569937,0.7230245887662891,0.7151211298942416,0.7897802689229433,0.8076608301733615
2022_17_CAR_TB,2022,17,2023-01-01,TB,CAR,1.0,3.5,-184.0,164.0,0.5583564406352407,0.6653974569795402,0.48104748142259046,0.5712088186301979,0.5018800244658118,0.6121899670955082,0.6310538349615464,0.5084123496495685,0.45468869676324575
2022_17_CHI_DET,2022,17,2023-01-01,DET,CHI,1.0,4.5,-219.0,194.0,0.5583564406352407,0.7128231305329422,0.647764573483591,0.7015271454900733,0.607374504742105,0.6457106933843972,0.6686953451176703,0.6236533504167905,0.5629480696197768
2022_17_CLE_WAS,2022,17,2023-01-01,WAS,CLE,0.0,1.0,-117.0,106.0,0.5583564406352407,0.5367097377469242,0.5303947544665932,0.4994422304759219,0.466504361217413,0.5242934210879711,0.5262215623771888,0.5247874331853197,0.5035494230231307
2022_17_DEN_KC,2022,17,2023-01-01,KC,DEN,1.0,13.5,-711.0,544.0,0.5583564406352407,0.9174049453924027,0.8697274017974045,0.8557749418788151,0.869243255915202,0.8691693320278323,0.8495317115164828,0.8757184703097052,0.906991542130308
2022_17_IND_NYG,2022,17,2023-01-01,NYG,IND,1.0,5.5,-229.0,202.0,0.5583564406352407,0.6029955940691182,0.6441544300898093,0.613520279837257,0.5031179659726331,0.6778586666288668,0.6776342863861725,0.7208403488630968,0.5984609547427644
2022_17_JAX_HOU,2022,17,2023-01-01,HOU,JAX,0.0,-3.5,167.0,-187.0,0.5583564406352407,0.3539058796599316,0.3169599814893432,0.33642879618779126,0.3065555935819203,0.36599250507954245,0.3650052779508833,0.3480674658974426,0.37546030116102785
2022_17_MIA_NE,2022,17,2023-01-01,NE,MIA,1.0,3.0,-160.0,144.0,0.5583564406352407,0.5939508644460912,0.5336184091769615,0.5563619310216646,0.5280349688459864,0.5949993572307286,0.6002460024600246,0.5764931988931447,0.47178465133811587
2022_17_NO_PHI,2022,17,2023-01-01,PHI,NO,0.0,5.5,-225.0,198.0,0.5583564406352407,0.7468271669951045,0.7326031471848162,0.6746522578205341,0.758161860635567,0.6778586666288668,0.6735308890005023,0.6649152783552343,0.7132388105261286
2022_17_NYJ_SEA,2022,17,2023-01-01,SEA,NYJ,1.0,-1.0,102.0,-113.0,0.5583564406352407,0.6600155118535344,0.6292745684488684,0.5314234168266038,0.5718489697713539,0.452599977391832,0.4827086071703758,0.4872975456018037,0.4774250103465118
2022_17_SF_LV,2022,17,2023-01-01,LV,SF,0.0,-10.0,371.0,-453.0,0.5583564406352407,0.28506821015312944,0.34139002245195466,0.23101626874749867,0.35599352575659104,0.18488917221465576,0.20583407465858716,0.21890246231595084,0.2238410038744463
2022_17_LA_LAC,2022,17,2023-01-01,LAC,LA,1.0,6.5,-283.0,244.0,0.5583564406352407,0.6535377641523649,0.585845118954164,0.5849799616186375,0.5961452928191997,0.7084068658683891,0.7176598944357621,0.6705383409616724,0.6950445516185024
2022_17_MIN_GB,2022,17,2023-01-01,GB,MIN,1.0,3.0,-173.0,155.0,0.5583564406352407,0.501051543138967,0.5695568025821975,0.5841090893647424,0.4588738207054363,0.5949993572307286,0.617727368199958,0.6321227402204617,0.52683739070333
2022_17_PIT_BAL,2022,17,2023-01-01,BAL,PIT,0.0,1.0,-121.0,110.0,0.5583564406352407,0.6522838114495466,0.579726153670794,0.5452217360062882,0.5768379439011603,0.5242934210879711,0.534834771627026,0.4980496321749282,0.49639846294663026
2022_18_KC_LV,2022,18,2023-01-07,LV,KC,0.0,-9.0,338.0,-407.0,0.5583564406352407,0.24152716180887654,0.3076546338476249,0.23158200840067872,0.2159164455343214,0.20753360772690943,0.22143025602054453,0.22748034767574202,0.22284725557813154
2022_18_TEN_JAX,2022,18,2023-01-07,JAX,TEN,1.0,6.0,-260.0,227.0,0.5583564406352407,0.6190998153897244,0.6190372311234275,0.6667683024115857,0.5918518187629663,0.6933448759870624,0.7025285076846802,0.6612610702347036,0.5829445840931899
2022_18_BAL_CIN,2022,18,2023-01-08,CIN,BAL,1.0,11.0,-603.0,474.0,0.5583564406352407,0.717830396158077,0.6534577843893195,0.6900507638923791,0.7239595955660422,0.8226429482395644,0.8311808694065155,0.7979982254909445,0.7564203138684367
2022_18_CAR_NO,2022,18,2023-01-08,NO,CAR,0.0,3.5,-179.0,160.0,0.5583564406352407,0.6872308973520163,0.5697476022379481,0.6177176876419983,0.5673318830005564,0.6121899670955082,0.6252015045674368,0.5692293451108941,0.5814185441375697
2022_18_CLE_PIT,2022,18,2023-01-08,PIT,CLE,1.0,2.5,-142.0,128.0,0.5583564406352407,0.5920666009599603,0.517986126045322,0.43496189437393423,0.5480535782437108,0.5775725430999993,0.5722567873303167,0.5675569443010596,0.5628336919193107
2022_18_HOU_IND,2022,18,2023-01-08,IND,HOU,0.0,3.0,-142.0,128.0,0.5583564406352407,0.6815329694221911,0.5999086660297074,0.5270127683083072,0.6689825903628958,0.5949993572307286,0.5722567873303167,0.5720333360810923,0.5684108939818475
2022_18_MIN_CHI,2022,18,2023-01-08,CHI,MIN,0.0,-6.5,227.0,-260.0,0.5583564406352407,0.2768028889111308,0.36356393436588336,0.2352972526848985,0.2906661556842317,0.2727767061990857,0.2974714923153198,0.30147931500998554,0.24522860540206734
2022_18_NE_BUF,2022,18,2023-01-08,BUF,NE,1.0,8.0,-373.0,314.0,0.5583564406352407,0.8117653373486978,0.7509661810736648,0.7388298651080218,0.8635151079433354,0.750863923647633,0.7655188824223437,0.7402370666548169,0.8374750251844884
2022_18_NYJ_MIA,2022,18,2023-01-08,MIA,NYJ,1.0,3.5,-200.0,178.0,0.5583564406352407,0.6859551823596067,0.6598444145694237,0.49031305294468885,0.7010671495058788,0.6121899670955082,0.6495327102803738,0.613183386561687,0.6569002955891449
2022_18_TB_ATL,2022,18,2023-01-08,ATL,TB,1.0,6.0,-235.0,207.0,0.5583564406352407,0.37396099798481847,0.49511270097188753,0.6925960487336029,0.47764180524297833,0.6933448759870624,0.6829002792370676,0.7583838176226514,0.7709207176520461
2022_18_ARI_SF,2022,18,2023-01-08,SF,ARI,1.0,14.0,-1061.0,753.0,0.5583564406352407,0.8870624557460869,0.8296108453221126,0.8377646904788484,0.8960884986043868,0.8771258090479709,0.886302763694837,0.8735894460801064,0.9251208007299216
2022_18_DAL_WAS,2022,18,2023-01-08,WAS,DAL,1.0,-7.5,274.0,-320.0,0.5583564406352407,0.26078888772292036,0.24011572479860116,0.21902953019078947,0.25663442980233736,0.24521626177363273,0.25977238990598717,0.24008079345160366,0.2429016643752632
2022_18_LAC_DEN,2022,18,2023-01-08,DEN,LAC,1.0,6.0,-254.0,222.0,0.5583564406352407,0.30376018506205926,0.27815387758018234,0.3116158817280425,0.3138770153141616,0.6933448759870624,0.6979212888691675,0.6309179592393,0.5761386925364631
2022_18_LA_SEA,2022,18,2023-01-08,SEA,LA,1.0,5.5,-224.0,198.0,0.5583564406352407,0.6577362332663471,0.5714867917809946,0.5423954453289466,0.6325780400691763,0.6778586666288668,0.6732289817653704,0.6135004623933827,0.6337262970327336
2022_18_NYG_PHI,2022,18,2023-01-08,PHI,NYG,1.0,16.5,-1252.0,858.0,0.5583564406352407,0.7472190115516123,0.6660292356959342,0.7199037308757499,0.6646694631192892,0.9109075006840556,0.8986974530501657,0.8773687784173294,0.8634638482556156
2022_18_DET_GB,2022,18,2023-01-08,GB,DET,0.0,5.5,-273.0,237.0,0.5583564406352407,0.6822065022259475,0.5783971964472367,0.6020304209802769,0.6173688743802808,0.6778586666288668,0.7115258195992297,0.6714601260232143,0.6215118775552105
2023_01_DET_KC,2023,1,2023-09-07,KC,DET,0.0,4.0,-198.0,164.0,0.5585457979225684,0.8032116682319747,0.7364347675780502,0.7568539331704057,0.7520367671064062,0.6306004104772008,0.6369041816941223,0.6585965720616268,0.6810401101656907
2023_01_ARI_WAS,2023,1,2023-09-10,WAS,ARI,1.0,7.0,-340.0,270.0,0.5585457979225684,0.6693289753759064,0.6840418030623961,0.674058293711192,0.5967301634422207,0.7246055657964469,0.740871613663133,0.746380481900734,0.7348063186083307
2023_01_CAR_ATL,2023,1,2023-09-10,ATL,CAR,1.0,3.5,-192.0,160.0,0.5585457979225684,0.5395735383940542,0.5625831735563098,0.5595604556195998,0.5849559419802656,0.6136517692336045,0.6309403437815976,0.6385409405134884,0.708986056113055
2023_01_CIN_CLE,2023,1,2023-09-10,CLE,CIN,1.0,-1.0,-108.0,-112.0,0.5585457979225684,0.33218913551728013,0.3325947610314521,0.3612389028071895,0.3532774889171376,0.4535701579233328,0.4956702459300312,0.4063309593211987,0.4578939229964041
2023_01_HOU_BAL,2023,1,2023-09-10,BAL,HOU,1.0,9.5,-500.0,380.0,0.5585457979225684,0.7783190061658783,0.7712443076457113,0.7904967676196367,0.7752531882025091,0.7905009717501624,0.7999999999999999,0.810740321294223,0.8613677625905205
2023_01_JAX_IND,2023,1,2023-09-10,IND,JAX,0.0,-4.0,170.0,-205.0,0.5585457979225684,0.4232901338500651,0.30820476004948816,0.3714832664405288,0.3541343389821998,0.3500349458850762,0.35527082119976705,0.2973685123545131,0.37770735526037186
2023_01_SF_PIT,2023,1,2023-09-10,PIT,SF,0.0,-1.5,100.0,-120.0,0.5585457979225684,0.4211209955256328,0.39869165006475543,0.35799124980454755,0.36969891737294047,0.43576667738019115,0.4782608695652174,0.4536117692015298,0.4394822926595809
2023_01_TB_MIN,2023,1,2023-09-10,MIN,TB,0.0,4.0,-205.0,170.0,0.5585457979225684,0.6159925442448211,0.6287470215978394,0.702295190787745,0.7115295570295788,0.6306004104772008,0.644729178800233,0.6612092160783157,0.7772092072285857
2023_01_TEN_NO,2023,1,2023-09-10,NO,TEN,1.0,3.0,-148.0,124.0,0.5585457979225684,0.6397595467513874,0.6369219546191859,0.5868455937171148,0.6160967724118308,0.5964231717909237,0.5720596355604638,0.6058382528442289,0.5535336421548536
2023_01_GB_CHI,2023,1,2023-09-10,CHI,GB,0.0,1.0,-118.0,-102.0,0.5585457979225684,0.33482518546075674,0.26987344313682365,0.35522122445582577,0.34809470545059795,0.5255187578684795,0.5173641257162701,0.4866202877832391,0.49951270286644056
2023_01_LA_SEA,2023,1,2023-09-10,SEA,LA,0.0,4.5,-218.0,180.0,0.5585457979225684,0.6435987089430143,0.5793763808928156,0.46481977312034795,0.7596235512649818,0.6472329568062863,0.6574752261956054,0.6067783198398692,0.7886311978644888
2023_01_LV_DEN,2023,1,2023-09-10,DEN,LV,0.0,3.0,-162.0,136.0,0.5585457979225684,0.4680947653454629,0.40397678053712005,0.267454958375172,0.4631511355382764,0.5964231717909237,0.593369754159424,0.5161999515418878,0.5607003047826635
2023_01_MIA_LAC,2023,1,2023-09-10,LAC,MIA,0.0,3.0,-162.0,136.0,0.5585457979225684,0.5906206957608461,0.6047517064448248,0.48694973697697247,0.6872771840034638,0.5964231717909237,0.593369754159424,0.6096748642210524,0.6965830211241422
2023_01_PHI_NE,2023,1,2023-09-10,NE,PHI,0.0,-3.5,154.0,-185.0,0.5585457979225684,0.42208793142787376,0.32462166672812043,0.3451482121161436,0.44883440942571423,0.36661164173124566,0.3775334481388264,0.3465061213542065,0.5127944316325197
2023_01_DAL_NYG,2023,1,2023-09-10,NYG,DAL,0.0,-3.5,142.0,-170.0,0.5585457979225684,0.39509916084266944,0.3814064563953219,0.34361754866123834,0.5150293568425846,0.36661164173124566,0.3962430290578221,0.4040271951754895,0.5203432725272208
2023_01_BUF_NYJ,2023,1,2023-09-11,NYJ,BUF,1.0,-2.5,114.0,-135.0,0.5585457979225684,0.2539064406171943,0.2296614235576419,0.3547079249747789,0.2668585580241575,0.4006948387227804,0.448558885283451,0.36146355806776487,0.5871804968483444
2023_02_MIN_PHI,2023,2,2023-09-14,PHI,MIN,1.0,6.0,-238.0,195.0,0.5585457979225684,0.7289865759191345,0.765370803512988,0.7462707904270304,0.7947136961244969,0.6949179878521947,0.6750312469954812,0.7443940492434575,0.7342636587300079
2023_02_BAL_CIN,2023,2,2023-09-17,CIN,BAL,0.0,3.5,-175.0,145.0,0.5585457979225684,0.6828108405504862,0.6081330723219223,0.6130420278628066,0.786395981542021,0.6136517692336045,0.6092362344582594,0.6111399064479325,0.8161417609132465
2023_02_CHI_TB,2023,2,2023-09-17,TB,CHI,1.0,2.5,-135.0,114.0,0.5585457979225684,0.7692140795963401,0.6894328297253046,0.7292734681994201,0.7282616027506262,0.5789534356302181,0.551441114716549,0.5441599358819922,0.5811515933281857
2023_02_GB_ATL,2023,2,2023-09-17,ATL,GB,1.0,3.0,-148.0,124.0,0.5585457979225684,0.46768138638099416,0.46866982715940786,0.4778508316860448,0.45356083096034044,0.5964231717909237,0.5720596355604638,0.6216226862602019,0.6542294323424409
2023_02_IND_HOU,2023,2,2023-09-17,HOU,IND,0.0,-1.0,-110.0,-110.0,0.5585457979225684,0.5119988828007827,0.4852935816155197,0.4891314202522142,0.43252522144227024,0.4535701579233328,0.5,0.445302796660145,0.43019229154601035
2023_02_KC_JAX,2023,2,2023-09-17,JAX,KC,0.0,-3.5,142.0,-170.0,0.5585457979225684,0.3412501894209306,0.36726872447641784,0.33419450142924484,0.32111022779921866,0.36661164173124566,0.3962430290578221,0.3496596842259541,0.3528734629982224
2023_02_LAC_TEN,2023,2,2023-09-17,TEN,LAC,1.0,-2.5,120.0,-142.0,0.5585457979225684,0.5057147433669986,0.4245485753044497,0.46319013329695646,0.4203035357536151,0.4006948387227804,0.43650793650793646,0.4095759762493865,0.4226959965524261
2023_02_LV_BUF,2023,2,2023-09-17,BUF,LV,1.0,7.5,-355.0,280.0,0.5585457979225684,0.747888531988253,0.6863050943996831,0.6385931026289989,0.6950466108320735,0.7387589276777471,0.7477827050997783,0.7109299319525776,0.853414031140637
2023_02_SEA_DET,2023,2,2023-09-17,DET,SEA,0.0,4.5,-218.0,180.0,0.5585457979225684,0.6391824033819009,0.6799248341627517,0.6976473018038195,0.7147449658321582,0.6472329568062863,0.6574752261956054,0.6636756956683088,0.6827468096401268
2023_02_NYG_ARI,2023,2,2023-09-17,ARI,NYG,0.0,-5.0,185.0,-225.0,0.5585457979225684,0.5108985894496838,0.4804639565289429,0.4728597123222588,0.5438299597366195,0.31797458067160417,0.33635187580853815,0.2791861096831733,0.37939967511680306
2023_02_SF_LA,2023,2,2023-09-17,LA,SF,0.0,-7.5,270.0,-340.0,0.5585457979225684,0.31534712490789585,0.3204082990005017,0.3530225052073524,0.3197248078354836,0.24534039384446432,0.2591283863368669,0.25841120637653175,0.2135294323355856
2023_02_NYJ_DAL,2023,2,2023-09-17,DAL,NYJ,1.0,8.5,-380.0,300.0,0.5585457979225684,0.7810303451842477,0.8168305247316648,0.9039979753386478,0.8482005890259334,0.7656192231947645,0.7600000000000001,0.7981114363544788,0.8650088396128596
2023_02_WAS_DEN,2023,2,2023-09-17,DEN,WAS,0.0,4.0,-198.0,164.0,0.5585457979225684,0.42494015808871055,0.4669184380306707,0.531130164220072,0.5163992643729914,0.6306004104772008,0.6369041816941223,0.6438179700439877,0.6854914611820755
2023_02_MIA_NE,2023,2,2023-09-17,NE,MIA,0.0,-2.0,110.0,-130.0,0.5585457979225684,0.5501008787673483,0.4979219270216288,0.4724356007832214,0.5292026541882028,0.4181272808512577,0.4572564612326044,0.41159122892063366,0.47341984855158503
2023_02_NO_CAR,2023,2,2023-09-18,CAR,NO,0.0,-3.0,145.0,-175.0,0.5585457979225684,0.47484509966614596,0.501511273231908,0.4372992922664538,0.549536318064412,0.38351016142713257,0.39076376554174075,0.4277021809851476,0.4337540980942404
2023_02_CLE_PIT,2023,2,2023-09-18,PIT,CLE,1.0,-2.5,124.0,-148.0,0.5585457979225684,0.5329421105107158,0.47626718936866735,0.4100733611103708,0.5453250878125135,0.4006948387227804,0.42794036443953615,0.4156050067166193,0.48574866447172654
2023_03_NYG_SF,2023,3,2023-09-21,SF,NYG,1.0,10.5,-535.0,400.0,0.5585457979225684,0.8275714499601341,0.7965434599282456,0.8166117281677063,0.7469627851080659,0.8133851190780849,0.8081570996978852,0.7985467057940255,0.872844816979111
2023_03_ATL_DET,2023,3,2023-09-24,DET,ATL,1.0,3.0,-166.0,140.0,0.5585457979225684,0.571921856791363,0.5602038838819856,0.5831636647594293,0.7474050053151121,0.5964231717909237,0.5996387718242023,0.5638008332058209,0.7233243899094098
2023_03_BUF_WAS,2023,3,2023-09-24,WAS,BUF,0.0,-5.5,200.0,-245.0,0.5585457979225684,0.3842590815753773,0.35985979091022124,0.3337312620782438,0.3505772153261017,0.3025465918997416,0.3194444444444444,0.305406739458585,0.22663240037025317
2023_03_DEN_MIA,2023,3,2023-09-24,MIA,DEN,1.0,6.0,-250.0,205.0,0.5585457979225684,0.7522131061513462,0.6902300567344973,0.7001262628963267,0.7624783538786722,0.6949179878521947,0.6853932584269663,0.6988561890097305,0.7377250594414085
2023_03_HOU_JAX,2023,3,2023-09-24,JAX,HOU,0.0,7.5,-380.0,300.0,0.5585457979225684,0.7995236508988381,0.7772919122084024,0.7571609473256212,0.737241834154208,0.7387589276777471,0.7600000000000001,0.7558688336929225,0.7438483341362558
2023_03_IND_BAL,2023,3,2023-09-24,BAL,IND,0.0,7.5,-380.0,300.0,0.5585457979225684,0.755493848872941,0.7457033564588924,0.698930892705039,0.7462213953139955,0.7387589276777471,0.7600000000000001,0.7756081258473764,0.7956245554941338
2023_03_LAC_MIN,2023,3,2023-09-24,MIN,LAC,0.0,1.0,-110.0,-110.0,0.5585457979225684,0.5828328166448474,0.5442666765818985,0.5509063166533417,0.4685804133065706,0.5255187578684795,0.5,0.5452299723790605,0.5068020466074334
2023_03_NE_NYJ,2023,3,2023-09-24,NYJ,NE,0.0,-2.5,120.0,-142.0,0.5585457979225684,0.5170261975086962,0.4170123879030225,0.3811000329186648,0.49604104239419006,0.4006948387227804,0.43650793650793646,0.3768221297766583,0.5771222511213426
2023_03_NO_GB,2023,3,2023-09-24,GB,NO,1.0,-1.5,105.0,-125.0,0.5585457979225684,0.5873005140304558,0.6831398843332239,0.6429051510210375,0.722956787305712,0.43576667738019115,0.4675324675324675,0.5536217549464357,0.5860103713826544
2023_03_TEN_CLE,2023,3,2023-09-24,CLE,TEN,1.0,3.5,-185.0,154.0,0.5585457979225684,0.6456421453236696,0.6307479533934764,0.6278785482402436,0.5999501235010469,0.6136517692336045,0.6224665518611737,0.5963288184783181,0.5775065337644454
2023_03_CAR_SEA,2023,3,2023-09-24,SEA,CAR,1.0,5.0,-225.0,185.0,0.5585457979225684,0.6406294213298473,0.6150907038094687,0.5334591979833824,0.7593527870563461,0.6635162129380947,0.6636481241914618,0.6623506640149718,0.8108547670031431
2023_03_CHI_KC,2023,3,2023-09-24,KC,CHI,1.0,13.0,-750.0,525.0,0.5585457979225684,0.91537590307619,0.8765933734672104,0.9106502119547596,0.9123184210130627,0.8620809631178195,0.8465011286681716,0.8575668846067088,0.9412670325715214
2023_03_DAL_ARI,2023,3,2023-09-24,ARI,DAL,1.0,-11.5,470.0,-650.0,0.5585457979225684,0.24286115519191487,0.2351822858012125,0.2061142442739812,0.36778699806520837,0.15440523405154985,0.16835016835016833,0.1628374678894618,0.31772014475018545
2023_03_PIT_LV,2023,3,2023-09-24,LV,PIT,0.0,3.0,-148.0,124.0,0.5585457979225684,0.4760948732685956,0.562406291818473,0.659482430397302,0.6670137126425033,0.5964231717909237,0.5720596355604638,0.6549850263352233,0.7690216737447402
2023_03_PHI_TB,2023,3,2023-09-25,TB,PHI,0.0,-6.0,210.0,-258.0,0.5585457979225684,0.3948399225175853,0.2877494045381237,0.29704195461079,0.36524864369967214,0.2875515592584611,0.30920711694593195,0.245472921317028,0.2413877749703087
2023_03_LA_CIN,2023,3,2023-09-25,CIN,LA,1.0,3.0,-162.0,136.0,0.5585457979225684,0.7318085275586398,0.6595758181414574,0.6425243543678699,0.7404192011321774,0.5964231717909237,0.593369754159424,0.6169207854651851,0.7088127656636803
2023_04_DET_GB,2023,4,2023-09-28,GB,DET,0.0,-2.5,120.0,-142.0,0.5585457979225684,0.6187895384761136,0.5813743027966626,0.5541901761205322,0.6354275545335989,0.4006948387227804,0.43650793650793646,0.4423434436966232,0.5535811101646985
2023_04_ATL_JAX,2023,4,2023-10-01,JAX,ATL,1.0,3.5,-185.0,154.0,0.5585457979225684,0.48727605722434747,0.4186463434952949,0.4519043123239595,0.5942486895388478,0.6136517692336045,0.6224665518611737,0.5357958406591751,0.6472127271464373
2023_04_BAL_CLE,2023,4,2023-10-01,CLE,BAL,0.0,-2.0,114.0,-135.0,0.5585457979225684,0.5869213821400073,0.5596549385192048,0.4643145971568408,0.5521479970694395,0.4181272808512577,0.448558885283451,0.38090122180924924,0.40638493320492
2023_04_CIN_TEN,2023,4,2023-10-01,TEN,CIN,1.0,-2.5,136.0,-162.0,0.5585457979225684,0.34218468781242617,0.3555009080251288,0.3802654750706195,0.37278912419080584,0.4006948387227804,0.4066302458405761,0.39184065107795674,0.46965036557988427
2023_04_DEN_CHI,2023,4,2023-10-01,CHI,DEN,0.0,-3.0,136.0,-162.0,0.5585457979225684,0.5113983289551709,0.4929468320030528,0.42538548434589213,0.4350815194271196,0.38351016142713257,0.4066302458405761,0.43937042524189796,0.4542699351932181
2023_04_LA_IND,2023,4,2023-10-01,IND,LA,0.0,-1.0,-105.0,-115.0,0.5585457979225684,0.5163996222502181,0.4443346403149783,0.38216941134814714,0.5218189392546472,0.4535701579233328,0.4891657638136511,0.4233141726114265,0.47730792723598897
2023_04_MIA_BUF,2023,4,2023-10-01,BUF,MIA,1.0,2.5,-142.0,120.0,0.5585457979225684,0.7155166417833084,0.6245951432620103,0.6108885656469116,0.6509108145816707,0.5789534356302181,0.5634920634920635,0.5643569400148798,0.5876441180107095
2023_04_MIN_CAR,2023,4,2023-10-01,CAR,MIN,0.0,-4.5,185.0,-225.0,0.5585457979225684,0.490090459647344,0.5175986995110121,0.41875041217091347,0.40614376240117234,0.3338127580449492,0.33635187580853815,0.3938297958863034,0.30311865978597097
2023_04_PIT_HOU,2023,4,2023-10-01,HOU,PIT,1.0,-3.0,136.0,-162.0,0.5585457979225684,0.3263174424902289,0.42240934000900293,0.4890890620014849,0.37934122113110774,0.38351016142713257,0.4066302458405761,0.399929659863685,0.4300981619468953
2023_04_TB_NO,2023,4,2023-10-01,NO,TB,0.0,4.0,-205.0,170.0,0.5585457979225684,0.6073686101504449,0.5947070419305756,0.6317823579983737,0.48616025344232394,0.6306004104772008,0.644729178800233,0.616841917969627,0.584810092200601
2023_04_WAS_PHI,2023,4,2023-10-01,PHI,WAS,1.0,9.5,-455.0,350.0,0.5585457979225684,0.7866851748156852,0.7986998124511093,0.8170760879802685,0.9238558593269869,0.7905009717501624,0.7867435158501441,0.808326688600345,0.9234872324680916
2023_04_LV_LAC,2023,4,2023-10-01,LAC,LV,1.0,7.0,-310.0,250.0,0.5585457979225684,0.6461343362817092,0.6029179254013302,0.7055202524081502,0.6479303201288249,0.7246055657964469,0.725752508361204,0.6582153461371407,0.808767359015919
2023_04_ARI_SF,2023,4,2023-10-01,SF,ARI,1.0,15.0,-1100.0,700.0,0.5585457979225684,0.854611636559389,0.8398015250374805,0.8602364008223007,0.8637121401034431,0.8929373389135529,0.8800000000000001,0.8960498540247808,0.9328618043693524
2023_04_NE_DAL,2023,4,2023-10-01,DAL,NE,1.0,6.5,-285.0,230.0,0.5585457979225684,0.7005941102561547,0.7087053572174461,0.7267214451755072,0.7951435122453752,0.7099864301842516,0.7095435684647302,0.7150070723312288,0.8207642287167457
2023_04_KC_NYJ,2023,4,2023-10-01,NYJ,KC,0.0,-9.5,370.0,-485.0,0.5585457979225684,0.20170829383551778,0.18683168485261478,0.15000223180066513,0.2594876097752475,0.19591250250987158,0.2042241228835748,0.19213376906352933,0.24508812339870556
2023_04_SEA_NYG,2023,4,2023-10-02,NYG,SEA,0.0,-2.5,120.0,-142.0,0.5585457979225684,0.4861373679748236,0.47884470586635797,0.4888600117339225,0.37614149059877205,0.4006948387227804,0.43650793650793646,0.46210661925965385,0.4598384058708479
2023_05_CHI_WAS,2023,5,2023-10-05,WAS,CHI,0.0,6.0,-258.0,210.0,0.5585457979225684,0.7673441248144053,0.7036462076342387,0.7170522631706999,0.7025164831523903,0.6949179878521947,0.690792883054068,0.6654924366499211,0.6629684188176579
2023_05_JAX_BUF,2023,5,2023-10-08,BUF,JAX,0.0,5.5,-250.0,205.0,0.5585457979225684,0.7561232149957906,0.7093539741360881,0.7152505503014077,0.8519663628079086,0.6794201360443706,0.6853932584269663,0.6446855910743566,0.7818030466262079
2023_05_BAL_PIT,2023,5,2023-10-08,PIT,BAL,1.0,-4.5,190.0,-230.0,0.5585457979225684,0.46481942619340455,0.37702418221443457,0.3434698807783202,0.4875909518054674,0.3338127580449492,0.33099297893681046,0.3297861907526371,0.3652650331628722
2023_05_CAR_DET,2023,5,2023-10-08,DET,CAR,1.0,9.5,-455.0,350.0,0.5585457979225684,0.7545840894131122,0.7559001611694487,0.7948671005431958,0.8805333810543833,0.7905009717501624,0.7867435158501441,0.7960135533977006,0.9072382945437025
2023_05_HOU_ATL,2023,5,2023-10-08,ATL,HOU,1.0,2.5,-142.0,120.0,0.5585457979225684,0.5920086051481697,0.6152640198310598,0.5523802508745254,0.6122190299048434,0.5789534356302181,0.5634920634920635,0.6328910086955231,0.6543225962895773
2023_05_NO_NE,2023,5,2023-10-08,NE,NO,0.0,2.5,-135.0,114.0,0.5585457979225684,0.5471060465946006,0.5248031373491511,0.49768204882270295,0.6436270750187976,0.5789534356302181,0.551441114716549,0.587120028962323,0.6777098719202381
2023_05_NYG_MIA,2023,5,2023-10-08,MIA,NYG,1.0,12.5,-750.0,525.0,0.5585457979225684,0.7179043374390564,0.7627179023984266,0.7800156237841067,0.789313707842783,0.8532819640945996,0.8465011286681716,0.8402169403995838,0.8637913899754699
2023_05_TEN_IND,2023,5,2023-10-08,IND,TEN,1.0,-2.5,120.0,-142.0,0.5585457979225684,0.4539662236331252,0.4366746662186891,0.418800965630116,0.6398909893903912,0.4006948387227804,0.43650793650793646,0.37015510532573986,0.570385200851133
2023_05_CIN_ARI,2023,5,2023-10-08,ARI,CIN,0.0,-3.0,142.0,-170.0,0.5585457979225684,0.3712414249564809,0.42878451576770055,0.38515113356722863,0.42118611961914504,0.38351016142713257,0.3962430290578221,0.3877020186866921,0.40876979313268336
2023_05_PHI_LA,2023,5,2023-10-08,LA,PHI,0.0,-3.5,160.0,-192.0,0.5585457979225684,0.3231046152672537,0.31962623970658216,0.3737712619374151,0.3396318640336723,0.36661164173124566,0.3690596562184025,0.3551177875032098,0.42706317754711165
2023_05_KC_MIN,2023,5,2023-10-08,MIN,KC,0.0,-3.5,150.0,-180.0,0.5585457979225684,0.27851411205208754,0.29316488139261215,0.2771276580553955,0.3058903274499885,0.36661164173124566,0.3835616438356164,0.3464777290384844,0.39829898474941555
2023_05_NYJ_DEN,2023,5,2023-10-08,DEN,NYJ,0.0,2.5,-135.0,114.0,0.5585457979225684,0.5270451689236553,0.5675241492497183,0.608291671281427,0.6169178217515704,0.5789534356302181,0.551441114716549,0.5972957393958023,0.648939174591258
2023_05_DAL_SF,2023,5,2023-10-08,SF,DAL,1.0,3.5,-180.0,150.0,0.5585457979225684,0.6851161635217078,0.6615104596895627,0.6630064587185944,0.6509615288343356,0.6136517692336045,0.6164383561643836,0.6767471738606123,0.7139603953754973
2023_05_GB_LV,2023,5,2023-10-09,LV,GB,1.0,1.0,-118.0,-102.0,0.5585457979225684,0.45490617075541556,0.40333737498018535,0.5978151012139967,0.39850129106705734,0.5255187578684795,0.5173641257162701,0.4997005598645708,0.5770547104793665
2023_06_DEN_KC,2023,6,2023-10-12,KC,DEN,1.0,10.5,-650.0,470.0,0.5585457979225684,0.9139734118425757,0.8688024827081975,0.8794519093246617,0.8853310823786481,0.8133851190780849,0.8316498316498315,0.8271275441819297,0.9107316284176914
2023_06_BAL_TEN,2023,6,2023-10-15,TEN,BAL,0.0,-5.5,205.0,-250.0,0.5585457979225684,0.38415956975755144,0.34210650685504623,0.3776471466261718,0.3581382902575421,0.3025465918997416,0.31460674157303364,0.29762073518271914,0.23195620370625109
2023_06_CAR_MIA,2023,6,2023-10-15,MIA,CAR,1.0,14.0,-1100.0,700.0,0.5585457979225684,0.7694982850950375,0.7579295367021812,0.7900554511034666,0.7661990257206276,0.878349483871881,0.8800000000000001,0.8630419908891354,0.8520622332610177
2023_06_IND_JAX,2023,6,2023-10-15,JAX,IND,1.0,4.0,-205.0,170.0,0.5585457979225684,0.6762962115330465,0.6515843837919691,0.614680726748752,0.6245541692415247,0.6306004104772008,0.644729178800233,0.6316913331649358,0.6967608215554363
2023_06_MIN_CHI,2023,6,2023-10-15,CHI,MIN,0.0,-3.0,140.0,-166.0,0.5585457979225684,0.39910961308960086,0.4266833000668241,0.35984286917516783,0.3957418614550517,0.38351016142713257,0.4003612281757977,0.4204741475590689,0.4206148161758797
2023_06_NO_HOU,2023,6,2023-10-15,HOU,NO,1.0,-2.0,110.0,-130.0,0.5585457979225684,0.4018947967329266,0.45547823949005994,0.4588304519354601,0.3863544270753698,0.4181272808512577,0.4572564612326044,0.45380000404323256,0.3874655390523471
2023_06_SEA_CIN,2023,6,2023-10-15,CIN,SEA,1.0,3.0,-155.0,130.0,0.5585457979225684,0.6327231240493826,0.5229179536367218,0.5745025076058431,0.4605759720041942,0.5964231717909237,0.5829926410466066,0.5973708148001595,0.5168072791904097
2023_06_SF_CLE,2023,6,2023-10-15,CLE,SF,1.0,-9.5,360.0,-470.0,0.5585457979225684,0.2793458549613442,0.2813799169719286,0.2231367220035105,0.28551541974935013,0.19591250250987158,0.20863836017569545,0.18467582665042143,0.22636917175107923
2023_06_WAS_ATL,2023,6,2023-10-15,ATL,WAS,0.0,1.5,-125.0,105.0,0.5585457979225684,0.5966875480412964,0.6010179575631327,0.6204898943321707,0.6263575138107551,0.5434572589878612,0.5324675324675325,0.583816658564938,0.5239898848461177
2023_06_NE_LV,2023,6,2023-10-15,LV,NE,1.0,3.0,-148.0,124.0,0.5585457979225684,0.5952173995280821,0.6489800174539256,0.6871485631008625,0.7535978840423015,0.5964231717909237,0.5720596355604638,0.6422368256354126,0.7017731047948395
2023_06_ARI_LA,2023,6,2023-10-15,LA,ARI,1.0,7.0,-340.0,270.0,0.5585457979225684,0.6628934734731231,0.6451124639319964,0.7002039119715329,0.6137986477774389,0.7246055657964469,0.740871613663133,0.7196610806014483,0.7572156642414077
2023_06_DET_TB,2023,6,2023-10-15,TB,DET,0.0,-3.0,136.0,-162.0,0.5585457979225684,0.5290122536155312,0.45056866586506067,0.4426643927151103,0.3932023621669371,0.38351016142713257,0.4066302458405761,0.38184670306612517,0.3904901086750644
2023_06_PHI_NYJ,2023,6,2023-10-15,NYJ,PHI,1.0,-6.5,245.0,-305.0,0.5585457979225684,0.24920784485435207,0.21510431368726804,0.2056492465187914,0.30454164065824657,0.27300880765303087,0.27792074112197634,0.244459084359291,0.2620088558478267
2023_06_NYG_BUF,2023,6,2023-10-15,BUF,NYG,1.0,15.5,-1200.0,750.0,0.5585457979225684,0.8453114395908281,0.8617864870675933,0.8514278285214505,0.857368490255107,0.8996378427363592,0.8869565217391304,0.8931048180056376,0.9399738123293034
2023_06_DAL_LAC,2023,6,2023-10-16,LAC,DAL,0.0,-1.5,110.0,-130.0,0.5585457979225684,0.46440940355601307,0.5228162395766621,0.49494710486735294,0.5504588029128815,0.43576667738019115,0.4572564612326044,0.4602492645320644,0.489505890424783
2023_07_JAX_NO,2023,7,2023-10-19,NO,JAX,0.0,2.5,-148.0,124.0,0.5585457979225684,0.5245469710770134,0.4878480275924436,0.5325558747642152,0.4219174806517743,0.5789534356302181,0.5720596355604638,0.5454406232005915,0.49777023572384554
2023_07_ATL_TB,2023,7,2023-10-22,TB,ATL,0.0,3.0,-148.0,124.0,0.5585457979225684,0.6845203443160889,0.5300055923952749,0.5500076058503373,0.6844978858479251,0.5964231717909237,0.5720596355604638,0.5548082931108959,0.6493584401085895
2023_07_BUF_NE,2023,7,2023-10-22,NE,BUF,1.0,-7.5,310.0,-395.0,0.5585457979225684,0.25274757065035935,0.20218579277354468,0.2205739740324191,0.28062404268515684,0.24534039384446432,0.23409789548356585,0.2331771662689643,0.3318540562168096
2023_07_CLE_IND,2023,7,2023-10-22,IND,CLE,0.0,-3.5,150.0,-180.0,0.5585457979225684,0.41502526385570904,0.43161222263024324,0.30751910010015027,0.5359311281685006,0.36661164173124566,0.3835616438356164,0.38924047761405894,0.45319248840712845
2023_07_DET_BAL,2023,7,2023-10-22,BAL,DET,1.0,3.0,-162.0,136.0,0.5585457979225684,0.5368236513480636,0.4562540169380884,0.46592131549278426,0.38241542006945434,0.5964231717909237,0.593369754159424,0.5788284937183774,0.49138641219602297
2023_07_LV_CHI,2023,7,2023-10-22,CHI,LV,1.0,-2.5,120.0,-142.0,0.5585457979225684,0.4093713420445957,0.44274492704835217,0.4962386163237134,0.42870488877604823,0.4006948387227804,0.43650793650793646,0.41784944698699045,0.4350265762621372
2023_07_WAS_NYG,2023,7,2023-10-22,NYG,WAS,1.0,-3.0,136.0,-162.0,0.5585457979225684,0.4952168929722672,0.4356221900244862,0.4736704844740777,0.45698484408728185,0.38351016142713257,0.4066302458405761,0.39192717102624,0.48620845975459803
2023_07_ARI_SEA,2023,7,2023-10-22,SEA,ARI,1.0,9.5,-455.0,350.0,0.5585457979225684,0.7456206528309729,0.7109132165544448,0.7243488928914608,0.7796292618894566,0.7905009717501624,0.7867435158501441,0.7744022337377114,0.8781872737877169
2023_07_PIT_LA,2023,7,2023-10-22,LA,PIT,0.0,3.5,-175.0,145.0,0.5585457979225684,0.5257366858487271,0.5811847057711107,0.6336306713611406,0.71628548620066,0.6136517692336045,0.6092362344582594,0.6219311990513084,0.793435062254195
2023_07_GB_DEN,2023,7,2023-10-22,DEN,GB,1.0,1.5,-118.0,-102.0,0.5585457979225684,0.3706777477364737,0.3154034726442375,0.3584565509006142,0.35154126176786255,0.5434572589878612,0.5173641257162701,0.48813113332173436,0.5027239748545294
2023_07_LAC_KC,2023,7,2023-10-22,KC,LAC,1.0,5.5,-265.0,215.0,0.5585457979225684,0.8233904077792688,0.7689141973812698,0.7870614688039712,0.7090111787723189,0.6794201360443706,0.6957699520733487,0.7016573371346297,0.6802178291893992
2023_07_MIA_PHI,2023,7,2023-10-22,PHI,MIA,1.0,3.0,-155.0,130.0,0.5585457979225684,0.6838592250921338,0.6178599319997784,0.5886072009698065,0.5609918246142246,0.5964231717909237,0.5829926410466066,0.6308914655894514,0.5592845358983957
2023_07_SF_MIN,2023,7,2023-10-23,MIN,SF,1.0,-7.0,260.0,-325.0,0.5585457979225684,0.2930872393098909,0.2765583272827464,0.26850927385274087,0.31355435175801166,0.25893423824708145,0.26645768025078376,0.25112027000430215,0.27843217228618716
2023_08_TB_BUF,2023,8,2023-10-26,BUF,TB,1.0,10.0,-485.0,370.0,0.5585457979225684,0.7543408665842678,0.8006322155286064,0.7994384774272365,0.9392973609404659,0.8021922551387715,0.7957758771164253,0.8321583443392131,0.9477025693380392
2023_08_ATL_TEN,2023,8,2023-10-29,TEN,ATL,1.0,-2.5,110.0,-130.0,0.5585457979225684,0.5898275488978046,0.5792474117000898,0.5459362757814334,0.5904456070029375,0.4006948387227804,0.4572564612326044,0.4408995793938305,0.5193683788332797
2023_08_HOU_CAR,2023,8,2023-10-29,CAR,HOU,1.0,-3.0,136.0,-162.0,0.5585457979225684,0.4798155180037515,0.513670282987605,0.4372141146354191,0.462946804332212,0.38351016142713257,0.4066302458405761,0.4211738857347851,0.43837147892786626
2023_08_JAX_PIT,2023,8,2023-10-29,PIT,JAX,0.0,-2.5,114.0,-135.0,0.5585457979225684,0.5557200512059044,0.4333506672216315,0.4194283863264394,0.40703284142084284,0.4006948387227804,0.448558885283451,0.39617931759696556,0.44639555815016585
2023_08_LA_DAL,2023,8,2023-10-29,DAL,LA,1.0,6.5,-310.0,250.0,0.5585457979225684,0.7395512103353893,0.7181409784278318,0.7200123106001396,0.7248890979549852,0.7099864301842516,0.725752508361204,0.7187114102121233,0.8075723115706207
2023_08_MIN_GB,2023,8,2023-10-29,GB,MIN,0.0,-1.0,-108.0,-112.0,0.5585457979225684,0.5000343506115789,0.5680054679547343,0.5373637824449752,0.5407760304964339,0.4535701579233328,0.4956702459300312,0.5174315029291713,0.519583599391222
2023_08_NE_MIA,2023,8,2023-10-29,MIA,NE,1.0,7.5,-380.0,300.0,0.5585457979225684,0.6990101767489094,0.72864488477519,0.7312047398113255,0.8569882753558549,0.7387589276777471,0.7600000000000001,0.7219128720588416,0.8124481327671875
2023_08_NO_IND,2023,8,2023-10-29,IND,NO,0.0,-2.0,110.0,-130.0,0.5585457979225684,0.4711785173247916,0.4490376518052109,0.4367961595941159,0.4592089124645365,0.4181272808512577,0.4572564612326044,0.42343282803247173,0.45998756925082823
2023_08_NYJ_NYG,2023,8,2023-10-29,NYG,NYJ,0.0,-3.0,136.0,-162.0,0.5585457979225684,0.49605231852874226,0.4486179310550913,0.5052982109797565,0.5452938269878357,0.38351016142713257,0.4066302458405761,0.3881548944652566,0.47232967778174584
2023_08_PHI_WAS,2023,8,2023-10-29,WAS,PHI,0.0,-7.0,245.0,-305.0,0.5585457979225684,0.2561695105627846,0.21565724301527495,0.20970431580343174,0.3590325765500262,0.25893423824708145,0.27792074112197634,0.21756440686341566,0.30641238984267
2023_08_CLE_SEA,2023,8,2023-10-29,SEA,CLE,1.0,4.0,-198.0,164.0,0.5585457979225684,0.5777200754098581,0.602362783078357,0.7293200827268191,0.667538592347595,0.6306004104772008,0.6369041816941223,0.6609741650516584,0.752245613137285
2023_08_BAL_ARI,2023,8,2023-10-29,ARI,BAL,0.0,-9.5,380.0,-500.0,0.5585457979225684,0.2668421891300018,0.27284177826360906,0.2427431478532224,0.28536747765170994,0.19591250250987158,0.19999999999999998,0.21809278587066153,0.19560974716710622
2023_08_CIN_SF,2023,8,2023-10-29,SF,CIN,0.0,4.0,-205.0,170.0,0.5585457979225684,0.677832007013555,0.6955379705835725,0.7046494253435335,0.7999685542069461,0.6306004104772008,0.644729178800233,0.6357710006216603,0.7117245857543706
2023_08_KC_DEN,2023,8,2023-10-29,DEN,KC,1.0,-7.0,270.0,-340.0,0.5585457979225684,0.13967036626738816,0.1708633352015431,0.16063326968445768,0.3139901592576198,0.25893423824708145,0.2591283863368669,0.25233266802231574,0.27946887196850373
2023_08_CHI_LAC,2023,8,2023-10-29,LAC,CHI,1.0,9.5,-440.0,340.0,0.5585457979225684,0.711541004763393,0.6368550169927174,0.6776232494830478,0.7673692395462162,0.7905009717501624,0.7819063004846527,0.7618175327827273,0.8679343776539816
2023_08_LV_DET,2023,8,2023-10-30,DET,LV,1.0,7.0,-340.0,270.0,0.5585457979225684,0.7342087071518463,0.6946000730687539,0.5527142526082034,0.8449303205257651,0.7246055657964469,0.740871613663133,0.7025614900899886,0.848076437406914
2023_09_TEN_PIT,2023,9,2023-11-02,PIT,TEN,1.0,3.5,-175.0,145.0,0.5585457979225684,0.6392851406251745,0.5429745041224918,0.5200431062103779,0.5765659095244563,0.6136517692336045,0.6092362344582594,0.6051995961059257,0.6711931932967651
2023_09_MIA_KC,2023,9,2023-11-05,KC,MIA,1.0,1.0,-115.0,-105.0,0.5585457979225684,0.6636822812884209,0.4995632299906307,0.5350040168489494,0.6428171982758076,0.5255187578684795,0.5108342361863488,0.48079920153626343,0.5564972451628023
2023_09_ARI_CLE,2023,9,2023-11-05,CLE,ARI,1.0,13.0,-750.0,525.0,0.5585457979225684,0.7596102759885915,0.703612188935887,0.786804498159392,0.7342773254997204,0.8620809631178195,0.8465011286681716,0.8425110442624572,0.8920121901145048
2023_09_CHI_NO,2023,9,2023-11-05,NO,CHI,1.0,9.0,-440.0,340.0,0.5585457979225684,0.7353102890794578,0.6800328340049743,0.7310122768553887,0.6627966191594683,0.7783096466124079,0.7819063004846527,0.7425779927056982,0.8443102098635953
2023_09_LA_GB,2023,9,2023-11-05,GB,LA,1.0,3.5,-198.0,160.0,0.5585457979225684,0.5665242228727292,0.6010870236460626,0.7289220675905516,0.5934177684790933,0.6136517692336045,0.6333661417322834,0.6706933893809819,0.7047158649348206
2023_09_MIN_ATL,2023,9,2023-11-05,ATL,MIN,0.0,3.5,-192.0,160.0,0.5585457979225684,0.3795380801922417,0.44945553463619653,0.5649931638157885,0.3784907072357095,0.6136517692336045,0.6309403437815976,0.6313129959820808,0.6366585998435937
2023_09_SEA_BAL,2023,9,2023-11-05,BAL,SEA,1.0,6.0,-270.0,220.0,0.5585457979225684,0.649670391237555,0.6429587757349209,0.6642165000664799,0.6079630116930091,0.6949179878521947,0.7001620745542949,0.7097051464809804,0.6410405653761654
2023_09_TB_HOU,2023,9,2023-11-05,HOU,TB,1.0,2.5,-148.0,124.0,0.5585457979225684,0.49651728448460397,0.5527266699574914,0.5852125932263059,0.4698249483894006,0.5789534356302181,0.5720596355604638,0.6050523852497357,0.48437826057735
2023_09_WAS_NE,2023,9,2023-11-05,NE,WAS,0.0,2.5,-155.0,130.0,0.5585457979225684,0.584149508117694,0.5448896422825853,0.5929870970330151,0.4524376987562676,0.5789534356302181,0.5829926410466066,0.6215183061519365,0.5478412217254263
2023_09_IND_CAR,2023,9,2023-11-05,CAR,IND,0.0,-1.5,110.0,-130.0,0.5585457979225684,0.5644084757136884,0.5744766387702249,0.5302326621903555,0.5268510645334309,0.43576667738019115,0.4572564612326044,0.5081225433065557,0.47730179798120587
2023_09_DAL_PHI,2023,9,2023-11-05,PHI,DAL,1.0,3.5,-175.0,145.0,0.5585457979225684,0.6420516746449767,0.6032155795656389,0.5613046907501816,0.758131084351565,0.6136517692336045,0.6092362344582594,0.63288501198991,0.7791900898756768
2023_09_NYG_LV,2023,9,2023-11-05,LV,NYG,1.0,1.0,-118.0,-102.0,0.5585457979225684,0.5813412442924732,0.6160965069974671,0.5404800719103883,0.6376608917459472,0.5255187578684795,0.5173641257162701,0.5823249677532598,0.5886112054662997
2023_09_BUF_CIN,2023,9,2023-11-05,CIN,BUF,1.0,1.5,-125.0,105.0,0.5585457979225684,0.5608383301276196,0.41091711911973644,0.42957965075492394,0.5006426068935165,0.5434572589878612,0.5324675324675325,0.5385519118947404,0.6166972653828873
2023_09_LAC_NYJ,2023,9,2023-11-06,NYJ,LAC,0.0,-3.0,142.0,-170.0,0.5585457979225684,0.5290320222107919,0.44200674077661334,0.39092363968522076,0.41685483251127864,0.38351016142713257,0.3962430290578221,0.38333917278357965,0.41013428424642423
2023_10_CAR_CHI,2023,10,2023-11-09,CHI,CAR,1.0,3.0,-180.0,150.0,0.5585457979225684,0.5812760107707179,0.5711969517408659,0.5781156860179808,0.6491896072654354,0.5964231717909237,0.6164383561643836,0.5988713951630282,0.6684354129778659
2023_10_IND_NE,2023,10,2023-11-12,NE,IND,0.0,-1.0,-102.0,-118.0,0.5585457979225684,0.4932247478840442,0.39018739017202175,0.4027959769553363,0.43734343651712165,0.4535701579233328,0.4826358742837298,0.4316288575181996,0.48111769100224505
2023_10_CLE_BAL,2023,10,2023-11-12,BAL,CLE,0.0,6.0,-258.0,210.0,0.5585457979225684,0.7025776900130687,0.6848608400466836,0.6375333640480109,0.8303121834881949,0.6949179878521947,0.690792883054068,0.7069510242578313,0.7921445164018605
2023_10_GB_PIT,2023,10,2023-11-12,PIT,GB,1.0,3.0,-166.0,140.0,0.5585457979225684,0.6379673038826363,0.5033984347717455,0.49587247096970094,0.5065151199756412,0.5964231717909237,0.5996387718242023,0.5808837000003862,0.6459659317160127
2023_10_HOU_CIN,2023,10,2023-11-12,CIN,HOU,0.0,5.5,-250.0,205.0,0.5585457979225684,0.8196944643106577,0.70237829899412,0.674513845852285,0.6692746101939157,0.6794201360443706,0.6853932584269663,0.6928251366662994,0.6801928642953451
2023_10_NO_MIN,2023,10,2023-11-12,MIN,NO,1.0,-3.0,130.0,-155.0,0.5585457979225684,0.6422889938769947,0.5901776692181391,0.4294623072219978,0.6886029327230163,0.38351016142713257,0.4170073589533933,0.40750244934992036,0.5248508941245498
2023_10_SF_JAX,2023,10,2023-11-12,JAX,SF,0.0,-3.0,142.0,-170.0,0.5585457979225684,0.48946569979641436,0.4541866182420751,0.42442535894361694,0.503153808090473,0.38351016142713257,0.3962430290578221,0.385238904139051,0.4897382083121714
2023_10_TEN_TB,2023,10,2023-11-12,TB,TEN,1.0,2.5,-142.0,120.0,0.5585457979225684,0.5798920599547678,0.5276195060338443,0.5370510094038066,0.6171750143387459,0.5789534356302181,0.5634920634920635,0.5799180593691221,0.6494968163500012
2023_10_ATL_ARI,2023,10,2023-11-12,ARI,ATL,1.0,-2.0,110.0,-130.0,0.5585457979225684,0.4791896037704625,0.41210548589568147,0.5793875742994692,0.3236866690642966,0.4181272808512577,0.4572564612326044,0.44670724310462767,0.40935400259601673
2023_10_DET_LAC,2023,10,2023-11-12,LAC,DET,0.0,-2.5,120.0,-142.0,0.5585457979225684,0.5348330763935236,0.48897047324147835,0.5043589048084542,0.5291194820049814,0.4006948387227804,0.43650793650793646,0.4279997349486792,0.5674239738288949
2023_10_NYG_DAL,2023,10,2023-11-12,DAL,NYG,1.0,17.5,-2100.0,1100.0,0.5585457979225684,0.8292460621507891,0.8394812006613804,0.8813574587452206,0.8890637626995134,0.9228437130781635,0.9197080291970804,0.9261278036161785,0.9407672327284458
2023_10_WAS_SEA,2023,10,2023-11-12,SEA,WAS,1.0,6.0,-270.0,220.0,0.5585457979225684,0.687838059342163,0.6103895881005084,0.6306522130180547,0.6410903024831891,0.6949179878521947,0.7001620745542949,0.7104524804390726,0.6520856938615051
2023_10_NYJ_LV,2023,10,2023-11-12,LV,NYJ,1.0,-1.0,-105.0,-115.0,0.5585457979225684,0.5546000656630944,0.6255553046975922,0.6707489875033725,0.6875083131252449,0.4535701579233328,0.4891657638136511,0.5270387027840172,0.5945398135029424
2023_10_DEN_BUF,2023,10,2023-11-13,BUF,DEN,0.0,7.5,-395.0,310.0,0.5585457979225684,0.8032672476604049,0.7691827846948202,0.7670640412549514,0.840731682983024,0.7387589276777471,0.7659021045164341,0.7418864131822811,0.7979372740095638
2023_11_CIN_BAL,2023,11,2023-11-16,BAL,CIN,1.0,4.0,-205.0,170.0,0.5585457979225684,0.5571282011307732,0.6233838536468366,0.6136702358699797,0.6546530007130976,0.6306004104772008,0.644729178800233,0.6137226433369983,0.584693658050439
2023_11_ARI_HOU,2023,11,2023-11-19,HOU,ARI,1.0,5.5,-250.0,205.0,0.5585457979225684,0.6999979175308292,0.7047530302598326,0.6930518955965769,0.7489663914543474,0.6794201360443706,0.6853932584269663,0.6662773580771187,0.6520690705401789
2023_11_CHI_DET,2023,11,2023-11-19,DET,CHI,1.0,8.0,-440.0,340.0,0.5585457979225684,0.8158759062723513,0.7085748328691017,0.7638703126524126,0.8484339421970515,0.7524334210571424,0.7819063004846527,0.6984204381979825,0.8402572662609854
2023_11_DAL_CAR,2023,11,2023-11-19,CAR,DAL,0.0,-11.0,470.0,-650.0,0.5585457979225684,0.212735865205579,0.25243485698426016,0.2117016585668352,0.2742655789205537,0.16405586616192064,0.16835016835016833,0.20597110426514278,0.2342776138445132
2023_11_LAC_GB,2023,11,2023-11-19,GB,LAC,1.0,-3.0,136.0,-162.0,0.5585457979225684,0.47768180470803717,0.5023567402353962,0.47873071234135745,0.40733152777533255,0.38351016142713257,0.4066302458405761,0.4037830767905102,0.3901422313519781
2023_11_LV_MIA,2023,11,2023-11-19,MIA,LV,1.0,14.0,-1100.0,700.0,0.5585457979225684,0.6893822610709365,0.7646669532383147,0.782835820681177,0.7343928003564573,0.878349483871881,0.8800000000000001,0.8878267793842202,0.7923987311865196
2023_11_NYG_WAS,2023,11,2023-11-19,WAS,NYG,0.0,7.5,-395.0,310.0,0.5585457979225684,0.648726468885858,0.6895701729436357,0.7031542164922554,0.6939395905333634,0.7387589276777471,0.7659021045164341,0.7228544590123094,0.7576641484629678
2023_11_PIT_CLE,2023,11,2023-11-19,CLE,PIT,1.0,2.5,-142.0,120.0,0.5585457979225684,0.579687437290467,0.5958002730914732,0.46591996006342323,0.6376816054747876,0.5789534356302181,0.5634920634920635,0.5130797926173939,0.5654399863907541
2023_11_TEN_JAX,2023,11,2023-11-19,JAX,TEN,1.0,6.5,-290.0,235.0,0.5585457979225684,0.7179145340471474,0.6324899087329006,0.6416742950168893,0.7059719244256213,0.7099864301842516,0.7135512302607419,0.686310588845976,0.760539840430904
2023_11_TB_SF,2023,11,2023-11-19,SF,TB,1.0,13.5,-950.0,625.0,0.5585457979225684,0.7925594063328067,0.7839041651095954,0.7996633591929736,0.8365251292184803,0.8704323955526331,0.8677165354330709,0.8695886948831791,0.9147813502558794
2023_11_NYJ_BUF,2023,11,2023-11-19,BUF,NYJ,1.0,8.0,-395.0,310.0,0.5585457979225684,0.7723823191128487,0.7962043117495772,0.8216290808507611,0.9491449569806315,0.7524334210571424,0.7659021045164341,0.7918987504259171,0.9353989756381792
2023_11_SEA_LA,2023,11,2023-11-19,LA,SEA,1.0,2.5,-135.0,114.0,0.5585457979225684,0.4213267954593303,0.4985843420870714,0.6630125589004845,0.3460607769025472,0.5789534356302181,0.551441114716549,0.60369736956072,0.5474884073201857
2023_11_MIN_DEN,2023,11,2023-11-19,DEN,MIN,1.0,2.5,-142.0,120.0,0.5585457979225684,0.3763439039349122,0.3947332550426594,0.4874721296197704,0.3669329085147338,0.5789534356302181,0.5634920634920635,0.6088072937138403,0.5767178948808318
2023_11_PHI_KC,2023,11,2023-11-20,KC,PHI,0.0,2.5,-148.0,124.0,0.5585457979225684,0.5774333626191234,0.5186857155888286,0.5796187858589811,0.5351216176398337,0.5789534356302181,0.5720596355604638,0.5631059187561107,0.5797572356537831
2023_12_GB_DET,2023,12,2023-11-23,DET,GB,0.0,8.5,-425.0,330.0,0.5585457979225684,0.7112288310586987,0.6385817093238928,0.6409488492453606,0.8050173605160229,0.7656192231947645,0.7768331562167907,0.7370053551548268,0.8375886908841547
2023_12_WAS_DAL,2023,12,2023-11-23,DAL,WAS,1.0,13.0,-800.0,550.0,0.5585457979225684,0.8371603339507606,0.8348096598690459,0.8572192892401944,0.8581645423074808,0.8620809631178195,0.8524590163934427,0.8773267537462364,0.9215671370518725
2023_12_SF_SEA,2023,12,2023-11-23,SEA,SF,0.0,-7.0,280.0,-355.0,0.5585457979225684,0.3514756456058327,0.28777630612286387,0.25863369483642507,0.4292403685454444,0.25893423824708145,0.2522172949002217,0.24864245489223386,0.29835549565694713
2023_12_MIA_NYJ,2023,12,2023-11-24,NYJ,MIA,0.0,-9.5,380.0,-500.0,0.5585457979225684,0.3778801597775106,0.2555355702142952,0.28411409941416843,0.25072229921388045,0.19591250250987158,0.19999999999999998,0.1710214000360664,0.17611999923403424
2023_12_CAR_TEN,2023,12,2023-11-26,TEN,CAR,1.0,3.5,-175.0,145.0,0.5585457979225684,0.6850249114345867,0.6022306104888936,0.6438571330461035,0.6329207200113572,0.6136517692336045,0.6092362344582594,0.6049564402454882,0.717469384394926
2023_12_JAX_HOU,2023,12,2023-11-26,HOU,JAX,0.0,-1.0,-105.0,-115.0,0.5585457979225684,0.4363488482353466,0.4338570854225851,0.471117737680851,0.4388462672605185,0.4535701579233328,0.4891657638136511,0.39391071398194466,0.4480553056250248
2023_12_NE_NYG,2023,12,2023-11-26,NYG,NE,1.0,-4.5,180.0,-218.0,0.5585457979225684,0.5775880908327983,0.4320830702022849,0.4020637829807631,0.35709355582234265,0.3338127580449492,0.34252477380439467,0.3103174513397673,0.26436770872168386
2023_12_NO_ATL,2023,12,2023-11-26,ATL,NO,1.0,-2.0,110.0,-130.0,0.5585457979225684,0.43071128673681436,0.45073819093903494,0.4169910379481882,0.5055075298430369,0.4181272808512577,0.4572564612326044,0.41942132295800233,0.5148463653124871
2023_12_PIT_CIN,2023,12,2023-11-26,CIN,PIT,0.0,-2.0,114.0,-135.0,0.5585457979225684,0.6661253838125616,0.6336820423852481,0.5291363530151543,0.7544802982363242,0.4181272808512577,0.448558885283451,0.4229753562014305,0.5802449459070942
2023_12_TB_IND,2023,12,2023-11-26,IND,TB,1.0,2.5,-155.0,130.0,0.5585457979225684,0.510624640291958,0.5841036758474559,0.5953939746264756,0.6132687622161985,0.5789534356302181,0.5829926410466066,0.5986340829607213,0.5792157410335882
2023_12_CLE_DEN,2023,12,2023-11-26,DEN,CLE,1.0,1.5,-125.0,105.0,0.5585457979225684,0.4190199266198709,0.436664508727759,0.5117124647188903,0.5838794433546355,0.5434572589878612,0.5324675324675325,0.6013296496249465,0.5845141944577659
2023_12_LA_ARI,2023,12,2023-11-26,ARI,LA,0.0,-3.0,124.0,-148.0,0.5585457979225684,0.44327642479375395,0.40699465979958876,0.40431962266140337,0.47394514814315175,0.38351016142713257,0.42794036443953615,0.355996624954479,0.47363421434545394
2023_12_BUF_PHI,2023,12,2023-11-26,PHI,BUF,1.0,2.5,-148.0,124.0,0.5585457979225684,0.6866525347511663,0.6025264424207735,0.5855683516803482,0.5861678193213545,0.5789534356302181,0.5720596355604638,0.6201467370158018,0.5911736059740923
2023_12_KC_LV,2023,12,2023-11-26,LV,KC,0.0,-9.0,380.0,-500.0,0.5585457979225684,0.26164258460988393,0.26656573213593615,0.22876583027163877,0.36233473209456724,0.20752074685937968,0.19999999999999998,0.1911919585232161,0.2918857935826271
2023_12_BAL_LAC,2023,12,2023-11-26,LAC,BAL,0.0,-3.0,142.0,-170.0,0.5585457979225684,0.3931507204106791,0.3823434773083136,0.40708034636520823,0.5165625153852512,0.38351016142713257,0.3962430290578221,0.39632826889720985,0.4524472828873749
2023_12_CHI_MIN,2023,12,2023-11-27,MIN,CHI,0.0,3.0,-166.0,140.0,0.5585457979225684,0.810230792592297,0.6853529236446783,0.6634483434215946,0.8226492695899943,0.5964231717909237,0.5996387718242023,0.5480565473982993,0.6710761784784226
2023_13_SEA_DAL,2023,13,2023-11-30,DAL,SEA,1.0,9.5,-500.0,380.0,0.5585457979225684,0.7405677119317631,0.835258885626349,0.8451206960689563,0.908130462428788,0.7905009717501624,0.7999999999999999,0.8182569689883405,0.9356653989112746
2023_13_ARI_PIT,2023,13,2023-12-03,PIT,ARI,0.0,6.0,-285.0,230.0,0.5585457979225684,0.8338576546221244,0.7513648250111694,0.6986979571882466,0.765269109876355,0.6949179878521947,0.7095435684647302,0.6985276650884269,0.7176032083275258
2023_13_ATL_NYJ,2023,13,2023-12-03,NYJ,ATL,0.0,-2.0,105.0,-125.0,0.5585457979225684,0.5314880066614758,0.40390770057772013,0.4253634969157439,0.3595101832164419,0.4181272808512577,0.4675324675324675,0.395996766279263,0.4057882265782003
2023_13_DEN_HOU,2023,13,2023-12-03,HOU,DEN,1.0,3.5,-170.0,142.0,0.5585457979225684,0.5259573516424344,0.5574717237605922,0.5801063510620171,0.6245479370474616,0.6136517692336045,0.6037569709421778,0.5793718567713559,0.6437985180234409
2023_13_DET_NO,2023,13,2023-12-03,NO,DET,0.0,-4.0,164.0,-198.0,0.5585457979225684,0.4427646897787509,0.40957806982200107,0.4344980739446203,0.5312969328139796,0.3500349458850762,0.3630958183058778,0.34297351512921326,0.4730332361164002
2023_13_IND_TEN,2023,13,2023-12-03,TEN,IND,0.0,-1.5,102.0,-122.0,0.5585457979225684,0.5319143756188777,0.5006259831443998,0.4899376211319307,0.48236174484493766,0.43576667738019115,0.4739134147382802,0.4653755678792633,0.5812368663893286
2023_13_LAC_NE,2023,13,2023-12-03,NE,LAC,0.0,-4.5,185.0,-225.0,0.5585457979225684,0.410433543165059,0.3894234104713056,0.371015605760385,0.4127481095748179,0.3338127580449492,0.33635187580853815,0.33257999815404166,0.34011506814615233
2023_13_MIA_WAS,2023,13,2023-12-03,WAS,MIA,0.0,-8.5,350.0,-455.0,0.5585457979225684,0.296442267398226,0.27579391195254244,0.23876741307700883,0.29510274384394025,0.2196289351924384,0.2132564841498559,0.2210379501859277,0.24077126930331458
2023_13_CAR_TB,2023,13,2023-12-03,TB,CAR,1.0,4.0,-198.0,164.0,0.5585457979225684,0.7441797428358773,0.6080815572177768,0.6529641051308073,0.7100102812722511,0.6306004104772008,0.6369041816941223,0.5753440602067347,0.7824619163348187
2023_13_CLE_LA,2023,13,2023-12-03,LA,CLE,1.0,3.5,-192.0,160.0,0.5585457979225684,0.4856292054001744,0.5426201642162942,0.5272902611296658,0.5016723049581864,0.6136517692336045,0.6309403437815976,0.6730618745541042,0.6862105122747152
2023_13_SF_PHI,2023,13,2023-12-03,PHI,SF,0.0,-3.0,124.0,-148.0,0.5585457979225684,0.5860184195296938,0.5313660103315736,0.4909261546928981,0.569113980810701,0.38351016142713257,0.42794036443953615,0.45746907172824564,0.5628998296397468
2023_13_KC_GB,2023,13,2023-12-03,GB,KC,1.0,-5.5,215.0,-265.0,0.5585457979225684,0.3292490844863822,0.3885247064552807,0.34895607607253526,0.31014751764122134,0.3025465918997416,0.30423004792665137,0.3040119288508447,0.2573131820343686
2023_13_CIN_JAX,2023,13,2023-12-04,JAX,CIN,0.0,10.0,-550.0,410.0,0.5585457979225684,0.5713986382516254,0.6183493314866993,0.6725842898555263,0.528539628053167,0.8021922551387715,0.8118668596237336,0.812630523928616,0.865662132778982
2023_14_NE_PIT,2023,14,2023-12-07,PIT,NE,0.0,6.0,-270.0,220.0,0.5585457979225684,0.7389644487963289,0.6722857255178123,0.7185681866071499,0.7243330628915554,0.6949179878521947,0.7001620745542949,0.7166759451877498,0.7667401025262593
2023_14_CAR_NO,2023,14,2023-12-10,NO,CAR,1.0,5.5,-245.0,200.0,0.5585457979225684,0.7511197207123922,0.650889468047395,0.7076795864323764,0.7476220721426159,0.6794201360443706,0.6805555555555556,0.6177171687377623,0.7844736261258305
2023_14_DET_CHI,2023,14,2023-12-10,CHI,DET,1.0,-3.0,142.0,-170.0,0.5585457979225684,0.31117180137976486,0.3510215220611954,0.3090585979220649,0.34927137212536297,0.38351016142713257,0.3962430290578221,0.3756572068291668,0.41345083643637953
2023_14_HOU_NYJ,2023,14,2023-12-10,NYJ,HOU,1.0,-3.5,145.0,-175.0,0.5585457979225684,0.4351087887379828,0.37696458507247727,0.31309754730590106,0.35170118474396755,0.36661164173124566,0.39076376554174075,0.3777530380542209,0.3701939938211885
2023_14_IND_CIN,2023,14,2023-12-10,CIN,IND,1.0,3.0,-148.0,124.0,0.5585457979225684,0.7237914634902917,0.6307346181519807,0.5982724542983653,0.6535312716375271,0.5964231717909237,0.5720596355604638,0.6193624690845305,0.630126868667437
2023_14_JAX_CLE,2023,14,2023-12-10,CLE,JAX,1.0,2.5,-142.0,120.0,0.5585457979225684,0.47687730208320195,0.46619094465353644,0.4762459443660953,0.3745466754066763,0.5789534356302181,0.5634920634920635,0.542850968075186,0.4817010405815139
2023_14_LA_BAL,2023,14,2023-12-10,BAL,LA,1.0,7.5,-360.0,285.0,0.5585457979225684,0.7693037946548303,0.747316480538654,0.7130367247008047,0.8514480880992804,0.7387589276777471,0.7508125677139762,0.7359648549399901,0.8436195233216262
2023_14_TB_ATL,2023,14,2023-12-10,ATL,TB,0.0,1.5,-125.0,105.0,0.5585457979225684,0.547754527276377,0.5360013405358114,0.5175438225681038,0.47174706456158394,0.5434572589878612,0.5324675324675325,0.5144045224374811,0.41686863967111815
2023_14_MIN_LV,2023,14,2023-12-10,LV,MIN,0.0,-3.0,130.0,-155.0,0.5585457979225684,0.39622516589258167,0.43293298441388356,0.5085252494880834,0.3654592669156057,0.38351016142713257,0.4170073589533933,0.4250957085470058,0.4268856362408118
2023_14_SEA_SF,2023,14,2023-12-10,SF,SEA,1.0,14.5,-1000.0,650.0,0.5585457979225684,0.8411248177551567,0.8127438004427028,0.8535906450810912,0.8871431784150215,0.8858462509455787,0.8720930232558138,0.8805808182704156,0.9407018269749058
2023_14_BUF_KC,2023,14,2023-12-10,KC,BUF,0.0,2.0,-125.0,105.0,0.5585457979225684,0.6326880751977805,0.5223404065798755,0.5648246767067174,0.5238084600889271,0.5612837396722024,0.5324675324675325,0.5910247836689401,0.5830348702457168
2023_14_DEN_LAC,2023,14,2023-12-10,LAC,DEN,0.0,3.0,-162.0,136.0,0.5585457979225684,0.6259391199257405,0.5914534537444934,0.6113848613060329,0.7371092589226131,0.5964231717909237,0.593369754159424,0.576368034769471,0.6705563568118066
2023_14_PHI_DAL,2023,14,2023-12-10,DAL,PHI,1.0,3.5,-175.0,145.0,0.5585457979225684,0.5338666500774344,0.6428211808733355,0.6646284232648582,0.737924771255869,0.6136517692336045,0.6092362344582594,0.5691309460320949,0.7528793068668309
2023_14_GB_NYG,2023,14,2023-12-11,NYG,GB,1.0,-6.0,215.0,-265.0,0.5585457979225684,0.38596070457266396,0.33260509930178334,0.31890117780974553,0.4437396690166408,0.2875515592584611,0.30423004792665137,0.2740997024048156,0.3179283913898818
2023_14_TEN_MIA,2023,14,2023-12-11,MIA,TEN,0.0,14.0,-950.0,625.0,0.5585457979225684,0.7935042976299821,0.8028229932680961,0.8188688919932909,0.8383580636789321,0.878349483871881,0.8677165354330709,0.8714773881919755,0.8919352453125691
2023_15_LAC_LV,2023,15,2023-12-14,LV,LAC,1.0,3.0,-162.0,136.0,0.5585457979225684,0.48917646982580915,0.4574253482855418,0.5474233632944432,0.39158128722901514,0.5964231717909237,0.593369754159424,0.6001987370419711,0.5722878615190834
2023_15_MIN_CIN,2023,15,2023-12-16,CIN,MIN,1.0,3.0,-175.0,145.0,0.5585457979225684,0.6271594999498108,0.6416562169210945,0.5277736626339654,0.6857685734618448,0.5964231717909237,0.6092362344582594,0.672452136777912,0.6740407662406672
2023_15_PIT_IND,2023,15,2023-12-16,IND,PIT,1.0,1.5,-122.0,102.0,0.5585457979225684,0.5294071491329585,0.5328974066268326,0.5302025846529598,0.6670396956652331,0.5434572589878612,0.5260865852617197,0.549422257865464,0.6191959864497067
2023_15_DEN_DET,2023,15,2023-12-16,DET,DEN,1.0,5.5,-258.0,210.0,0.5585457979225684,0.6016560479917256,0.6487722084000263,0.6473514111468921,0.6984328335508192,0.6794201360443706,0.690792883054068,0.6955055930389854,0.6951227261831956
2023_15_ATL_CAR,2023,15,2023-12-17,CAR,ATL,1.0,-3.0,130.0,-155.0,0.5585457979225684,0.38098509402408803,0.3855796643855427,0.3531079487126181,0.3792529477106875,0.38351016142713257,0.4170073589533933,0.39814448385597245,0.4209125940460701
2023_15_CHI_CLE,2023,15,2023-12-17,CLE,CHI,1.0,3.0,-148.0,124.0,0.5585457979225684,0.6800033962879155,0.6093006257048459,0.658773424692952,0.5370684184114739,0.5964231717909237,0.5720596355604638,0.5892331472183787,0.48202347106623533
2023_15_HOU_TEN,2023,15,2023-12-17,TEN,HOU,0.0,3.0,-170.0,142.0,0.5585457979225684,0.5517584692445168,0.5595021938001706,0.6062038176828556,0.5398381098816284,0.5964231717909237,0.6037569709421778,0.6363912062497276,0.5714295239210883
2023_15_KC_NE,2023,15,2023-12-17,NE,KC,0.0,-10.0,370.0,-485.0,0.5585457979225684,0.24671659275806132,0.27650019429977524,0.242804398917625,0.37181469673440104,0.18480217465619309,0.2042241228835748,0.1670926382283797,0.3268971849628633
2023_15_NYG_NO,2023,15,2023-12-17,NO,NYG,1.0,6.0,-250.0,205.0,0.5585457979225684,0.6228413069114892,0.7256681756384162,0.7573595706435643,0.6960813017906559,0.6949179878521947,0.6853932584269663,0.7273218735970252,0.6886718703271221
2023_15_NYJ_MIA,2023,15,2023-12-17,MIA,NYJ,1.0,7.5,-345.0,275.0,0.5585457979225684,0.7765705060705494,0.81091039312502,0.8341742225037342,0.7955161572361034,0.7387589276777471,0.7440690150970525,0.7651795956392748,0.7788001910323266
2023_15_TB_GB,2023,15,2023-12-17,GB,TB,0.0,4.0,-218.0,180.0,0.5585457979225684,0.639096010551442,0.6424911734232985,0.6379933311829968,0.6710270996990852,0.6306004104772008,0.6574752261956054,0.6423785897380307,0.7075101161571606
2023_15_SF_ARI,2023,15,2023-12-17,ARI,SF,0.0,-12.5,525.0,-750.0,0.5585457979225684,0.13556522594410392,0.16774626704017212,0.17647636879253095,0.3213153606746192,0.13649996391423574,0.15349887133182846,0.15508496965258606,0.2791589062956885
2023_15_WAS_LA,2023,15,2023-12-17,LA,WAS,1.0,6.5,-298.0,240.0,0.5585457979225684,0.729512049887316,0.7091335144762811,0.7588979812666465,0.7098195350599444,0.7099864301842516,0.7179705215419501,0.7368193483660889,0.7324783474117473
2023_15_DAL_BUF,2023,15,2023-12-17,BUF,DAL,1.0,2.0,-135.0,114.0,0.5585457979225684,0.4947187826344204,0.41388352290415675,0.4115802679404376,0.4493383452085469,0.5612837396722024,0.551441114716549,0.5444716584363616,0.6484546986061946
2023_15_BAL_JAX,2023,15,2023-12-17,JAX,BAL,0.0,-4.0,185.0,-225.0,0.5585457979225684,0.3922607408132656,0.3928162691074551,0.40476954013470706,0.3632674407673045,0.3500349458850762,0.33635187580853815,0.376107499113837,0.3851850521121899
2023_15_PHI_SEA,2023,15,2023-12-18,SEA,PHI,1.0,-5.0,195.0,-238.0,0.5585457979225684,0.34885117408389255,0.3422903218437977,0.3300816094087864,0.3533153551536036,0.31797458067160417,0.3249687530045188,0.2839357800972616,0.28294689431707865
2023_16_NO_LA,2023,16,2023-12-21,LA,NO,1.0,4.0,-218.0,180.0,0.5585457979225684,0.5808296284279897,0.5603745728832554,0.5633131198595552,0.649777659679057,0.6306004104772008,0.6574752261956054,0.6524385378927444,0.7262262270759012
2023_16_CIN_PIT,2023,16,2023-12-23,PIT,CIN,1.0,-3.0,130.0,-155.0,0.5585457979225684,0.34424428678121727,0.3365032139158782,0.3275461019734873,0.3524655183384578,0.38351016142713257,0.4170073589533933,0.3543807387817068,0.37885260878890575
2023_16_BUF_LAC,2023,16,2023-12-23,LAC,BUF,0.0,-13.0,550.0,-800.0,0.5585457979225684,0.27087590886829316,0.2549732216618902,0.22969785773519125,0.27281484597143485,0.12822168011348192,0.1475409836065574,0.12200283229617864,0.1819023942187135
2023_16_CLE_HOU,2023,16,2023-12-24,HOU,CLE,0.0,-3.0,136.0,-162.0,0.5585457979225684,0.47417087181934703,0.5005536062249101,0.4958035395836083,0.4038569355320683,0.38351016142713257,0.4066302458405761,0.40437276397392924,0.38090804925847377
2023_16_DET_MIN,2023,16,2023-12-24,MIN,DET,0.0,-2.5,124.0,-148.0,0.5585457979225684,0.5604517923340095,0.4135797606696866,0.43042698858743406,0.37981846479597153,0.4006948387227804,0.42794036443953615,0.3464423257084959,0.4164297684012933
2023_16_GB_CAR,2023,16,2023-12-24,CAR,GB,0.0,-3.5,164.0,-198.0,0.5585457979225684,0.31405413031019086,0.3526490163178352,0.311132090795677,0.307470017425881,0.36661164173124566,0.3630958183058778,0.3642702474200384,0.38857228102233704
2023_16_IND_ATL,2023,16,2023-12-24,ATL,IND,1.0,3.0,-155.0,130.0,0.5585457979225684,0.4735533874021717,0.5052118039229674,0.49976765478868274,0.3924504777100133,0.5964231717909237,0.5829926410466066,0.6044841019799537,0.5161965438564019
2023_16_SEA_TEN,2023,16,2023-12-24,TEN,SEA,0.0,-3.0,140.0,-166.0,0.5585457979225684,0.42961936484617835,0.5096963899210731,0.5638655577924764,0.3939947374810912,0.38351016142713257,0.4003612281757977,0.39951877155767473,0.34775518614923573
2023_16_WAS_NYJ,2023,16,2023-12-24,NYJ,WAS,1.0,3.0,-166.0,140.0,0.5585457979225684,0.6408455601739206,0.5545771700865324,0.6616323394885913,0.4578293787201969,0.5964231717909237,0.5996387718242023,0.5796551510567537,0.5661744690535124
2023_16_JAX_TB,2023,16,2023-12-24,TB,JAX,1.0,-2.0,105.0,-125.0,0.5585457979225684,0.5621432410688425,0.5795457390298274,0.5804588224044785,0.5913513833212803,0.4181272808512577,0.4675324675324675,0.4556969997326501,0.4770235775684689
2023_16_ARI_CHI,2023,16,2023-12-24,CHI,ARI,1.0,4.5,-218.0,180.0,0.5585457979225684,0.6395971682755284,0.6103974785009395,0.5442461554964807,0.5514561634362746,0.6472329568062863,0.6574752261956054,0.6016084209967448,0.6070801617243627
2023_16_DAL_MIA,2023,16,2023-12-24,MIA,DAL,1.0,1.5,-122.0,102.0,0.5585457979225684,0.5052648961417807,0.5020648221701545,0.5165198720999277,0.5254117964446406,0.5434572589878612,0.5260865852617197,0.5052502955010112,0.4746598542279204
2023_16_NE_DEN,2023,16,2023-12-24,DEN,NE,0.0,7.0,-340.0,270.0,0.5585457979225684,0.7029866117334492,0.6577036595768988,0.676498701051894,0.7772249782167638,0.7246055657964469,0.740871613663133,0.7518881998837367,0.8235042620630649
2023_16_LV_KC,2023,16,2023-12-25,KC,LV,0.0,11.0,-600.0,440.0,0.5585457979225684,0.7953393271322903,0.6980546581297704,0.7426147237418225,0.8321544755956337,0.8240835285425614,0.8223350253807106,0.8179219579768168,0.892474192202138
2023_16_NYG_PHI,2023,16,2023-12-25,PHI,NYG,1.0,14.0,-900.0,600.0,0.5585457979225684,0.8221740732036564,0.8086839486872561,0.8165650733439628,0.9521219315599331,0.878349483871881,0.863013698630137,0.9007120724817014,0.9372160007319617
2023_16_BAL_SF,2023,16,2023-12-25,SF,BAL,0.0,6.5,-345.0,275.0,0.5585457979225684,0.6565660021576593,0.6663134327009405,0.700389001420628,0.7781535471321189,0.7099864301842516,0.7440690150970525,0.7315253990947939,0.8459559540953144
2023_17_NYJ_CLE,2023,17,2023-12-28,CLE,NYJ,1.0,6.5,-345.0,270.0,0.5585457979225684,0.7386633424659326,0.72782658318431,0.70757755847619,0.845574658529145,0.7099864301842516,0.7415045018878884,0.705303881645765,0.8137733774429828
2023_17_DET_DAL,2023,17,2023-12-30,DAL,DET,1.0,5.5,-238.0,195.0,0.5585457979225684,0.643614494816881,0.6692867128910849,0.686369057818254,0.6135030721975138,0.6794201360443706,0.6750312469954812,0.7278095606345253,0.6497991040768067
2023_17_ARI_PHI,2023,17,2023-12-31,PHI,ARI,0.0,12.0,-750.0,525.0,0.5585457979225684,0.8699424151033706,0.823567342036852,0.8040748211136084,0.8899425208956775,0.8440231713645592,0.8465011286681716,0.8618234388495315,0.9032111361877708
2023_17_ATL_CHI,2023,17,2023-12-31,CHI,ATL,1.0,3.0,-155.0,130.0,0.5585457979225684,0.5556712011186152,0.5135175870913409,0.4679359755538282,0.6207913349633756,0.5964231717909237,0.5829926410466066,0.5821792240710624,0.667909711781827
2023_17_CAR_JAX,2023,17,2023-12-31,JAX,CAR,1.0,3.5,-192.0,160.0,0.5585457979225684,0.7996585031642106,0.6659551191942048,0.623481466307425,0.8088447118422223,0.6136517692336045,0.6309403437815976,0.5925703625300806,0.7356436518788035
2023_17_LA_NYG,2023,17,2023-12-31,NYG,LA,0.0,-6.0,240.0,-298.0,0.5585457979225684,0.40411602706920835,0.28855892948544776,0.3328331690072936,0.5414110087078303,0.2875515592584611,0.2820294784580499,0.277914314245695,0.3845130127986777
2023_17_LV_IND,2023,17,2023-12-31,IND,LV,1.0,3.5,-180.0,150.0,0.5585457979225684,0.5058824616522141,0.5027943856232295,0.5303174734440866,0.6229999534539681,0.6136517692336045,0.6164383561643836,0.608348403738631,0.7174450786772686
2023_17_MIA_BAL,2023,17,2023-12-31,BAL,MIA,1.0,3.0,-180.0,150.0,0.5585457979225684,0.7154407271182839,0.5690074483592957,0.5302168123595263,0.6139020242485917,0.5964231717909237,0.6164383561643836,0.5824549195312725,0.5990816162331281
2023_17_NE_BUF,2023,17,2023-12-31,BUF,NE,1.0,15.0,-1200.0,750.0,0.5585457979225684,0.8540193702557636,0.830866275045972,0.8354907455744873,0.9009474186939048,0.8929373389135529,0.8869565217391304,0.9005151414879287,0.9483885800007481
2023_17_NO_TB,2023,17,2023-12-31,TB,NO,0.0,2.5,-148.0,124.0,0.5585457979225684,0.6614745960574909,0.5317283806716082,0.5097940651682159,0.6881748508813876,0.5789534356302181,0.5720596355604638,0.5632956574946908,0.6997544154515369
2023_17_SF_WAS,2023,17,2023-12-31,WAS,SF,0.0,-14.0,675.0,-1050.0,0.5585457979225684,0.13604481913752003,0.17081672380075408,0.1433847425466501,0.31822353498159484,0.11294716433988061,0.12382234185733514,0.124154062602405,0.3125286234460759
2023_17_TEN_HOU,2023,17,2023-12-31,HOU,TEN,1.0,5.0,-230.0,190.0,0.5585457979225684,0.6092914337766437,0.4992135682166362,0.6111427131005505,0.5448140499384277,0.6635162129380947,0.6690070210631895,0.588749188170024,0.6065360022743446
2023_17_PIT_SEA,2023,17,2023-12-31,SEA,PIT,0.0,4.5,-225.0,185.0,0.5585457979225684,0.5982547953426683,0.580297599213683,0.5815600229353732,0.6961361395999535,0.6472329568062863,0.6636481241914618,0.6848203131187167,0.7618083702025807
2023_17_CIN_KC,2023,17,2023-12-31,KC,CIN,1.0,7.5,-345.0,275.0,0.5585457979225684,0.6252197775301851,0.6390989807572386,0.7002968789556399,0.5770129090308561,0.7387589276777471,0.7440690150970525,0.7442565254176521,0.770181171123176
2023_17_LAC_DEN,2023,17,2023-12-31,DEN,LAC,1.0,3.5,-198.0,164.0,0.5585457979225684,0.6131705646822867,0.5579267749878174,0.49572892501655413,0.6686583918110621,0.6136517692336045,0.6369041816941223,0.609412615841101,0.7097288363995157
2023_17_GB_MIN,2023,17,2023-12-31,MIN,GB,0.0,1.0,-112.0,-108.0,0.5585457979225684,0.6071886619137709,0.4686209425551888,0.3981125518892806,0.4718661620072052,0.5255187578684795,0.5043297540699688,0.4299922817694967,0.4401019464337184
2023_18_PIT_BAL,2023,18,2024-01-06,BAL,PIT,0.0,-3.0,130.0,-155.0,0.5585457979225684,0.8235894442469792,0.7820819221758776,0.6642944761692289,0.8950214451211186,0.38351016142713257,0.4170073589533933,0.36707048667136216,0.5979204804298669
2023_18_HOU_IND,2023,18,2024-01-06,IND,HOU,0.0,-1.5,105.0,-125.0,0.5585457979225684,0.5833937537496671,0.5621524958875563,0.532020941438894,0.5703935976694795,0.43576667738019115,0.4675324675324675,0.47199363600632904,0.47759815419220836
2023_18_ATL_NO,2023,18,2024-01-07,NO,ATL,1.0,3.5,-175.0,145.0,0.5585457979225684,0.6839445224896351,0.6265925924428389,0.663135658104902,0.729147860999154,0.6136517692336045,0.6092362344582594,0.6163972047587029,0.7618823208125662
2023_18_CLE_CIN,2023,18,2024-01-07,CIN,CLE,1.0,7.5,-360.0,285.0,0.5585457979225684,0.5624012793719169,0.479900480340122,0.5292577466653408,0.5895537476550413,0.7387589276777471,0.7508125677139762,0.7646825403091533,0.8342398499003856
2023_18_JAX_TEN,2023,18,2024-01-07,TEN,JAX,1.0,-3.5,154.0,-185.0,0.5585457979225684,0.3820511031047697,0.39975292271084906,0.4356558573540665,0.4171556983616373,0.36661164173124566,0.3775334481388264,0.38194956205289843,0.5137679274745899
2023_18_MIN_DET,2023,18,2024-01-07,DET,MIN,1.0,3.5,-205.0,170.0,0.5585457979225684,0.6832086855681383,0.6879327114378634,0.604138249638359,0.842793099307399,0.6136517692336045,0.644729178800233,0.622790288840348,0.7812983387871879
2023_18_NYJ_NE,2023,18,2024-01-07,NE,NYJ,0.0,2.5,-142.0,120.0,0.5585457979225684,0.568200884958346,0.5740607914785483,0.5459767311847589,0.6514130041223658,0.5789534356302181,0.5634920634920635,0.5944982924821415,0.6586772097980191
2023_18_TB_CAR,2023,18,2024-01-07,CAR,TB,0.0,-5.0,200.0,-245.0,0.5585457979225684,0.2744961026856963,0.31887290537200985,0.28068019834137187,0.35328838477032865,0.31797458067160417,0.3194444444444444,0.3207431938566113,0.3793925097037172
2023_18_CHI_GB,2023,18,2024-01-07,GB,CHI,1.0,2.5,-148.0,124.0,0.5585457979225684,0.6745521842380777,0.6416560651383691,0.6941971449104176,0.7413348552937571,0.5789534356302181,0.5720596355604638,0.6231416089919483,0.6784020044460616
2023_18_DAL_WAS,2023,18,2024-01-07,WAS,DAL,0.0,-13.0,575.0,-850.0,0.5585457979225684,0.18852286314619585,0.1724069696836356,0.14631755640148972,0.2858520618336386,0.12822168011348192,0.14205607476635515,0.11774838037302886,0.26902107475482284
2023_18_DEN_LV,2023,18,2024-01-07,LV,DEN,1.0,3.5,-175.0,145.0,0.5585457979225684,0.5694333127769006,0.5727998352431254,0.598943426908522,0.49347089654422016,0.6136517692336045,0.6092362344582594,0.6194058936261087,0.5685851322141656
2023_18_KC_LAC,2023,18,2024-01-07,LAC,KC,0.0,3.5,-185.0,154.0,0.5585457979225684,0.2805396326203413,0.2696682194492423,0.5011730342051751,0.3347788212193969,0.6136517692336045,0.6224665518611737,0.5625610920540092,0.6501090854249686
2023_18_LA_SF,2023,18,2024-01-07,SF,LA,0.0,5.5,-245.0,200.0,0.5585457979225684,0.8053093926581066,0.7392195306025505,0.6043075323791746,0.858811834194842,0.6794201360443706,0.6805555555555556,0.6656121635032759,0.7500965061397493
2023_18_PHI_NYG,2023,18,2024-01-07,NYG,PHI,1.0,-4.5,190.0,-238.0,0.5585457979225684,0.2889632899472423,0.2173491462407894,0.2367933171719405,0.3886710283675574,0.3338127580449492,0.32872981910134214,0.2440315273219318,0.36142467467292905
2023_18_SEA_ARI,2023,18,2024-01-07,ARI,SEA,0.0,-2.5,130.0,-155.0,0.5585457979225684,0.41205969987636465,0.4428777354350685,0.46406291934064936,0.4024571425477291,0.4006948387227804,0.4170073589533933,0.40150947845441975,0.4131479301942719
2023_18_BUF_MIA,2023,18,2024-01-07,MIA,BUF,0.0,-2.5,130.0,-155.0,0.5585457979225684,0.46236549959560375,0.4488253536350082,0.46742119263533566,0.4590377195655211,0.4006948387227804,0.4170073589533933,0.3748346162552064,0.43279321408551885
2024_01_BAL_KC,2024,1,2024-09-05,KC,BAL,1.0,3.0,-148.0,124.0,0.558340727595386,0.5933241330663698,0.5063442814122504,0.5606431173213194,0.48529681725492146,0.5971682915982199,0.5720596355604638,0.6210168255382758,0.5017736260383343
2024_01_GB_PHI,2024,1,2024-09-06,PHI,GB,1.0,2.0,-130.0,110.0,0.558340727595386,0.43023392222737605,0.31383107784255293,0.32732645028796353,0.3853713387125517,0.5621335306109008,0.5427435387673957,0.5179043493141003,0.562554239504049
2024_01_ARI_BUF,2024,1,2024-09-08,BUF,ARI,1.0,6.5,-310.0,250.0,0.558340727595386,0.8297477700876077,0.8049773038867922,0.8028722932348274,0.8070793959961454,0.7103678855007944,0.725752508361204,0.7210388744924142,0.718296998447917
2024_01_CAR_NO,2024,1,2024-09-08,NO,CAR,1.0,3.5,-192.0,160.0,0.558340727595386,0.7935350714356464,0.779325835580702,0.8222918769822637,0.818048350260346,0.6143435676441689,0.6309403437815976,0.5994649583434782,0.71105771841243
2024_01_HOU_IND,2024,1,2024-09-08,IND,HOU,0.0,-3.0,130.0,-155.0,0.558340727595386,0.5117696877966472,0.49531031646964535,0.4435465085793347,0.5264187358088145,0.38474691941412104,0.4170073589533933,0.3775418899720841,0.4200945647107704
2024_01_JAX_MIA,2024,1,2024-09-08,MIA,JAX,1.0,3.5,-180.0,150.0,0.558340727595386,0.6461114370159746,0.6109144960937766,0.6322335366126256,0.6436647881197469,0.6143435676441689,0.6164383561643836,0.6289761247071733,0.700120026803034
2024_01_MIN_NYG,2024,1,2024-09-08,NYG,MIN,0.0,-1.0,-105.0,-115.0,0.558340727595386,0.5307344424989378,0.5024082873337975,0.5758014263905622,0.57304051419388,0.4546899956552038,0.4891657638136511,0.48861034487685134,0.5191278441817253
2024_01_NE_CIN,2024,1,2024-09-08,CIN,NE,0.0,8.0,-375.0,295.0,0.558340727595386,0.7674745145883525,0.7420342543310582,0.6691186767300175,0.8040428290271915,0.7526793143838111,0.7571884984025559,0.7789260185896242,0.7717935384631123
2024_01_PIT_ATL,2024,1,2024-09-08,ATL,PIT,0.0,4.0,-192.0,160.0,0.558340727595386,0.40781736240116273,0.4655580846550948,0.685765289649726,0.4235555062636971,0.6312387543624439,0.6309403437815976,0.6339295752485455,0.5523758368960591
2024_01_TEN_CHI,2024,1,2024-09-08,CHI,TEN,1.0,4.0,-198.0,164.0,0.558340727595386,0.6174580906866163,0.6091568588174427,0.6548261967332418,0.5819251975768853,0.6312387543624439,0.6369041816941223,0.6164987949991149,0.62098062786852
2024_01_DEN_SEA,2024,1,2024-09-08,SEA,DEN,1.0,6.5,-278.0,225.0,0.558340727595386,0.6134364726137819,0.617301191103219,0.6167627507962995,0.5826337587830248,0.7103678855007944,0.705033164260632,0.754335343968546,0.7434894632298854
2024_01_LV_LAC,2024,1,2024-09-08,LAC,LV,1.0,3.0,-155.0,130.0,0.558340727595386,0.47251880738431634,0.3850783139423239,0.4841042832994208,0.397934437096719,0.5971682915982199,0.5829926410466066,0.5343935169415692,0.4751448005514531
2024_01_DAL_CLE,2024,1,2024-09-08,CLE,DAL,0.0,2.5,-130.0,110.0,0.558340727595386,0.4494542708059173,0.3241863083755466,0.4109967655048119,0.3278967366000825,0.5797513527947042,0.5427435387673957,0.5270614309518559,0.4792446088777531
2024_01_WAS_TB,2024,1,2024-09-08,TB,WAS,1.0,4.0,-198.0,164.0,0.558340727595386,0.7633520949154462,0.784721278344483,0.7602828151671573,0.7793378883517771,0.6312387543624439,0.6369041816941223,0.634962573301447,0.6414166982963267
2024_01_LA_DET,2024,1,2024-09-08,DET,LA,1.0,5.0,-225.0,185.0,0.558340727595386,0.6431208426850973,0.5997680063793008,0.580023694073995,0.6560879823168145,0.6640487336512977,0.6636481241914618,0.664542335879301,0.7101412633802044
2024_01_NYJ_SF,2024,1,2024-09-09,SF,NYJ,1.0,3.5,-180.0,150.0,0.558340727595386,0.8141343822002929,0.8433350670407072,0.7057538114073989,0.8159203444322509,0.6143435676441689,0.6164383561643836,0.6736792383629494,0.6535555534978343
2024_02_BUF_MIA,2024,2,2024-09-12,MIA,BUF,0.0,2.5,-135.0,114.0,0.558340727595386,0.4366501626880431,0.3427222629353647,0.3677783765277392,0.33925096529156984,0.5797513527947042,0.551441114716549,0.49979792971054526,0.47531365316402735
2024_02_CLE_JAX,2024,2,2024-09-15,JAX,CLE,0.0,3.0,-170.0,142.0,0.558340727595386,0.5700866098833182,0.6071271968533761,0.5689304771017946,0.5838129944532069,0.5971682915982199,0.6037569709421778,0.6461910242006843,0.5947278023600057
2024_02_IND_GB,2024,2,2024-09-15,GB,IND,1.0,-3.0,120.0,-142.0,0.558340727595386,0.7018841328373825,0.7106913919162966,0.4677910182640488,0.7326934018301776,0.38474691941412104,0.43650793650793646,0.4120254220841764,0.3999024730400865
2024_02_LAC_CAR,2024,2,2024-09-15,CAR,LAC,0.0,-5.0,185.0,-225.0,0.558340727595386,0.36932241297542967,0.41746054530749344,0.33121329052804194,0.4648282459282266,0.31926377139202894,0.33635187580853815,0.383518050843928,0.4062061144019477
2024_02_LV_BAL,2024,2,2024-09-15,BAL,LV,0.0,9.0,-455.0,350.0,0.558340727595386,0.7589187733839817,0.7561232992855157,0.7276286507831432,0.7713327800103915,0.7784761529088643,0.7867435158501441,0.7821476546507753,0.8093679420305004
2024_02_NO_DAL,2024,2,2024-09-15,DAL,NO,0.0,6.5,-290.0,235.0,0.558340727595386,0.6678680815626779,0.6284999479814583,0.6242082061249664,0.6094211650939776,0.7103678855007944,0.7135512302607419,0.7348360401814884,0.6915722703261467
2024_02_NYG_WAS,2024,2,2024-09-15,WAS,NYG,1.0,1.5,-125.0,105.0,0.558340727595386,0.4769335567038104,0.4960984343221403,0.4940478906843653,0.6035887094416663,0.5443575983846037,0.5324675324675325,0.5790398066071054,0.6841499914060216
2024_02_NYJ_TEN,2024,2,2024-09-15,TEN,NYJ,0.0,-3.5,150.0,-180.0,0.558340727595386,0.5306291843690571,0.6322799569140315,0.5022448076479946,0.5541037959654608,0.36786771849512667,0.3835616438356164,0.43872836771863033,0.38938701004578835
2024_02_SEA_NE,2024,2,2024-09-15,NE,SEA,0.0,-3.5,142.0,-170.0,0.558340727595386,0.4527446120181899,0.4399481300909725,0.500376296022575,0.397894375901001,0.36786771849512667,0.3962430290578221,0.3520071103417204,0.427545769877489
2024_02_SF_MIN,2024,2,2024-09-15,MIN,SF,1.0,-4.5,180.0,-218.0,0.558340727595386,0.3578165874181034,0.3305445727019179,0.27671354174808943,0.35169628543975273,0.33509503649843925,0.34252477380439467,0.3120386929549872,0.35919133661820224
2024_02_TB_DET,2024,2,2024-09-15,DET,TB,0.0,7.5,-375.0,295.0,0.558340727595386,0.6403217922335137,0.581907081324497,0.5715880751341538,0.6446603880826814,0.7390479457390545,0.7571884984025559,0.7352861562367705,0.734964179467098
2024_02_LA_ARI,2024,2,2024-09-15,ARI,LA,1.0,-1.0,-108.0,-112.0,0.558340727595386,0.4168764622383971,0.408705455126925,0.3984786996474193,0.3736789772138453,0.4546899956552038,0.4956702459300312,0.4816146295237683,0.4078269421193094
2024_02_CIN_KC,2024,2,2024-09-15,KC,CIN,1.0,6.5,-290.0,235.0,0.558340727595386,0.756445853313088,0.7138968903045495,0.727975699929052,0.6437590405232965,0.7103678855007944,0.7135512302607419,0.7240372453714371,0.6603636796705511
2024_02_PIT_DEN,2024,2,2024-09-15,DEN,PIT,0.0,-3.0,130.0,-155.0,0.558340727595386,0.42342961415211744,0.48052125404941837,0.49517112319944534,0.4337412063254024,0.38474691941412104,0.4170073589533933,0.42259517571416416,0.41845639883907876
2024_02_CHI_HOU,2024,2,2024-09-15,HOU,CHI,1.0,6.0,-258.0,210.0,0.558340727595386,0.6113833217291358,0.6044412884995847,0.6772458839579915,0.6014679653998232,0.6953483822062235,0.690792883054068,0.7170068293266235,0.6618659335237622
2024_02_ATL_PHI,2024,2,2024-09-16,PHI,ATL,0.0,5.5,-265.0,215.0,0.558340727595386,0.7393709626076209,0.7227896066781014,0.6681633865409498,0.7251507599838587,0.6799009762299164,0.6957699520733487,0.7431782380320935,0.6913859717188902
2024_03_NE_NYJ,2024,3,2024-09-19,NYJ,NE,1.0,6.5,-285.0,230.0,0.558340727595386,0.6244152193586425,0.5224365079057581,0.5866843268993491,0.5395997416974713,0.7103678855007944,0.7095435684647302,0.6767552258956856,0.7213343932997659
2024_03_CHI_IND,2024,3,2024-09-22,IND,CHI,1.0,1.5,-125.0,105.0,0.558340727595386,0.5288335555509176,0.5464599228166821,0.5875137308641476,0.5764331836133056,0.5443575983846037,0.5324675324675325,0.5832122745541778,0.6299477149324771
2024_03_DEN_TB,2024,3,2024-09-22,TB,DEN,0.0,6.0,-245.0,200.0,0.558340727595386,0.7290464987673112,0.731613185761541,0.7659665958640427,0.775417475854338,0.6953483822062235,0.6805555555555556,0.7232771224477376,0.6903407971831289
2024_03_GB_TEN,2024,3,2024-09-22,TEN,GB,0.0,3.0,-162.0,136.0,0.558340727595386,0.3337860697980045,0.36888573977351435,0.46671313509541956,0.4919917836725592,0.5971682915982199,0.593369754159424,0.6234839411909708,0.612849182239315
2024_03_HOU_MIN,2024,3,2024-09-22,MIN,HOU,1.0,-2.0,114.0,-135.0,0.558340727595386,0.5942901013822024,0.537546648483213,0.45127775035763584,0.5570970681197355,0.4193132355902297,0.448558885283451,0.3933330824967826,0.4625200410163021
2024_03_LAC_PIT,2024,3,2024-09-22,PIT,LAC,1.0,3.0,-148.0,124.0,0.558340727595386,0.6860856881112906,0.6160034691369524,0.5218894679095453,0.6308814047150109,0.5971682915982199,0.5720596355604638,0.6333323172894864,0.5971761316192296
2024_03_NYG_CLE,2024,3,2024-09-22,CLE,NYG,0.0,6.5,-270.0,220.0,0.558340727595386,0.6854640537821975,0.6727209315085185,0.7177008971509005,0.8112259254129656,0.7103678855007944,0.7001620745542949,0.7072948987482207,0.7006243907961528
2024_03_PHI_NO,2024,3,2024-09-22,NO,PHI,0.0,2.5,-142.0,120.0,0.558340727595386,0.6382461032339036,0.7211734248976643,0.7231068879506571,0.6552094682237748,0.5797513527947042,0.5634920634920635,0.5743701793597138,0.5205156888250189
2024_03_CAR_LV,2024,3,2024-09-22,LV,CAR,0.0,5.5,-245.0,200.0,0.558340727595386,0.8057561965475217,0.7951233401047104,0.6653394282400285,0.8638185799609295,0.6799009762299164,0.6805555555555556,0.6891112148148691,0.8262917846055116
2024_03_MIA_SEA,2024,3,2024-09-22,SEA,MIA,1.0,4.0,-205.0,170.0,0.558340727595386,0.5731794418241921,0.5623081558163705,0.7397302458941823,0.5182701439116593,0.6312387543624439,0.644729178800233,0.6827786745965693,0.6771068799619201
2024_03_BAL_DAL,2024,3,2024-09-22,DAL,BAL,0.0,-1.5,100.0,-120.0,0.558340727595386,0.5097490498103118,0.5662399952285248,0.591660726829408,0.5446563878251851,0.4369213966826836,0.4782608695652174,0.5126413139258643,0.46232583107412545
2024_03_DET_ARI,2024,3,2024-09-22,ARI,DET,0.0,-3.0,124.0,-148.0,0.558340727595386,0.3922844928530953,0.48297002596689936,0.48963450233535555,0.4068679199149761,0.38474691941412104,0.42794036443953615,0.46030390916761865,0.4068485981421746
2024_03_SF_LA,2024,3,2024-09-22,LA,SF,1.0,-6.0,210.0,-258.0,0.558340727595386,0.33008707791338116,0.3390073570253391,0.3418316890362957,0.36578266600295434,0.28884258754208414,0.30920711694593195,0.3032153170456613,0.26677506884968644
2024_03_KC_ATL,2024,3,2024-09-22,ATL,KC,0.0,-3.0,142.0,-170.0,0.558340727595386,0.22728131895942824,0.29697759455328715,0.3183188958469086,0.24635361777825002,0.38474691941412104,0.3962430290578221,0.3768355746295131,0.2759701138809179
2024_03_JAX_BUF,2024,3,2024-09-23,BUF,JAX,1.0,4.0,-218.0,180.0,0.558340727595386,0.819581105465992,0.8237496274386675,0.8187631303527297,0.8153098751823247,0.6312387543624439,0.6574752261956054,0.7060336344360416,0.6676317263425602
2024_03_WAS_CIN,2024,3,2024-09-23,CIN,WAS,0.0,7.5,-355.0,280.0,0.558340727595386,0.7591391499025547,0.7410825931455911,0.7626528199559978,0.7665242533984145,0.7390479457390545,0.7477827050997783,0.7447834620022008,0.7792865825667917
2024_04_DAL_NYG,2024,4,2024-09-26,NYG,DAL,0.0,-5.5,205.0,-250.0,0.558340727595386,0.41011548525196706,0.26598458699506466,0.25358977624217843,0.36481667759510406,0.30383866019018163,0.31460674157303364,0.2425721811085017,0.3275726492674479
2024_04_CIN_CAR,2024,4,2024-09-29,CAR,CIN,0.0,-4.5,170.0,-205.0,0.558340727595386,0.3617517277030533,0.33129236631770387,0.380781474194247,0.48096544543982406,0.33509503649843925,0.35527082119976705,0.3380710129688327,0.3644859085430183
2024_04_DEN_NYJ,2024,4,2024-09-29,NYJ,DEN,0.0,7.5,-425.0,330.0,0.558340727595386,0.5691827695093626,0.5607223935658571,0.6883151015751818,0.4719445368852909,0.7390479457390545,0.7768331562167907,0.7346794822776057,0.7474432566297715
2024_04_JAX_HOU,2024,4,2024-09-29,HOU,JAX,1.0,5.5,-238.0,195.0,0.558340727595386,0.6443642689561677,0.5977555861742326,0.626268841827677,0.601460776504309,0.6799009762299164,0.6750312469954812,0.6508211525634793,0.6079445497091324
2024_04_LA_CHI,2024,4,2024-09-29,CHI,LA,1.0,3.0,-162.0,136.0,0.558340727595386,0.5102494140669958,0.481239563698805,0.4089118390670458,0.50447011211706,0.5971682915982199,0.593369754159424,0.5460117327261989,0.5145348099474527
2024_04_MIN_GB,2024,4,2024-09-29,GB,MIN,0.0,2.5,-135.0,114.0,0.558340727595386,0.579898396840083,0.5978609713207903,0.7309481831254929,0.6768190144566744,0.5797513527947042,0.551441114716549,0.5956051056998419,0.5788357956430562
2024_04_NO_ATL,2024,4,2024-09-29,ATL,NO,1.0,2.5,-142.0,120.0,0.558340727595386,0.35685436673509613,0.28707676678069527,0.33097553756754794,0.48128133085964014,0.5797513527947042,0.5634920634920635,0.5541740142913091,0.626669538590558
2024_04_PHI_TB,2024,4,2024-09-29,TB,PHI,1.0,-1.0,-105.0,-115.0,0.558340727595386,0.5185003752661023,0.5525443289176079,0.5659034542430812,0.47996022509768166,0.4546899956552038,0.4891657638136511,0.47402316494607954,0.4010271064925364
2024_04_PIT_IND,2024,4,2024-09-29,IND,PIT,1.0,-2.5,110.0,-130.0,0.558340727595386,0.37910965135064456,0.4514149077603058,0.4694923810297675,0.472592321127766,0.40190818902671005,0.4572564612326044,0.42409997573914426,0.4533103354612688
2024_04_NE_SF,2024,4,2024-09-29,SF,NE,1.0,10.5,-550.0,410.0,0.558340727595386,0.8243944126362798,0.8013031063684808,0.7875083476621718,0.8405390935757205,0.81345075212152,0.8118668596237336,0.8053561906783298,0.7562108397484254
2024_04_WAS_ARI,2024,4,2024-09-29,ARI,WAS,0.0,3.5,-180.0,150.0,0.558340727595386,0.6059553033648656,0.6509963960610938,0.6394651286296513,0.618984971193155,0.6143435676441689,0.6164383561643836,0.62483691759158,0.5967446930363697
2024_04_CLE_LV,2024,4,2024-09-29,LV,CLE,1.0,-2.5,114.0,-135.0,0.558340727595386,0.5430216904802263,0.5976497040213081,0.5758604136002162,0.5544071430956289,0.40190818902671005,0.448558885283451,0.4629484841303868,0.4949457695155089
2024_04_KC_LAC,2024,4,2024-09-29,LAC,KC,0.0,-7.5,275.0,-345.0,0.558340727595386,0.2750234944603988,0.3013073149545383,0.31741342154853036,0.31875246096829696,0.2466064576653563,0.2559309849029475,0.21040176226890364,0.19253480817957128
2024_04_BUF_BAL,2024,4,2024-09-29,BAL,BUF,1.0,2.5,-135.0,114.0,0.558340727595386,0.47690393062315267,0.4141067782483367,0.401351883136492,0.36688790540037086,0.5797513527947042,0.551441114716549,0.5160609161060193,0.46764812576291825
2024_04_TEN_MIA,2024,4,2024-09-30,MIA,TEN,0.0,2.5,-135.0,114.0,0.558340727595386,0.730871668126312,0.6228046024543016,0.6497132855908737,0.7035858175977984,0.5797513527947042,0.551441114716549,0.5529412534257627,0.6291438868744821
2024_04_SEA_DET,2024,4,2024-09-30,DET,SEA,1.0,3.5,-185.0,154.0,0.558340727595386,0.613306031863949,0.6003174531738512,0.60176539550434,0.6846120457143738,0.6143435676441689,0.6224665518611737,0.589207802200144,0.6752931088126721
2024_05_TB_ATL,2024,5,2024-10-03,ATL,TB,1.0,2.5,-142.0,120.0,0.558340727595386,0.4055013761695718,0.3830873794044723,0.4374764318335159,0.38430095257770014,0.5797513527947042,0.5634920634920635,0.5649951432783541,0.5122214146071158
2024_05_NYJ_MIN,2024,5,2024-10-06,MIN,NYJ,1.0,2.5,-142.0,120.0,0.558340727595386,0.647399135667634,0.5401078247876203,0.4088478133515154,0.7359909733878006,0.5797513527947042,0.5634920634920635,0.5178538411068526,0.6730551204783437
2024_05_BAL_CIN,2024,5,2024-10-06,CIN,BAL,0.0,-2.5,124.0,-148.0,0.558340727595386,0.37034853656148675,0.3919423634389429,0.42849095675001925,0.37743779111956355,0.40190818902671005,0.42794036443953615,0.4482280571437564,0.40111833929618684
2024_05_BUF_HOU,2024,5,2024-10-06,HOU,BUF,1.0,1.0,-118.0,-102.0,0.558340727595386,0.373500559848361,0.32593002926641107,0.354349033460531,0.4111602818225353,0.5264679232210603,0.5173641257162701,0.46224221092577367,0.5593827154675428
2024_05_CAR_CHI,2024,5,2024-10-06,CHI,CAR,1.0,4.0,-198.0,164.0,0.558340727595386,0.7416880385431455,0.7041272173544989,0.6026889946592499,0.6745359966337768,0.6312387543624439,0.6369041816941223,0.6042006681008953,0.6211140837449891
2024_05_CLE_WAS,2024,5,2024-10-06,WAS,CLE,1.0,3.0,-155.0,130.0,0.558340727595386,0.5586601138914767,0.6244816869586305,0.5982500758674227,0.6262287779811118,0.5971682915982199,0.5829926410466066,0.6920778695778393,0.5855017504492532
2024_05_IND_JAX,2024,5,2024-10-06,JAX,IND,1.0,3.5,-185.0,154.0,0.558340727595386,0.5126421804172233,0.49068130118892445,0.5006478580992321,0.5093763908000127,0.6143435676441689,0.6224665518611737,0.61805868664194,0.6116032467539331
2024_05_MIA_NE,2024,5,2024-10-06,NE,MIA,0.0,-2.0,110.0,-130.0,0.558340727595386,0.4820259464500777,0.46480572249876295,0.5424418556093812,0.43492334177960285,0.4193132355902297,0.4572564612326044,0.44085202393576794,0.48439162055517243
2024_05_ARI_SF,2024,5,2024-10-06,SF,ARI,0.0,7.0,-325.0,260.0,0.558340727595386,0.8411891817283549,0.7482772720897697,0.7671702580246197,0.799311884962877,0.72493982761476,0.7335423197492164,0.6513808768252674,0.7678973952815388
2024_05_LV_DEN,2024,5,2024-10-06,DEN,LV,1.0,3.0,-155.0,130.0,0.558340727595386,0.6087364061182563,0.5113334449984402,0.4439952337244323,0.5169874344871888,0.5971682915982199,0.5829926410466066,0.56810125532868,0.5307325759059336
2024_05_GB_LA,2024,5,2024-10-06,LA,GB,0.0,-3.0,130.0,-155.0,0.558340727595386,0.4338189594922652,0.4660791631627035,0.49052244716011806,0.4597232025521787,0.38474691941412104,0.4170073589533933,0.45482785608218945,0.4895324607974753
2024_05_NYG_SEA,2024,5,2024-10-06,SEA,NYG,0.0,7.0,-310.0,250.0,0.558340727595386,0.7146369109243849,0.69091980125335,0.6810276549157152,0.8439566560347125,0.72493982761476,0.725752508361204,0.7440885238148073,0.8510476741034023
2024_05_DAL_PIT,2024,5,2024-10-06,PIT,DAL,0.0,2.5,-135.0,114.0,0.558340727595386,0.5786839271644668,0.4198274802518339,0.3644679047101539,0.36520998561697565,0.5797513527947042,0.551441114716549,0.5250645549692007,0.45145133473604926
2024_05_NO_KC,2024,5,2024-10-07,KC,NO,1.0,5.5,-230.0,190.0,0.558340727595386,0.7582255240010639,0.5982833608060619,0.623731071029853,0.7643530928785924,0.6799009762299164,0.6690070210631895,0.6885500294802923,0.6969854037056925
2024_06_SF_SEA,2024,6,2024-10-10,SEA,SF,0.0,-3.5,164.0,-198.0,0.558340727595386,0.4010836554596122,0.3773950692665564,0.3420327537224629,0.41040159532783876,0.36786771849512667,0.3630958183058778,0.38256272933993524,0.48999134701187064
2024_06_JAX_CHI,2024,6,2024-10-13,CHI,JAX,1.0,-1.5,100.0,-120.0,0.558340727595386,0.5531002467795871,0.49596865799052436,0.47526258570139657,0.48501010444821424,0.4369213966826836,0.4782608695652174,0.3635006477750722,0.3739343128735151
2024_06_ARI_GB,2024,6,2024-10-13,GB,ARI,1.0,5.5,-238.0,195.0,0.558340727595386,0.7860028836612294,0.7065291860184857,0.707036281155383,0.7076537527861367,0.6799009762299164,0.6750312469954812,0.6398704576955799,0.6560667164769903
2024_06_CLE_PHI,2024,6,2024-10-13,PHI,CLE,1.0,8.0,-425.0,330.0,0.558340727595386,0.6950761463338775,0.7324648331299658,0.6910616419089157,0.6899372605394084,0.7526793143838111,0.7768331562167907,0.8108391976700011,0.7895513067614582
2024_06_HOU_NE,2024,6,2024-10-13,NE,HOU,0.0,-6.5,215.0,-265.0,0.558340727595386,0.35224719029608864,0.37161893074872615,0.34341072321276184,0.3974243664841109,0.2742950299036809,0.30423004792665137,0.30420635679022906,0.3379537080488308
2024_06_IND_TEN,2024,6,2024-10-13,TEN,IND,0.0,2.5,-135.0,114.0,0.558340727595386,0.5156068134855201,0.5625875084235015,0.5588691484641101,0.5178174828908522,0.5797513527947042,0.551441114716549,0.6196939257753865,0.5873647815340602
2024_06_TB_NO,2024,6,2024-10-13,NO,TB,0.0,-3.5,145.0,-175.0,0.558340727595386,0.5943763937533925,0.5440146266079786,0.44869941063542174,0.5919575138561709,0.36786771849512667,0.39076376554174075,0.34557877217884064,0.4088939187751439
2024_06_WAS_BAL,2024,6,2024-10-13,BAL,WAS,1.0,6.5,-285.0,230.0,0.558340727595386,0.7966568988270828,0.7358032816779867,0.7057221259348504,0.7276033836960316,0.7103678855007944,0.7095435684647302,0.6763494860511151,0.7264237118123251
2024_06_LAC_DEN,2024,6,2024-10-13,DEN,LAC,0.0,-3.0,130.0,-155.0,0.558340727595386,0.6420459387268898,0.5484927800521429,0.45478344605816945,0.5364485467462937,0.38474691941412104,0.4170073589533933,0.376284951653413,0.37331811390701386
2024_06_PIT_LV,2024,6,2024-10-13,LV,PIT,0.0,-3.5,150.0,-180.0,0.558340727595386,0.4109085620847905,0.49344847334736874,0.5422127142514882,0.4480732308381622,0.36786771849512667,0.3835616438356164,0.4048853937395692,0.43196519447146625
2024_06_ATL_CAR,2024,6,2024-10-13,CAR,ATL,0.0,-6.0,210.0,-258.0,0.558340727595386,0.37787892554326563,0.3138603421509725,0.3262503062688252,0.3314692926613206,0.28884258754208414,0.30920711694593195,0.27890785420735015,0.19105063458271615
2024_06_DET_DAL,2024,6,2024-10-13,DAL,DET,0.0,-3.5,150.0,-180.0,0.558340727595386,0.5304563093115725,0.5407067345595021,0.5703575892144447,0.4726655349225489,0.36786771849512667,0.3835616438356164,0.4076055571710454,0.40796860865771395
2024_06_CIN_NYG,2024,6,2024-10-13,NYG,CIN,0.0,-4.5,190.0,-230.0,0.558340727595386,0.5060257294613341,0.39819769439883695,0.3842506905238002,0.3434620384897889,0.33509503649843925,0.33099297893681046,0.30509394114879046,0.312505578916397
2024_06_BUF_NYJ,2024,6,2024-10-14,NYJ,BUF,0.0,-1.0,102.0,-122.0,0.558340727595386,0.33714034572615503,0.25609111435710613,0.3293983481309462,0.37243552176775263,0.4546899956552038,0.4739134147382802,0.349213330053041,0.40006119761786413
2024_07_DEN_NO,2024,7,2024-10-17,NO,DEN,0.0,-2.5,124.0,-148.0,0.558340727595386,0.5832815200213727,0.6119470717156232,0.5905885519097126,0.6562781304452917,0.40190818902671005,0.42794036443953615,0.42414321920359704,0.5517736082392742
2024_07_NE_JAX,2024,7,2024-10-20,JAX,NE,1.0,6.5,-298.0,240.0,0.558340727595386,0.59411367791171,0.5613449572118072,0.5659696249887644,0.5867618093361958,0.7103678855007944,0.7179705215419501,0.6866989163339005,0.6939748376250173
2024_07_CIN_CLE,2024,7,2024-10-20,CLE,CIN,0.0,-5.5,190.0,-230.0,0.558340727595386,0.41260143376824165,0.33220502060816626,0.36649134625034463,0.36192449511957964,0.30383866019018163,0.33099297893681046,0.2580839833351456,0.2359673039055474
2024_07_DET_MIN,2024,7,2024-10-20,MIN,DET,0.0,1.0,-118.0,-102.0,0.558340727595386,0.4981190127366763,0.43525111556781876,0.41518980430527225,0.3894374260837607,0.5264679232210603,0.5173641257162701,0.5121274874541626,0.476737185151145
2024_07_HOU_GB,2024,7,2024-10-20,GB,HOU,1.0,3.0,-170.0,142.0,0.558340727595386,0.6286447654145175,0.6469267538857404,0.619676623027331,0.6850440320759075,0.5971682915982199,0.6037569709421778,0.613509068011512,0.5983694765830356
2024_07_MIA_IND,2024,7,2024-10-20,IND,MIA,1.0,3.0,-155.0,130.0,0.558340727595386,0.5740974230190706,0.5702177642666704,0.6002953364597792,0.6335485907791129,0.5971682915982199,0.5829926410466066,0.6206738220830085,0.6031135673909971
2024_07_PHI_NYG,2024,7,2024-10-20,NYG,PHI,0.0,-3.0,140.0,-166.0,0.558340727595386,0.43044425671849784,0.3855185004052523,0.3831936479414844,0.4276956189444598,0.38474691941412104,0.4003612281757977,0.3438530820762888,0.39774566186046983
2024_07_SEA_ATL,2024,7,2024-10-20,ATL,SEA,0.0,3.0,-162.0,136.0,0.558340727595386,0.5595283439678846,0.5643962761820275,0.6137438697600262,0.4503576610595247,0.5971682915982199,0.593369754159424,0.5991507409370427,0.4873671564534885
2024_07_TEN_BUF,2024,7,2024-10-20,BUF,TEN,1.0,9.5,-535.0,400.0,0.558340727595386,0.8332615192557833,0.7813188293483192,0.7347220299048526,0.8157053881442341,0.7906313861867238,0.8081570996978852,0.8124465641579273,0.839023132290775
2024_07_CAR_WAS,2024,7,2024-10-20,WAS,CAR,1.0,10.0,-535.0,400.0,0.558340727595386,0.7783164156778339,0.7808433181310948,0.758118784514223,0.8397427463063911,0.8022890412258307,0.8081570996978852,0.8242532647328344,0.9016140422910053
2024_07_LV_LA,2024,7,2024-10-20,LA,LV,1.0,7.0,-355.0,280.0,0.558340727595386,0.6190104812603457,0.6754457433382752,0.6807906711196009,0.607205771749923,0.72493982761476,0.7477827050997783,0.7608781865757253,0.7700490584404077
2024_07_KC_SF,2024,7,2024-10-20,SF,KC,0.0,2.5,-142.0,120.0,0.558340727595386,0.4630820893730012,0.5137789667348385,0.5046156562458062,0.603417524123785,0.5797513527947042,0.5634920634920635,0.5562269050180653,0.6442150443850829
2024_07_NYJ_PIT,2024,7,2024-10-20,PIT,NYJ,1.0,-3.0,140.0,-166.0,0.558340727595386,0.7268612542167358,0.695254229354069,0.6482312809562304,0.7101314971116631,0.38474691941412104,0.4003612281757977,0.43517153771137906,0.45670696575677117
2024_07_BAL_TB,2024,7,2024-10-21,TB,BAL,0.0,-4.5,185.0,-225.0,0.558340727595386,0.40832456180038285,0.43431806025012165,0.4483563004664868,0.3920575276193859,0.33509503649843925,0.33635187580853815,0.35797324217582116,0.37117156541339413
2024_07_LAC_ARI,2024,7,2024-10-21,ARI,LAC,1.0,-1.0,102.0,-122.0,0.558340727595386,0.4270637676467612,0.5180264702920404,0.46646088271358227,0.4953822626720501,0.4546899956552038,0.4739134147382802,0.5261368390187893,0.47274288006443094
2024_08_MIN_LA,2024,8,2024-10-24,LA,MIN,1.0,-3.0,130.0,-155.0,0.558340727595386,0.4024823047835408,0.4943351766693786,0.5695934518672656,0.429778553282502,0.38474691941412104,0.4170073589533933,0.4544688973193778,0.41625766449404533
2024_08_ARI_MIA,2024,8,2024-10-27,MIA,ARI,0.0,4.0,-198.0,164.0,0.558340727595386,0.6374496715882328,0.5440297099748929,0.5031924169654359,0.4708829430727832,0.6312387543624439,0.6369041816941223,0.5795375248444722,0.5659011819354226
2024_08_ATL_TB,2024,8,2024-10-27,TB,ATL,0.0,-1.5,102.0,-122.0,0.558340727595386,0.701573014989838,0.6285843182006814,0.5822500121042319,0.7137830720894017,0.4369213966826836,0.4739134147382802,0.42399085795732677,0.5610763856891275
2024_08_BAL_CLE,2024,8,2024-10-27,CLE,BAL,1.0,-7.5,300.0,-380.0,0.558340727595386,0.20047766454103877,0.2038229067078298,0.3012803406422094,0.2202488991831904,0.2466064576653563,0.24000000000000005,0.23640789462462458,0.20351823282266393
2024_08_GB_JAX,2024,8,2024-10-27,JAX,GB,0.0,-3.5,160.0,-192.0,0.558340727595386,0.3474096048493786,0.40229430579841086,0.39772926911272566,0.45776940665030275,0.36786771849512667,0.3690596562184025,0.43180942606195083,0.5012971652118485
2024_08_IND_HOU,2024,8,2024-10-27,HOU,IND,1.0,5.0,-225.0,185.0,0.558340727595386,0.6394604876579719,0.5968502901329005,0.6136289236630518,0.5840922451522462,0.6640487336512977,0.6636481241914618,0.6429127566563548,0.5782870535864489
2024_08_NYJ_NE,2024,8,2024-10-27,NE,NYJ,1.0,-7.0,245.0,-305.0,0.558340727595386,0.41445868106566564,0.4205078114292015,0.3642838244521593,0.3569425074499467,0.26021207002452285,0.27792074112197634,0.28356810938143306,0.20157062956930188
2024_08_PHI_CIN,2024,8,2024-10-27,CIN,PHI,0.0,2.5,-148.0,124.0,0.558340727595386,0.547413569927236,0.5741505492461989,0.6000140037321646,0.621974315840217,0.5797513527947042,0.5720596355604638,0.6219663684603108,0.6242755657241783
2024_08_TEN_DET,2024,8,2024-10-27,DET,TEN,1.0,12.5,-800.0,550.0,0.558340727595386,0.85389356784321,0.802064437455177,0.7738410759181141,0.7992325626925006,0.8532471613855874,0.8524590163934427,0.8297478743813783,0.8787920302055567
2024_08_BUF_SEA,2024,8,2024-10-27,SEA,BUF,0.0,-3.0,142.0,-170.0,0.558340727595386,0.37836982028810756,0.36216470125988093,0.3468543508691828,0.3696121786777381,0.38474691941412104,0.3962430290578221,0.3686613876809185,0.48976174718685145
2024_08_NO_LAC,2024,8,2024-10-27,LAC,NO,1.0,7.0,-310.0,250.0,0.558340727595386,0.5928478419275285,0.5084204147448046,0.6421625529726105,0.49776165610664225,0.72493982761476,0.725752508361204,0.7003407134048376,0.7532287309216902
2024_08_CAR_DEN,2024,8,2024-10-27,DEN,CAR,1.0,13.0,-750.0,525.0,0.558340727595386,0.842703895309142,0.82694912429205,0.8843177769802937,0.8182388757708783,0.8620267877630967,0.8465011286681716,0.8585375073759901,0.8805395758433585
2024_08_CHI_WAS,2024,8,2024-10-27,WAS,CHI,1.0,1.5,-122.0,102.0,0.558340727595386,0.5258580337725814,0.5176962399155053,0.5616978118889919,0.4860558809611079,0.5443575983846037,0.5260865852617197,0.5734072767451132,0.6108664883827786
2024_08_KC_LV,2024,8,2024-10-27,LV,KC,0.0,-9.0,340.0,-440.0,0.558340727595386,0.16753059972658282,0.23561828229852005,0.23236163452651964,0.22041825135588086,0.20873359175176937,0.21809369951534735,0.1983046829023838,0.23219686796096461
2024_08_DAL_SF,2024,8,2024-10-27,SF,DAL,1.0,5.5,-238.0,195.0,0.558340727595386,0.6695970595088356,0.5799738020687244,0.586417348653228,0.5986486678430123,0.6799009762299164,0.6750312469954812,0.6217862957831173,0.6533727273485769
2024_08_NYG_PIT,2024,8,2024-10-28,PIT,NYG,1.0,6.0,-270.0,220.0,0.558340727595386,0.7941170768571295,0.7933913136174868,0.78476522520684,0.7240387047204992,0.6953483822062235,0.7001620745542949,0.7253742992786012,0.6416076581515731
2024_09_HOU_NYJ,2024,9,2024-10-31,NYJ,HOU,1.0,2.5,-148.0,124.0,0.558340727595386,0.38758751560639415,0.4353495995721189,0.48516371038862527,0.4130610829461686,0.5797513527947042,0.5720596355604638,0.5950859618252837,0.5081464999515977
2024_09_DAL_ATL,2024,9,2024-11-03,ATL,DAL,1.0,3.0,-166.0,140.0,0.558340727595386,0.47856412652825336,0.5034189633726447,0.51255462752127,0.4493781256044439,0.5971682915982199,0.5996387718242023,0.5769220020191934,0.5159214669221396
2024_09_DEN_BAL,2024,9,2024-11-03,BAL,DEN,1.0,9.0,-440.0,330.0,0.558340727595386,0.7298291290558919,0.7076845388122206,0.7122966120921155,0.6520103093137087,0.7784761529088643,0.7779605263157894,0.7809836753655546,0.624161485230304
2024_09_LAC_CLE,2024,9,2024-11-03,CLE,LAC,0.0,-2.0,110.0,-130.0,0.558340727595386,0.4732208651897317,0.49237646109727023,0.5157335597095373,0.42620530549513963,0.4193132355902297,0.4572564612326044,0.4546465748124129,0.46533047789851545
2024_09_LV_CIN,2024,9,2024-11-03,CIN,LV,1.0,8.0,-410.0,320.0,0.558340727595386,0.7128029566487315,0.7032350658576368,0.6944471602838618,0.7953054362756964,0.7526793143838111,0.771505376344086,0.7874820828056495,0.8171746866183256
2024_09_MIA_BUF,2024,9,2024-11-03,BUF,MIA,1.0,6.5,-285.0,230.0,0.558340727595386,0.8295995849252502,0.8189953356113644,0.7023648341974117,0.8241722080389301,0.7103678855007944,0.7095435684647302,0.7478197917515758,0.7775817016908606
2024_09_NE_TEN,2024,9,2024-11-03,TEN,NE,1.0,3.0,-162.0,136.0,0.558340727595386,0.6240207829824234,0.5836246997499748,0.5910742097838613,0.5850579385299896,0.5971682915982199,0.593369754159424,0.589654951104867,0.5807772434321806
2024_09_NO_CAR,2024,9,2024-11-03,CAR,NO,1.0,-7.0,275.0,-345.0,0.558340727595386,0.3415038574559579,0.33196615366252086,0.1808996429580323,0.4767820490973849,0.26021207002452285,0.2559309849029475,0.2965693782104504,0.32785845475066894
2024_09_WAS_NYG,2024,9,2024-11-03,NYG,WAS,0.0,-4.5,180.0,-218.0,0.558340727595386,0.43409426452418187,0.29027412928993296,0.3513894464261728,0.33959482123709417,0.33509503649843925,0.34252477380439467,0.2881505670391427,0.27554743023861955
2024_09_CHI_ARI,2024,9,2024-11-03,ARI,CHI,1.0,1.5,-120.0,100.0,0.558340727595386,0.44764518761191624,0.4800369525310784,0.5091394604516253,0.5586724499374592,0.5443575983846037,0.5217391304347826,0.6120686572932155,0.6509544769108464
2024_09_JAX_PHI,2024,9,2024-11-03,PHI,JAX,1.0,7.5,-340.0,270.0,0.558340727595386,0.7670842453970359,0.7089186023743864,0.7052107151235721,0.6605505341665284,0.7390479457390545,0.740871613663133,0.7461952987935008,0.7372952392471452
2024_09_DET_GB,2024,9,2024-11-03,GB,DET,0.0,-2.5,130.0,-155.0,0.558340727595386,0.48754995671277745,0.4264019167466973,0.44188100628377786,0.42293536473179694,0.40190818902671005,0.4170073589533933,0.38403899268487074,0.4430264559542007
2024_09_LA_SEA,2024,9,2024-11-03,SEA,LA,0.0,-1.5,105.0,-125.0,0.558340727595386,0.5592202960822171,0.46971744763081846,0.4435573694714391,0.5495696074874657,0.4369213966826836,0.4675324675324675,0.41721550588773854,0.49027092854315724
2024_09_IND_MIN,2024,9,2024-11-03,MIN,IND,1.0,6.5,-298.0,240.0,0.558340727595386,0.6711041170355765,0.6349723732310935,0.6026920925380849,0.6385791094172489,0.7103678855007944,0.7179705215419501,0.7083360297711643,0.7006257826806608
2024_09_TB_KC,2024,9,2024-11-04,KC,TB,1.0,9.0,-425.0,330.0,0.558340727595386,0.8296390310818119,0.712194982788832,0.7438005394419286,0.7150732963534653,0.7784761529088643,0.7768331562167907,0.7917865749795531,0.8443424614804063
2024_10_CIN_BAL,2024,10,2024-11-07,BAL,CIN,1.0,6.0,-270.0,220.0,0.558340727595386,0.7566942613518418,0.6882109901723408,0.6480842604552033,0.6727182439365877,0.6953483822062235,0.7001620745542949,0.6380047701300191,0.5003307394195823
2024_10_NYG_CAR,2024,10,2024-11-10,CAR,NYG,1.0,-6.5,240.0,-298.0,0.558340727595386,0.3596030042605158,0.34532685883024744,0.5079560114813911,0.3872196787425398,0.2742950299036809,0.2820294784580499,0.2858957949299214,0.29878694781160975
2024_10_ATL_NO,2024,10,2024-11-10,NO,ATL,1.0,-3.5,160.0,-192.0,0.558340727595386,0.4835903228560258,0.43188049431121345,0.4439379270466575,0.5121371910835468,0.36786771849512667,0.3690596562184025,0.32880534139250217,0.3876827656283422
2024_10_BUF_IND,2024,10,2024-11-10,IND,BUF,0.0,-4.5,190.0,-230.0,0.558340727595386,0.28369486120565984,0.24154794488497633,0.24298050697557977,0.3481119261399738,0.33509503649843925,0.33099297893681046,0.2798517712066857,0.3308024445464509
2024_10_DEN_KC,2024,10,2024-11-10,KC,DEN,1.0,7.5,-380.0,300.0,0.558340727595386,0.8317542240395839,0.749154600680096,0.7920908497354805,0.7808961504195286,0.7390479457390545,0.7600000000000001,0.7457616691943535,0.7601357409453054
2024_10_MIN_JAX,2024,10,2024-11-10,JAX,MIN,0.0,-7.0,280.0,-345.0,0.558340727595386,0.3656880233286692,0.4987705651704336,0.4700443861989166,0.5471850869858594,0.26021207002452285,0.25341685649202733,0.36179871261508284,0.37120010462403646
2024_10_NE_CHI,2024,10,2024-11-10,CHI,NE,0.0,6.5,-325.0,260.0,0.558340727595386,0.7294614179538229,0.6960552360791433,0.6725216356086575,0.6652974909390652,0.7103678855007944,0.7335423197492164,0.6890592552146211,0.6930043728015394
2024_10_PIT_WAS,2024,10,2024-11-10,WAS,PIT,0.0,1.5,-122.0,102.0,0.558340727595386,0.4348118268458788,0.49294064034650054,0.47934383539674963,0.5527468000657234,0.5443575983846037,0.5260865852617197,0.5667835326665731,0.6338337100774596
2024_10_SF_TB,2024,10,2024-11-10,TB,SF,0.0,-6.5,240.0,-298.0,0.558340727595386,0.39606156899312694,0.4124820058479749,0.3861966515051997,0.3880420391539431,0.2742950299036809,0.2820294784580499,0.3083822423374319,0.28466269446621223
2024_10_TEN_LAC,2024,10,2024-11-10,LAC,TEN,1.0,8.0,-380.0,300.0,0.558340727595386,0.7340477556056741,0.6910231689766767,0.7113308292160506,0.7040358834262488,0.7526793143838111,0.7600000000000001,0.7368698957770444,0.816777114103548
2024_10_NYJ_ARI,2024,10,2024-11-10,ARI,NYJ,1.0,-2.0,110.0,-130.0,0.558340727595386,0.562421849222232,0.5996668817649681,0.5233177129636163,0.6138946922447462,0.4193132355902297,0.4572564612326044,0.4829552314165595,0.46704141788642806
2024_10_PHI_DAL,2024,10,2024-11-10,DAL,PHI,0.0,-7.5,285.0,-360.0,0.558340727595386,0.4364364250745589,0.4257623222209876,0.3223713245479515,0.4258226336224692,0.2466064576653563,0.2491874322860238,0.2565464138543137,0.2121088997399818
2024_10_DET_HOU,2024,10,2024-11-10,HOU,DET,0.0,-4.5,190.0,-230.0,0.558340727595386,0.33566819377862,0.3520597220351154,0.3816384480324693,0.3368828075785503,0.33509503649843925,0.33099297893681046,0.3282164053891853,0.29923996744119535
2024_10_MIA_LA,2024,10,2024-11-11,LA,MIA,0.0,2.5,-142.0,120.0,0.558340727595386,0.6772224604151164,0.6314832980957408,0.6030637997751318,0.695273590124948,0.5797513527947042,0.5634920634920635,0.594158827816668,0.6243365721150043
2024_11_WAS_PHI,2024,11,2024-11-14,PHI,WAS,1.0,4.5,-230.0,190.0,0.558340727595386,0.732046444470038,0.6133303472634237,0.6259975872189771,0.6637410900955121,0.647818089343369,0.6690070210631895,0.5899591804098104,0.5608251710626855
2024_11_BAL_PIT,2024,11,2024-11-17,PIT,BAL,1.0,-3.0,145.0,-175.0,0.558340727595386,0.46860777506672596,0.36236726344590825,0.37375173787857474,0.37480655595815127,0.38474691941412104,0.39076376554174075,0.3602910526841402,0.3693207266466795
2024_11_CLE_NO,2024,11,2024-11-17,NO,CLE,1.0,-1.0,-105.0,-115.0,0.558340727595386,0.6167766347143925,0.5688586387783201,0.548826012940488,0.6440609821915767,0.4546899956552038,0.4891657638136511,0.4459052418440631,0.544299274564957
2024_11_GB_CHI,2024,11,2024-11-17,CHI,GB,0.0,-6.0,215.0,-265.0,0.558340727595386,0.333711027369106,0.28969329995051607,0.26525575017299907,0.30440155583647804,0.28884258754208414,0.30423004792665137,0.2560489749897925,0.22696196335173677
2024_11_IND_NYJ,2024,11,2024-11-17,NYJ,IND,0.0,4.0,-205.0,170.0,0.558340727595386,0.5251976615568346,0.5558982945051344,0.625330138769864,0.5583091108195278,0.6312387543624439,0.644729178800233,0.6775551585209705,0.6860044684585292
2024_11_JAX_DET,2024,11,2024-11-17,DET,JAX,1.0,14.0,-1000.0,650.0,0.558340727595386,0.8716840253409904,0.8172196454486321,0.8310359101125148,0.8597306438180928,0.8782628237533849,0.8720930232558138,0.8691725168457454,0.9205110165645513
2024_11_LA_NE,2024,11,2024-11-17,NE,LA,0.0,-4.0,164.0,-198.0,0.558340727595386,0.41785238298012334,0.47392022894140323,0.43928491567843386,0.48841341928754567,0.35130619865822205,0.3630958183058778,0.41291272583130056,0.5112893791696599
2024_11_LV_MIA,2024,11,2024-11-17,MIA,LV,1.0,8.0,-425.0,330.0,0.558340727595386,0.6849656774462749,0.578708893683467,0.601540385595374,0.5923562111564616,0.7526793143838111,0.7768331562167907,0.719229702857333,0.7646514046888582
2024_11_MIN_TEN,2024,11,2024-11-17,TEN,MIN,0.0,-6.0,235.0,-290.0,0.558340727595386,0.2998042630866931,0.4125692141029017,0.4681115349216873,0.5235355937615036,0.28884258754208414,0.28644876973925815,0.3845861686791647,0.34705852170674334
2024_11_ATL_DEN,2024,11,2024-11-17,DEN,ATL,1.0,2.0,-135.0,114.0,0.558340727595386,0.6247191253957631,0.5590245898088478,0.50848501899019,0.4101708076860419,0.5621335306109008,0.551441114716549,0.5900729133237997,0.5011887837967379
2024_11_SEA_SF,2024,11,2024-11-17,SF,SEA,0.0,6.0,-265.0,215.0,0.558340727595386,0.7765123633775748,0.6743476398486109,0.6939491552269841,0.7015626681749544,0.6953483822062235,0.6957699520733487,0.6387738734628128,0.6388103792708935
2024_11_KC_BUF,2024,11,2024-11-17,BUF,KC,1.0,2.5,-142.0,120.0,0.558340727595386,0.4824591215371748,0.5697289503300617,0.5455880074264088,0.6137107373319662,0.5797513527947042,0.5634920634920635,0.6038290243153063,0.6885038737461875
2024_11_CIN_LAC,2024,11,2024-11-17,LAC,CIN,1.0,1.0,-110.0,-110.0,0.558340727595386,0.59166153375554,0.48367088543714576,0.4998209425071879,0.4280623155112626,0.5264679232210603,0.5,0.46586480693864596,0.4225556915052339
2024_11_HOU_DAL,2024,11,2024-11-18,DAL,HOU,0.0,-7.5,285.0,-360.0,0.558340727595386,0.5188057938878338,0.5365641553588698,0.4658159155886866,0.5797479761834734,0.2466064576653563,0.2491874322860238,0.30610289633726223,0.31329715742596215
2024_12_PIT_CLE,2024,12,2024-11-21,CLE,PIT,1.0,-3.5,170.0,-205.0,0.558340727595386,0.2527097942424357,0.26910465911132236,0.32571025296282385,0.42598736809061083,0.36786771849512667,0.35527082119976705,0.32965627030095,0.598633865040465
2024_12_DAL_WAS,2024,12,2024-11-24,WAS,DAL,0.0,10.5,-625.0,455.0,0.558340727595386,0.632241604752349,0.7069728581855603,0.7358505452638421,0.6272324236040845,0.81345075212152,0.827123695976155,0.837160474064871,0.8235695399402548
2024_12_DET_IND,2024,12,2024-11-24,IND,DET,0.0,-7.0,295.0,-375.0,0.558340727595386,0.24259849388182783,0.2136271537378976,0.22047245403333854,0.3314016860069182,0.26021207002452285,0.2428115015974441,0.2583253860166075,0.2767577465556465
2024_12_KC_CAR,2024,12,2024-11-24,CAR,KC,0.0,-11.0,500.0,-700.0,0.558340727595386,0.10407589832766737,0.20738506772226686,0.22207891088598605,0.3615819943415958,0.1651655285984778,0.15999999999999998,0.1948622842961629,0.23285351576997693
2024_12_MIN_CHI,2024,12,2024-11-24,CHI,MIN,0.0,-3.0,145.0,-175.0,0.558340727595386,0.3161770141101186,0.416591817164719,0.42046112798458535,0.3718134983865458,0.38474691941412104,0.39076376554174075,0.43534251880378716,0.3707835461582447
2024_12_NE_MIA,2024,12,2024-11-24,MIA,NE,1.0,7.5,-360.0,285.0,0.558340727595386,0.724996864205098,0.6493108630394736,0.6930780858937093,0.718240229718375,0.7390479457390545,0.7508125677139762,0.7143555325603899,0.7648629057676598
2024_12_TB_NYG,2024,12,2024-11-24,NYG,TB,0.0,-6.5,240.0,-298.0,0.558340727595386,0.3838813320098962,0.34361197170653546,0.2836395099568234,0.37584319782602255,0.2742950299036809,0.2820294784580499,0.24997677262612347,0.22360427626342083
2024_12_TEN_HOU,2024,12,2024-11-24,HOU,TEN,0.0,8.0,-375.0,295.0,0.558340727595386,0.7823075440556564,0.6938055888405499,0.6971029356031505,0.716477544423806,0.7526793143838111,0.7571884984025559,0.7078709203869383,0.7756054561560244
2024_12_DEN_LV,2024,12,2024-11-24,LV,DEN,0.0,-6.5,225.0,-278.0,0.558340727595386,0.3325210051424167,0.3369615645736385,0.38386610252003617,0.4048983744417178,0.2742950299036809,0.2949668357393679,0.28418490414996217,0.2993946103880486
2024_12_ARI_SEA,2024,12,2024-11-24,SEA,ARI,1.0,-1.0,-105.0,-115.0,0.558340727595386,0.5949175344156538,0.39577000902004345,0.40880843384983356,0.42770388367016515,0.4546899956552038,0.4891657638136511,0.3777849517897643,0.44820743369733446
2024_12_SF_GB,2024,12,2024-11-24,GB,SF,1.0,6.5,-290.0,235.0,0.558340727595386,0.535116487606484,0.5296650293726449,0.7493232071521142,0.44306812978537896,0.7103678855007944,0.7135512302607419,0.7348274915846226,0.6950626964602727
2024_12_PHI_LA,2024,12,2024-11-24,LA,PHI,0.0,-3.0,142.0,-170.0,0.558340727595386,0.3772050228130221,0.3612204185518298,0.39875814212045885,0.38654552876315107,0.38474691941412104,0.3962430290578221,0.3936826611546598,0.40263939722355746
2024_12_BAL_LAC,2024,12,2024-11-25,LAC,BAL,0.0,-3.0,140.0,-166.0,0.558340727595386,0.4108945780566414,0.4071141190882318,0.45020299787603957,0.41207534844952876,0.38474691941412104,0.4003612281757977,0.40344032186244133,0.4116132182872141
2024_13_CHI_DET,2024,13,2024-11-28,DET,CHI,1.0,9.5,-520.0,390.0,0.558340727595386,0.8896173508019579,0.849842619402513,0.8633629583631912,0.9058759015145149,0.7906313861867238,0.8042929292929294,0.7885539948658824,0.9133362641500578
2024_13_NYG_DAL,2024,13,2024-11-28,DAL,NYG,1.0,4.5,-218.0,185.0,0.558340727595386,0.7389367100160857,0.6575730423327621,0.5776469604647431,0.7372152181125563,0.647818089343369,0.661450015969339,0.6471110593734841,0.6580090545054835
2024_13_MIA_GB,2024,13,2024-11-28,GB,MIA,1.0,3.5,-175.0,145.0,0.558340727595386,0.7224948846703098,0.6848036378675489,0.6386166316241239,0.7073747883061957,0.6143435676441689,0.6092362344582594,0.629960710992582,0.6717422063050206
2024_13_LV_KC,2024,13,2024-11-29,KC,LV,1.0,13.5,-800.0,550.0,0.558340727595386,0.9188660208938599,0.8334028785912525,0.8283058439123708,0.8221336750423689,0.8703609690830293,0.8524590163934427,0.8719351428384314,0.933171576310385
2024_13_ARI_MIN,2024,13,2024-12-01,MIN,ARI,1.0,3.5,-185.0,154.0,0.558340727595386,0.7555638293505971,0.6018070545096862,0.5700302084944152,0.6876377004371961,0.6143435676441689,0.6224665518611737,0.5411863964704449,0.588015078246214
2024_13_HOU_JAX,2024,13,2024-12-01,JAX,HOU,0.0,-3.5,160.0,-192.0,0.558340727595386,0.40951233426368466,0.44711098811922234,0.4969645789081313,0.5016615419306116,0.36786771849512667,0.3690596562184025,0.4617240736331857,0.5429765223791925
2024_13_IND_NE,2024,13,2024-12-01,NE,IND,0.0,-2.5,114.0,-135.0,0.558340727595386,0.4318558685875702,0.5123992002132544,0.5082141049484418,0.5042502601614427,0.40190818902671005,0.448558885283451,0.45600136192698465,0.5251385323030313
2024_13_LAC_ATL,2024,13,2024-12-01,ATL,LAC,0.0,-1.0,-102.0,-118.0,0.558340727595386,0.436299757920655,0.5014119094099877,0.5077629475732705,0.5063346959138172,0.4546899956552038,0.4826358742837298,0.48872417162228504,0.5172793187682647
2024_13_PIT_CIN,2024,13,2024-12-01,CIN,PIT,0.0,3.0,-155.0,130.0,0.558340727595386,0.4477191846231046,0.5509866641381489,0.5764861351623727,0.6153019701083675,0.5971682915982199,0.5829926410466066,0.639766648176089,0.6629606216187565
2024_13_SEA_NYJ,2024,13,2024-12-01,NYJ,SEA,0.0,1.0,-115.0,-105.0,0.558340727595386,0.4306802648757968,0.5312637555559055,0.6026367886413958,0.41448729831464554,0.5264679232210603,0.5108342361863488,0.5890285150579827,0.4263454844782259
2024_13_TEN_WAS,2024,13,2024-12-01,WAS,TEN,1.0,6.0,-250.0,205.0,0.558340727595386,0.6479936698065394,0.6978542143351979,0.6795323895918899,0.6766943313053536,0.6953483822062235,0.6853932584269663,0.7423466083025292,0.674387664984891
2024_13_LA_NO,2024,13,2024-12-01,NO,LA,0.0,-2.5,120.0,-142.0,0.558340727595386,0.5398240623905091,0.6253462321975024,0.6266520389388135,0.5443713585462837,0.40190818902671005,0.43650793650793646,0.43856676223390634,0.43188126347525174
2024_13_TB_CAR,2024,13,2024-12-01,CAR,TB,0.0,-6.5,235.0,-290.0,0.558340727595386,0.2717796949403738,0.24832070963393119,0.2827408041813618,0.35936627249014796,0.2742950299036809,0.28644876973925815,0.27990833264623866,0.23311411311508665
2024_13_PHI_BAL,2024,13,2024-12-01,BAL,PHI,0.0,3.0,-162.0,136.0,0.558340727595386,0.5987845401609118,0.5847823319682863,0.5948595454025843,0.5855513429570162,0.5971682915982199,0.593369754159424,0.6302738284162255,0.600045571458434
2024_13_SF_BUF,2024,13,2024-12-01,BUF,SF,1.0,6.5,-340.0,270.0,0.558340727595386,0.7345017633979289,0.7755954353605328,0.6300734350229291,0.7846119945933394,0.7103678855007944,0.740871613663133,0.7878689069934686,0.7709964434285421
2024_13_CLE_DEN,2024,13,2024-12-02,DEN,CLE,1.0,6.5,-290.0,235.0,0.558340727595386,0.746601060104107,0.7356708943542525,0.6894799187098287,0.7184967537072493,0.7103678855007944,0.7135512302607419,0.7368113560559606,0.6803177322849228
2024_14_GB_DET,2024,14,2024-12-05,DET,GB,1.0,3.0,-170.0,142.0,0.558340727595386,0.6855725001827221,0.639691348729726,0.63266226538509,0.6546353936317938,0.5971682915982199,0.6037569709421778,0.560101888815317,0.518842860096433
2024_14_ATL_MIN,2024,14,2024-12-08,MIN,ATL,1.0,6.0,-250.0,205.0,0.558340727595386,0.7826918073480081,0.6793753086097202,0.6107072631076403,0.7024733607687922,0.6953483822062235,0.6853932584269663,0.6727369456799553,0.6717515517190653
2024_14_CAR_PHI,2024,14,2024-12-08,PHI,CAR,1.0,14.0,-950.0,625.0,0.558340727595386,0.925770499536237,0.8775768688735188,0.8527175236829668,0.8944474794841921,0.8782628237533849,0.8677165354330709,0.8696288415081946,0.918782255139826
2024_14_CLE_PIT,2024,14,2024-12-08,PIT,CLE,1.0,6.0,-258.0,210.0,0.558340727595386,0.8115662626036453,0.7579811970017878,0.7184647000270565,0.7428315828865172,0.6953483822062235,0.690792883054068,0.7141674362927851,0.6895374721583513
2024_14_JAX_TEN,2024,14,2024-12-08,TEN,JAX,0.0,3.0,-170.0,142.0,0.558340727595386,0.5536466058479298,0.5189240565852318,0.5825197254548543,0.4498192621201965,0.5971682915982199,0.6037569709421778,0.5460515775006307,0.4657805729508146
2024_14_LV_TB,2024,14,2024-12-08,TB,LV,1.0,7.0,-325.0,260.0,0.558340727595386,0.7825138565207861,0.7538657808057087,0.7333620421692735,0.7921947950143179,0.72493982761476,0.7335423197492164,0.7427243294767206,0.7998808388558926
2024_14_NO_NYG,2024,14,2024-12-08,NYG,NO,0.0,-5.5,200.0,-245.0,0.558340727595386,0.4128217886484103,0.4173850515234675,0.3329075386719387,0.45947717749307604,0.30383866019018163,0.3194444444444444,0.3354275003695282,0.28450573469630663
2024_14_NYJ_MIA,2024,14,2024-12-08,MIA,NYJ,1.0,6.5,-298.0,240.0,0.558340727595386,0.6874035343528989,0.6617429204603678,0.6429718542439432,0.7007987222797877,0.7103678855007944,0.7179705215419501,0.693824322515339,0.7524086386414855
2024_14_SEA_ARI,2024,14,2024-12-08,ARI,SEA,0.0,3.0,-175.0,145.0,0.558340727595386,0.4616699099862416,0.524827335231431,0.5194947894434878,0.4976316544652732,0.5971682915982199,0.6092362344582594,0.605518905914099,0.567879476541223
2024_14_BUF_LA,2024,14,2024-12-08,LA,BUF,1.0,-3.5,160.0,-192.0,0.558340727595386,0.2694307210762329,0.2648209864308745,0.2850394620208019,0.37795781577501547,0.36786771849512667,0.3690596562184025,0.3325209433665877,0.4575479727842042
2024_14_CHI_SF,2024,14,2024-12-08,SF,CHI,1.0,3.0,-162.0,136.0,0.558340727595386,0.7724944790195533,0.6577377708872523,0.7258120777501786,0.635874059938287,0.5971682915982199,0.593369754159424,0.6137527319870364,0.6176687417344184
2024_14_LAC_KC,2024,14,2024-12-08,KC,LAC,1.0,5.0,-238.0,195.0,0.558340727595386,0.7837319128311999,0.6945596629706995,0.6819554047338474,0.7498727274284022,0.6640487336512977,0.6750312469954812,0.6787143600795807,0.6555489721932222
2024_14_CIN_DAL,2024,14,2024-12-09,DAL,CIN,0.0,-5.0,190.0,-230.0,0.558340727595386,0.5626291202002868,0.48024567631736714,0.4286852284158329,0.4246554718315668,0.31926377139202894,0.33099297893681046,0.32217735583782786,0.39279230021310535
2024_15_LA_SF,2024,15,2024-12-12,SF,LA,0.0,3.0,-155.0,130.0,0.558340727595386,0.646117356289084,0.58548963202271,0.6152536271708977,0.5903093860148397,0.5971682915982199,0.5829926410466066,0.5712338879428852,0.570364700541446
2024_15_BAL_NYG,2024,15,2024-12-15,NYG,BAL,0.0,-16.5,1000.0,-1800.0,0.558340727595386,0.1571300328862513,0.1540324499778212,0.14499133585284432,0.25376052036577534,0.08230101605272305,0.08755760368663595,0.07620874847691546,0.17551033982737635
2024_15_CIN_TEN,2024,15,2024-12-15,TEN,CIN,0.0,-6.0,205.0,-250.0,0.558340727595386,0.36051393320070646,0.34163523136134305,0.2892559500711607,0.34661410164457324,0.28884258754208414,0.31460674157303364,0.28303631850024796,0.2526999370735264
2024_15_DAL_CAR,2024,15,2024-12-15,CAR,DAL,0.0,2.5,-142.0,120.0,0.558340727595386,0.33093171244743036,0.4350739891511477,0.36407317873452616,0.40380997029704696,0.5797513527947042,0.5634920634920635,0.6306153730011426,0.5443568870823979
2024_15_KC_CLE,2024,15,2024-12-15,CLE,KC,0.0,-4.5,190.0,-230.0,0.558340727595386,0.15733325392130576,0.21824090855253164,0.23348033762300172,0.2718709534027214,0.33509503649843925,0.33099297893681046,0.27020958535331896,0.31757087570220627
2024_15_MIA_HOU,2024,15,2024-12-15,HOU,MIA,1.0,2.5,-155.0,130.0,0.558340727595386,0.6053298263107162,0.5905963882200299,0.5568904446874375,0.6733101846060735,0.5797513527947042,0.5829926410466066,0.5680318951383508,0.596396484867709
2024_15_NYJ_JAX,2024,15,2024-12-15,JAX,NYJ,0.0,-3.5,145.0,-175.0,0.558340727595386,0.6002009153568981,0.5279213283475626,0.4486278481403316,0.6293947030916195,0.36786771849512667,0.39076376554174075,0.3878657844901875,0.45608237248091776
2024_15_WAS_NO,2024,15,2024-12-15,NO,WAS,0.0,-7.5,295.0,-375.0,0.558340727595386,0.5232086523046192,0.38146934914595887,0.26484186741577703,0.3451221600678758,0.2466064576653563,0.2428115015974441,0.20676280030474734,0.2067689423767953
2024_15_BUF_DET,2024,15,2024-12-15,DET,BUF,0.0,2.5,-130.0,110.0,0.558340727595386,0.5969779684390156,0.5924424114165697,0.5987662080369766,0.4999605234938419,0.5797513527947042,0.5427435387673957,0.5608634052868459,0.483058753393408
2024_15_IND_DEN,2024,15,2024-12-15,DEN,IND,1.0,4.5,-238.0,195.0,0.558340727595386,0.7120386309519913,0.7032648180548856,0.7153201636772132,0.6926571340327322,0.647818089343369,0.6750312469954812,0.6532220189542733,0.6293844718979582
2024_15_NE_ARI,2024,15,2024-12-15,ARI,NE,1.0,6.0,-258.0,210.0,0.558340727595386,0.6800158791478129,0.6123587655131237,0.6122245359088805,0.6587680510455052,0.6953483822062235,0.690792883054068,0.6858582461637008,0.6518437107051814
2024_15_PIT_PHI,2024,15,2024-12-15,PHI,PIT,1.0,5.5,-265.0,215.0,0.558340727595386,0.6624304768928978,0.6599939195411118,0.6455436376953603,0.6691497626400856,0.6799009762299164,0.6957699520733487,0.7065700681012921,0.6956977614973582
2024_15_TB_LAC,2024,15,2024-12-15,LAC,TB,0.0,3.0,-162.0,136.0,0.558340727595386,0.5844526423253967,0.5073744236111393,0.5545202395631921,0.4745354207729836,0.5971682915982199,0.593369754159424,0.6241760904344236,0.5412034800514053
2024_15_GB_SEA,2024,15,2024-12-15,SEA,GB,0.0,-3.0,136.0,-162.0,0.558340727595386,0.45970721744128495,0.380395405974436,0.37678985755576805,0.3666345585938074,0.38474691941412104,0.4066302458405761,0.3555189420635645,0.3747197054927223
2024_15_CHI_MIN,2024,15,2024-12-16,MIN,CHI,1.0,7.0,-325.0,260.0,0.558340727595386,0.8320514627458058,0.7187845152541349,0.7085874867883686,0.7381308396651173,0.72493982761476,0.7335423197492164,0.6636657084314624,0.7411496614005159
2024_15_ATL_LV,2024,15,2024-12-16,LV,ATL,0.0,-6.5,275.0,-345.0,0.558340727595386,0.4545656126709624,0.48177840897855856,0.46950574312662263,0.41719563479072547,0.2742950299036809,0.2559309849029475,0.30192443076851094,0.24699186247749655
2024_16_DEN_LAC,2024,16,2024-12-19,LAC,DEN,1.0,3.0,-148.0,124.0,0.558340727595386,0.46995764152952124,0.42308394629994484,0.478228333213552,0.40001808395195404,0.5971682915982199,0.5720596355604638,0.6024603311901361,0.5288741076841432
2024_16_HOU_KC,2024,16,2024-12-21,KC,HOU,1.0,3.5,-180.0,150.0,0.558340727595386,0.802703190246138,0.7238292559540904,0.7272114184610065,0.8020073273878462,0.6143435676441689,0.6164383561643836,0.6618995487126017,0.73949930795162
2024_16_PIT_BAL,2024,16,2024-12-21,BAL,PIT,1.0,7.0,-345.0,275.0,0.558340727595386,0.6634176464023377,0.6876272687013388,0.6791313088723155,0.7449419943788355,0.72493982761476,0.7440690150970525,0.707829977614791,0.7473306088818403
2024_16_ARI_CAR,2024,16,2024-12-22,CAR,ARI,1.0,-5.5,200.0,-245.0,0.558340727595386,0.3278235242494233,0.3228690672824643,0.2925295684420675,0.3926755332979291,0.30383866019018163,0.3194444444444444,0.3279581456276238,0.30296815248881903
2024_16_CLE_CIN,2024,16,2024-12-22,CIN,CLE,1.0,10.0,-575.0,425.0,0.558340727595386,0.7510043324351772,0.7733454761439142,0.749303944836971,0.8615356592889397,0.8022890412258307,0.817258883248731,0.8407615802640621,0.8535820527504238
2024_16_DET_CHI,2024,16,2024-12-22,CHI,DET,0.0,-7.0,270.0,-340.0,0.558340727595386,0.16768972227655984,0.15723549615720098,0.14860509087206622,0.18702578350970453,0.26021207002452285,0.2591283863368669,0.23487516040579312,0.18296328181582153
2024_16_LA_NYJ,2024,16,2024-12-22,NYJ,LA,0.0,-3.0,136.0,-162.0,0.558340727595386,0.37686990607956944,0.4278513239831593,0.4641810704531942,0.36936594850584203,0.38474691941412104,0.4066302458405761,0.40279241514503067,0.4039814985254591
2024_16_NYG_ATL,2024,16,2024-12-22,ATL,NYG,1.0,9.5,-550.0,410.0,0.558340727595386,0.7310243095872374,0.6787289513134751,0.6426039979937883,0.6855607134565901,0.7906313861867238,0.8118668596237336,0.7773501699610345,0.7367971820942033
2024_16_PHI_WAS,2024,16,2024-12-22,WAS,PHI,1.0,-4.0,180.0,-218.0,0.558340727595386,0.280447519880549,0.3733980358113922,0.3949205155188459,0.3391716786388257,0.35130619865822205,0.34252477380439467,0.36351339881011097,0.31472109273085497
2024_16_TEN_IND,2024,16,2024-12-22,IND,TEN,1.0,4.0,-198.0,164.0,0.558340727595386,0.6880703751391469,0.5725414077493858,0.538744030777053,0.5993636551303554,0.6312387543624439,0.6369041816941223,0.6025560527102664,0.6625108288265246
2024_16_MIN_SEA,2024,16,2024-12-22,SEA,MIN,0.0,-2.5,124.0,-148.0,0.558340727595386,0.4209431172683445,0.4397994530462879,0.4894725888201684,0.3643420161285575,0.40190818902671005,0.42794036443953615,0.45873141996820155,0.4127115200246266
2024_16_JAX_LV,2024,16,2024-12-22,LV,JAX,1.0,2.5,-130.0,110.0,0.558340727595386,0.4784501630193934,0.4724464752197498,0.5141352281140901,0.41007207276486585,0.5797513527947042,0.5427435387673957,0.5346191646276434,0.4831522078334052
2024_16_NE_BUF,2024,16,2024-12-22,BUF,NE,1.0,14.0,-1100.0,700.0,0.558340727595386,0.9309867176330935,0.8815647989829586,0.8725649733870758,0.8885193682480751,0.8782628237533849,0.8800000000000001,0.8904156007128123,0.940690422518212
2024_16_SF_MIA,2024,16,2024-12-22,MIA,SF,1.0,-2.0,105.0,-125.0,0.558340727595386,0.46852057268754027,0.48274681572395367,0.4883209180132408,0.4196181716904605,0.4193132355902297,0.4675324675324675,0.4251090740503602,0.42828126105805353
2024_16_TB_DAL,2024,16,2024-12-22,DAL,TB,1.0,-4.5,180.0,-218.0,0.558340727595386,0.43039644295566887,0.3690890368708106,0.35337775245247927,0.42522086271924364,0.33509503649843925,0.34252477380439467,0.3480330017240162,0.39015630226421144
2024_16_NO_GB,2024,16,2024-12-23,GB,NO,1.0,14.0,-950.0,625.0,0.558340727595386,0.8139862579813286,0.7749781136643845,0.8156961301285258,0.7868490221292307,0.8782628237533849,0.8677165354330709,0.8945118394798822,0.9116326757564046
2024_17_KC_PIT,2024,17,2024-12-25,PIT,KC,0.0,-3.0,136.0,-162.0,0.558340727595386,0.33489973665972905,0.3868619020586528,0.3724899162123606,0.4634329301780968,0.38474691941412104,0.4066302458405761,0.38850955967644735,0.4980449443550072
2024_17_BAL_HOU,2024,17,2024-12-25,HOU,BAL,0.0,-5.5,200.0,-245.0,0.558340727595386,0.3559546571311432,0.3264145681967896,0.3519406932193582,0.45808970132528193,0.30383866019018163,0.3194444444444444,0.3103875441649979,0.34642499205900196
2024_17_SEA_CHI,2024,17,2024-12-26,CHI,SEA,0.0,-3.5,160.0,-192.0,0.558340727595386,0.3687700970654551,0.40991180420576645,0.389601422279511,0.40877362216470753,0.36786771849512667,0.3690596562184025,0.38641511192895517,0.3629727828786355
2024_17_LAC_NE,2024,17,2024-12-28,NE,LAC,0.0,-6.0,245.0,-305.0,0.558340727595386,0.2902374596711066,0.36691870642519836,0.3450908816224207,0.3842101139771,0.28884258754208414,0.27792074112197634,0.2823303681955354,0.24145240876802906
2024_17_DEN_CIN,2024,17,2024-12-28,CIN,DEN,1.0,3.5,-175.0,145.0,0.558340727595386,0.5488272599169861,0.5475180189403319,0.5730704494317774,0.5969584893221943,0.6143435676441689,0.6092362344582594,0.6140268153615589,0.6808906207175058
2024_17_ARI_LA,2024,17,2024-12-28,LA,ARI,1.0,6.5,-340.0,270.0,0.558340727595386,0.757925250302244,0.5994518110376885,0.6266805235130419,0.6037399987213258,0.7103678855007944,0.740871613663133,0.6988033934779898,0.6803924934421755
2024_17_CAR_TB,2024,17,2024-12-29,TB,CAR,1.0,9.5,-500.0,380.0,0.558340727595386,0.856232571885047,0.7985319228677573,0.8213400176042939,0.7509927593027842,0.7906313861867238,0.7999999999999999,0.7394081610255712,0.7910110457158157
2024_17_DAL_PHI,2024,17,2024-12-29,PHI,DAL,1.0,7.5,-325.0,260.0,0.558340727595386,0.7975142879328964,0.7439350972316939,0.7517401748448486,0.7523195870909511,0.7390479457390545,0.7335423197492164,0.7255343420955609,0.7277750972504934
2024_17_IND_NYG,2024,17,2024-12-29,NYG,IND,1.0,-7.5,320.0,-410.0,0.558340727595386,0.35006359232986184,0.37733350728882953,0.3677592382087446,0.46037818708687467,0.2466064576653563,0.22849462365591394,0.2743454959224519,0.3108662450150912
2024_17_LV_NO,2024,17,2024-12-29,NO,LV,0.0,-2.0,105.0,-125.0,0.558340727595386,0.6899214454387639,0.6314080126224173,0.5704403151171643,0.6183846893620152,0.4193132355902297,0.4675324675324675,0.4517987877388618,0.4996684016807892
2024_17_NYJ_BUF,2024,17,2024-12-29,BUF,NYJ,1.0,10.0,-520.0,390.0,0.558340727595386,0.9023791430652733,0.8333617327347798,0.7921478258911046,0.8822253893210558,0.8022890412258307,0.8042929292929294,0.811446590288237,0.929248264970359
2024_17_TEN_JAX,2024,17,2024-12-29,JAX,TEN,1.0,-1.0,-112.0,-108.0,0.558340727595386,0.6126904383515503,0.5576821208443203,0.5298956781773843,0.6345674418780927,0.4546899956552038,0.5043297540699688,0.4662545244485144,0.5854433441998793
2024_17_MIA_CLE,2024,17,2024-12-29,CLE,MIA,0.0,-3.0,142.0,-170.0,0.558340727595386,0.3706416705116137,0.2940450854434286,0.49502616427267604,0.35481302486426075,0.38474691941412104,0.3962430290578221,0.3171183606428907,0.405476517845959
2024_17_GB_MIN,2024,17,2024-12-29,MIN,GB,1.0,-1.0,-108.0,-112.0,0.558340727595386,0.5321895540529127,0.4100043084882861,0.37099665178206864,0.4524419923106311,0.4546899956552038,0.4956702459300312,0.3948255895595602,0.4742432189708376
2024_17_ATL_WAS,2024,17,2024-12-29,WAS,ATL,1.0,3.5,-192.0,160.0,0.558340727595386,0.6486024936663426,0.6909624456455887,0.7029364046253311,0.6741689024846765,0.6143435676441689,0.6309403437815976,0.6786923519422219,0.6886888194343437
2024_17_DET_SF,2024,17,2024-12-30,SF,DET,0.0,-4.0,190.0,-230.0,0.558340727595386,0.30793587040780546,0.30274558510690114,0.3594236354843421,0.3841322076734139,0.35130619865822205,0.33099297893681046,0.3614383427349629,0.43194766543058444
2024_18_CLE_BAL,2024,18,2025-01-04,BAL,CLE,1.0,19.5,-2400.0,1200.0,0.558340727595386,0.9124567704398162,0.9213218155796737,0.9473908555622089,0.9540138478224613,0.9408819924719638,0.9258160237388724,0.9520680388109657,0.9673384063775491
2024_18_CIN_PIT,2024,18,2025-01-04,PIT,CIN,0.0,-2.5,124.0,-148.0,0.558340727595386,0.5709073979849366,0.44139831139621716,0.43554776152644337,0.36855331884234444,0.40190818902671005,0.42794036443953615,0.40435576749715607,0.4071926041675134
2024_18_BUF_NE,2024,18,2025-01-05,NE,BUF,1.0,-3.0,140.0,-166.0,0.558340727595386,0.09893000621289309,0.12205043707974354,0.21602718544394384,0.28671527648738765,0.38474691941412104,0.4003612281757977,0.33652075339056553,0.506162552272012
2024_18_CAR_ATL,2024,18,2025-01-05,ATL,CAR,0.0,7.5,-380.0,300.0,0.558340727595386,0.75752631558416,0.6898855754485568,0.7213580100583505,0.7038707654816441,0.7390479457390545,0.7600000000000001,0.6797076595511118,0.7524517682980845
2024_18_CHI_GB,2024,18,2025-01-05,GB,CHI,0.0,10.0,-410.0,320.0,0.558340727595386,0.8767123015579507,0.8325231230761104,0.845957470834088,0.8954158127441889,0.8022890412258307,0.771505376344086,0.8049099308505748,0.8891462644302109
2024_18_HOU_TEN,2024,18,2025-01-05,TEN,HOU,0.0,2.5,-142.0,120.0,0.558340727595386,0.3024306747698252,0.3868804060948477,0.4923821893735448,0.4205477846869345,0.5797513527947042,0.5634920634920635,0.5778413996906656,0.588098816553456
2024_18_JAX_IND,2024,18,2025-01-05,IND,JAX,1.0,3.5,-180.0,150.0,0.558340727595386,0.6144496293196015,0.5412208556143252,0.5505326487894003,0.5806811041539384,0.6143435676441689,0.6164383561643836,0.5556585408795295,0.6125364733138345
2024_18_NO_TB,2024,18,2025-01-05,TB,NO,1.0,14.5,-1050.0,675.0,0.558340727595386,0.7871511852408783,0.8118813925147981,0.8728389309469825,0.8192642142812466,0.8857462643483178,0.8761776581426649,0.8797137309106643,0.8492055716382415
2024_18_NYG_PHI,2024,18,2025-01-05,PHI,NYG,1.0,3.0,-155.0,130.0,0.558340727595386,0.9145967603604572,0.8738977766162491,0.7931798746391019,0.8774500934088276,0.5971682915982199,0.5829926410466066,0.5811545269515014,0.6866100407565042
2024_18_WAS_DAL,2024,18,2025-01-05,DAL,WAS,0.0,-7.0,250.0,-310.0,0.558340727595386,0.5005794504543652,0.3419554539700413,0.32697070802332845,0.42767795567020384,0.26021207002452285,0.27424749163879597,0.23408247615861721,0.3144640216575619
2024_18_KC_DEN,2024,18,2025-01-05,DEN,KC,1.0,10.5,-485.0,370.0,0.558340727595386,0.2624667657460914,0.3333964326537014,0.45777009759960574,0.397831094806041,0.81345075212152,0.7957758771164253,0.7883874090981392,0.7578896437375947
2024_18_LAC_LV,2024,18,2025-01-05,LV,LAC,0.0,-7.0,275.0,-345.0,0.558340727595386,0.3331376894506175,0.30147734856308744,0.29778191709654106,0.3554674848967548,0.26021207002452285,0.2559309849029475,0.21159407252488732,0.2332995611974426
2024_18_MIA_NYJ,2024,18,2025-01-05,NYJ,MIA,1.0,1.5,-122.0,102.0,0.558340727595386,0.370352327733825,0.36421199329551235,0.28224627226220556,0.3614474844893417,0.5443575983846037,0.5260865852617197,0.542923184984663,0.45610744696562405
2024_18_SEA_LA,2024,18,2025-01-05,LA,SEA,0.0,-7.5,285.0,-360.0,0.558340727595386,0.640008064710948,0.5838722874243929,0.6147542689223526,0.6060009396140418,0.2466064576653563,0.2491874322860238,0.2632723890626379,0.23452849441066045
2024_18_SF_ARI,2024,18,2025-01-05,ARI,SF,1.0,4.5,-192.0,160.0,0.558340727595386,0.4186819641154449,0.4853862590457614,0.7174535830382698,0.4419526965052196,0.647818089343369,0.6309403437815976,0.6371876426368476,0.5837566081832913
2024_18_MIN_DET,2024,18,2025-01-05,DET,MIN,1.0,3.0,-148.0,124.0,0.558340727595386,0.6725983853439194,0.6914163838374623,0.7114982834957434,0.7190430629978234,0.5971682915982199,0.5720596355604638,0.639089805122852,0.6128181863491899
2025_01_DAL_PHI,2025,1,2025-09-04,PHI,DAL,1.0,8.5,-425.0,330.0,0.5569037656903766,0.8329664576765929,0.8236632885047479,0.7411130048273747,0.8970456450903536,0.7686867846460558,0.7768331562167907,0.7575038743359664,0.8307806740179989
2025_01_KC_LAC,2025,1,2025-09-05,LAC,KC,1.0,-3.0,145.0,-175.0,0.5569037656903766,0.33079702088379137,0.37359179456546127,0.3707633231124003,0.4029367067806914,0.38160140548078414,0.39076376554174075,0.30857908573248205,0.3273494693391001
2025_01_ARI_NO,2025,1,2025-09-07,NO,ARI,0.0,-6.0,220.0,-270.0,0.5569037656903766,0.4991398774309238,0.3893400540661758,0.33492879978540746,0.3498868505791435,0.2845558070117743,0.299837925445705,0.2883998259719909,0.21937069667483539
2025_01_CAR_JAX,2025,1,2025-09-07,JAX,CAR,1.0,4.5,-205.0,170.0,0.5569037656903766,0.6193885704591249,0.6071949904241155,0.6876253093472136,0.603446470537787,0.6491459860570056,0.644729178800233,0.6454080250803416,0.607638447873715
2025_01_CIN_CLE,2025,1,2025-09-07,CLE,CIN,0.0,-5.5,195.0,-238.0,0.5569037656903766,0.33169481640095005,0.20833591177120145,0.2836996703411721,0.4335532922844054,0.2996906747434666,0.3249687530045188,0.2530718310391727,0.3640984901383479
2025_01_LV_NE,2025,1,2025-09-07,NE,LV,0.0,2.5,-155.0,130.0,0.5569037656903766,0.5574683305147338,0.5645879571012155,0.4679647399765935,0.5532013444153964,0.5799274738344856,0.5829926410466066,0.6298044014696754,0.5984911554275554
2025_01_MIA_IND,2025,1,2025-09-07,IND,MIA,1.0,1.5,-112.0,-108.0,0.5569037656903766,0.4906975762934957,0.4674630212952625,0.37548539348271315,0.46644709467202167,0.5439040887461486,0.5043297540699688,0.5444054363436944,0.52854440164572
2025_01_NYG_WAS,2025,1,2025-09-07,WAS,NYG,1.0,6.0,-298.0,240.0,0.5569037656903766,0.8035531759461181,0.7750030489264355,0.7140524329086262,0.7747481884578246,0.6973892115450019,0.7179705215419501,0.6946939964581529,0.7046300473832547
2025_01_PIT_NYJ,2025,1,2025-09-07,NYJ,PIT,0.0,-3.0,130.0,-155.0,0.5569037656903766,0.4487599164495185,0.5207987692820708,0.3478430834279866,0.5471622250668712,0.38160140548078414,0.4170073589533933,0.3934404706336517,0.4039553167104043
2025_01_TB_ATL,2025,1,2025-09-07,ATL,TB,0.0,-1.5,-105.0,-115.0,0.5569037656903766,0.4051492121316364,0.31671189990850546,0.3071004434729819,0.35358484472264523,0.43459006737347433,0.4891657638136511,0.4036917697516036,0.38985346636760443
2025_01_SF_SEA,2025,1,2025-09-07,SEA,SF,0.0,-2.5,114.0,-135.0,0.5569037656903766,0.6402867430507087,0.5353680245493078,0.32227485052833077,0.5323665414424528,0.3990191480808695,0.448558885283451,0.3832203224972328,0.3954151141586785
2025_01_TEN_DEN,2025,1,2025-09-07,DEN,TEN,1.0,8.5,-455.0,350.0,0.5569037656903766,0.8107293858590505,0.7714254810905034,0.7883051890693095,0.7784774517947628,0.7686867846460558,0.7867435158501441,0.7810961207286754,0.7627237939143352
2025_01_DET_GB,2025,1,2025-09-07,GB,DET,1.0,1.5,-120.0,100.0,0.5569037656903766,0.4799025752618161,0.4176550730326593,0.43671244220236505,0.35453705113298367,0.5439040887461486,0.5217391304347826,0.5308654930778499,0.47394971377154677
2025_01_HOU_LA,2025,1,2025-09-07,LA,HOU,1.0,3.5,-166.0,140.0,0.5569037656903766,0.6028060703972475,0.6232908135767513,0.643879681398879,0.694605836943955,0.6151189980105125,0.5996387718242023,0.682793741479451,0.7437376393701224
2025_01_BAL_BUF,2025,1,2025-09-07,BUF,BAL,1.0,-1.5,110.0,-130.0,0.5569037656903766,0.5636758031118139,0.5272548301935938,0.5424572717976631,0.5428114572007097,0.43459006737347433,0.4572564612326044,0.5349262706713306,0.5372732517475345
2025_01_MIN_CHI,2025,1,2025-09-08,CHI,MIN,0.0,-1.5,-108.0,-112.0,0.5569037656903766,0.3494770191974125,0.38191221611696075,0.4233350656900975,0.37394216677879577,0.43459006737347433,0.4956702459300312,0.4765969963814181,0.4317990391820225
2025_02_WAS_GB,2025,2,2025-09-11,GB,WAS,1.0,3.5,-185.0,154.0,0.5569037656903766,0.6209678235865854,0.6165606278660667,0.6455447529394138,0.570682690823332,0.6151189980105125,0.6224665518611737,0.6471570236107987,0.6089561829014708
2025_02_BUF_NYJ,2025,2,2025-09-14,NYJ,BUF,0.0,-6.0,235.0,-290.0,0.5569037656903766,0.25943139601784176,0.24030968506429076,0.2109728046911907,0.4164312518174427,0.2845558070117743,0.28644876973925815,0.23092222566606216,0.36565739671662356
2025_02_CHI_DET,2025,2,2025-09-14,DET,CHI,1.0,6.0,-270.0,220.0,0.5569037656903766,0.8202555264190287,0.8208730132070818,0.8305863574893455,0.8889527165884065,0.6973892115450019,0.7001620745542949,0.7077350214349142,0.7056856861337591
2025_02_CLE_BAL,2025,2,2025-09-14,BAL,CLE,1.0,12.5,-900.0,600.0,0.5569037656903766,0.8659619592987476,0.8989221619122598,0.8813619540219605,0.8429425096769266,0.8565018524066724,0.863013698630137,0.8717307744120011,0.9152793212943048
2025_02_JAX_CIN,2025,2,2025-09-14,CIN,JAX,1.0,3.5,-192.0,160.0,0.5569037656903766,0.7400820227837244,0.6995760173978786,0.7074751967040502,0.7345886938508641,0.6151189980105125,0.6309403437815976,0.6072543960621982,0.6713936097283583
2025_02_LA_TEN,2025,2,2025-09-14,TEN,LA,0.0,-5.5,205.0,-250.0,0.5569037656903766,0.2652760549786133,0.31621130105915113,0.2776475429395732,0.2886853656400518,0.2996906747434666,0.31460674157303364,0.3006198002851589,0.246904772966949
2025_02_NE_MIA,2025,2,2025-09-14,MIA,NE,0.0,1.5,-125.0,105.0,0.5569037656903766,0.6985709236601048,0.6429038476105766,0.6925109199779631,0.6790613033984673,0.5439040887461486,0.5324675324675325,0.5253489383473914,0.5589828987599815
2025_02_NYG_DAL,2025,2,2025-09-14,DAL,NYG,1.0,4.5,-238.0,195.0,0.5569037656903766,0.708195025407817,0.6818559115611063,0.6886573019251224,0.6918168664854576,0.6491459860570056,0.6750312469954812,0.6456068193340072,0.6727718516653681
2025_02_SEA_PIT,2025,2,2025-09-14,PIT,SEA,0.0,3.5,-192.0,160.0,0.5569037656903766,0.6024359760057818,0.5636897081880661,0.6129041997339533,0.5751454494945243,0.6151189980105125,0.6309403437815976,0.6489287191760422,0.646007916651025
2025_02_SF_NO,2025,2,2025-09-14,NO,SF,0.0,-3.0,140.0,-166.0,0.5569037656903766,0.4078056056440791,0.3976160457008092,0.479722274456194,0.33437284683036816,0.38160140548078414,0.4003612281757977,0.4055240257025584,0.3936882434284828
2025_02_CAR_ARI,2025,2,2025-09-14,ARI,CAR,1.0,7.0,-310.0,250.0,0.5569037656903766,0.7414201030547278,0.7610246741498741,0.7882658980531213,0.7090661288329138,0.7273665009534516,0.725752508361204,0.7134561652461697,0.6884560915680585
2025_02_DEN_IND,2025,2,2025-09-14,IND,DEN,1.0,-2.5,110.0,-130.0,0.5569037656903766,0.4404636271261308,0.46414483729190226,0.43866965854050816,0.421397914980871,0.3990191480808695,0.4572564612326044,0.40171359508705673,0.4333079317771479
2025_02_PHI_KC,2025,2,2025-09-14,KC,PHI,0.0,-1.5,102.0,-122.0,0.5569037656903766,0.44881519639973444,0.3688289738094351,0.41562760862789533,0.42268890125053266,0.43459006737347433,0.4739134147382802,0.49414797648702796,0.5601816206646327
2025_02_ATL_MIN,2025,2,2025-09-14,MIN,ATL,0.0,3.5,-180.0,150.0,0.5569037656903766,0.7660751125859377,0.6069951998532451,0.5586510912060721,0.6956029574251363,0.6151189980105125,0.6164383561643836,0.5912242614780356,0.679799635480244
2025_02_TB_HOU,2025,2,2025-09-15,HOU,TB,0.0,2.5,-135.0,114.0,0.5569037656903766,0.5165277706848207,0.350985400647217,0.3582820443891277,0.399015853040022,0.5799274738344856,0.551441114716549,0.5109896765957173,0.5278076829978254
2025_02_LAC_LV,2025,2,2025-09-15,LV,LAC,0.0,-3.5,164.0,-198.0,0.5569037656903766,0.3791673001616334,0.331848599711287,0.3451783247203009,0.3517172125911905,0.3644828595969304,0.3630958183058778,0.32094264049801513,0.35498976833359003
2025_03_MIA_BUF,2025,3,2025-09-18,BUF,MIA,1.0,12.5,-800.0,550.0,0.5569037656903766,0.8422070692799749,0.8021356995060047,0.7714699218271721,0.9280808583348494,0.8565018524066724,0.8524590163934427,0.8690672717744504,0.9611862939664259
2025_03_ATL_CAR,2025,3,2025-09-21,CAR,ATL,1.0,-5.5,185.0,-225.0,0.5569037656903766,0.3839414407020248,0.3619265310069782,0.33459814707854696,0.35567122947789187,0.2996906747434666,0.33635187580853815,0.34644646692918885,0.21741250685791863
2025_03_CIN_MIN,2025,3,2025-09-21,MIN,CIN,1.0,3.0,-162.0,136.0,0.5569037656903766,0.5176076485725393,0.41933707912047363,0.541748729791232,0.3793440255783766,0.5976489576400019,0.593369754159424,0.56439437680415,0.4894351295443007
2025_03_GB_CLE,2025,3,2025-09-21,CLE,GB,1.0,-8.5,360.0,-470.0,0.5569037656903766,0.22926572108985485,0.1647507829905254,0.17584951271774807,0.2848030322704052,0.21619340886035163,0.20863836017569545,0.17834834952664905,0.22521585623754342
2025_03_HOU_JAX,2025,3,2025-09-21,JAX,HOU,1.0,1.5,-125.0,105.0,0.5569037656903766,0.4312120588858927,0.5012196413699511,0.5040956211962039,0.48701842294269987,0.5439040887461486,0.5324675324675325,0.581317915487466,0.5541242686133946
2025_03_IND_TEN,2025,3,2025-09-21,TEN,IND,0.0,-6.0,200.0,-245.0,0.5569037656903766,0.3556036734518897,0.3206334356024846,0.33233324487586363,0.3663317203982597,0.2845558070117743,0.3194444444444444,0.2904775115814602,0.2626280369739127
2025_03_LA_PHI,2025,3,2025-09-21,PHI,LA,1.0,3.5,-198.0,164.0,0.5569037656903766,0.7399326720245394,0.7255272681261451,0.7042609034081482,0.735051497897872,0.6151189980105125,0.6369041816941223,0.6437094747918841,0.6913771732279127
2025_03_LV_WAS,2025,3,2025-09-21,WAS,LV,1.0,2.5,-155.0,130.0,0.5569037656903766,0.7634530147840234,0.7810648907156773,0.7181007341274797,0.772993263677783,0.5799274738344856,0.5829926410466066,0.649994668229591,0.6664373698222869
2025_03_NYJ_TB,2025,3,2025-09-21,TB,NYJ,1.0,6.5,-345.0,275.0,0.5569037656903766,0.7515274655337393,0.7718585104806974,0.7385141868909861,0.7556637202947605,0.712611031671679,0.7440690150970525,0.7152692659778236,0.6155354101610166
2025_03_PIT_NE,2025,3,2025-09-21,NE,PIT,0.0,-1.5,100.0,-120.0,0.5569037656903766,0.41548260520565733,0.4879087959061804,0.44871226014243903,0.5353590357475306,0.43459006737347433,0.4782608695652174,0.4511631781164558,0.5486971821919717
2025_03_DEN_LAC,2025,3,2025-09-21,LAC,DEN,1.0,2.5,-155.0,130.0,0.5569037656903766,0.5898763532691877,0.5123325433752861,0.5449780627555644,0.4592401088018163,0.5799274738344856,0.5829926410466066,0.5441424033174654,0.5121761815756775
2025_03_NO_SEA,2025,3,2025-09-21,SEA,NO,1.0,7.5,-375.0,295.0,0.5569037656903766,0.7778667339201263,0.7122392268934215,0.743303004357668,0.7130591965225936,0.7416390466358279,0.7571884984025559,0.7492961133380326,0.7627092053430476
2025_03_ARI_SF,2025,3,2025-09-21,SF,ARI,1.0,1.5,-125.0,105.0,0.5569037656903766,0.6081298831841214,0.4955973177474297,0.4586873866614997,0.5827420025517503,0.5439040887461486,0.5324675324675325,0.5048977129434962,0.5439026893243615
2025_03_DAL_CHI,2025,3,2025-09-21,CHI,DAL,1.0,-1.5,105.0,-125.0,0.5569037656903766,0.45253373837957234,0.4389825472925791,0.3921957896185691,0.32851500157416685,0.43459006737347433,0.4675324675324675,0.4392499921114336,0.37193047692023273
2025_03_KC_NYG,2025,3,2025-09-21,NYG,KC,0.0,-6.0,260.0,-325.0,0.5569037656903766,0.22957708971585486,0.2771783509307593,0.2702090561869806,0.2290197948999069,0.2845558070117743,0.26645768025078376,0.2484779607134291,0.18755674088242086
2025_03_DET_BAL,2025,3,2025-09-22,BAL,DET,0.0,4.5,-245.0,200.0,0.5569037656903766,0.6143983247303438,0.6035905855031877,0.6008206616390964,0.6061401888884486,0.6491459860570056,0.6805555555555556,0.6504223027849511,0.6443749127669979
2025_04_SEA_ARI,2025,4,2025-09-25,ARI,SEA,0.0,-1.5,105.0,-125.0,0.5569037656903766,0.45961522846515196,0.48264346066262004,0.49707684267663904,0.5262130895846319,0.43459006737347433,0.4675324675324675,0.4263062991766622,0.4614492643306276
2025_04_MIN_PIT,2025,4,2025-09-28,PIT,MIN,1.0,-2.5,124.0,-148.0,0.5569037656903766,0.43550936601871854,0.4164887554758695,0.47012833410315363,0.4521982298426824,0.3990191480808695,0.42794036443953615,0.47318475851802944,0.4693573450310352
2025_04_CAR_NE,2025,4,2025-09-28,NE,CAR,1.0,5.5,-265.0,215.0,0.5569037656903766,0.5652698552983145,0.5458265646292816,0.5905650514756641,0.5319155107085595,0.6817212496667037,0.6957699520733487,0.6638072754607389,0.5179267668777869
2025_04_CLE_DET,2025,4,2025-09-28,DET,CLE,1.0,10.0,-550.0,410.0,0.5569037656903766,0.856694051525964,0.8962325508567776,0.8844609046025824,0.8803978971782652,0.8054198735130627,0.8118668596237336,0.843715372682196,0.8671771515424341
2025_04_LAC_NYG,2025,4,2025-09-28,NYG,LAC,1.0,-6.0,230.0,-285.0,0.5569037656903766,0.2449328005102267,0.27512027923251514,0.24129775660825006,0.21258437290606694,0.2845558070117743,0.2904564315352697,0.30989404844368323,0.22089873645438984
2025_04_NO_BUF,2025,4,2025-09-28,BUF,NO,1.0,15.5,-1350.0,800.0,0.5569037656903766,0.894072852948661,0.902750407522975,0.9198890667553006,0.8957584680623759,0.9025383274343173,0.8933823529411765,0.9297576682837422,0.9409260745323716
2025_04_PHI_TB,2025,4,2025-09-28,TB,PHI,0.0,-3.5,154.0,-185.0,0.5569037656903766,0.34387986789792224,0.43829560281164187,0.44721941698262174,0.6303880408461244,0.3644828595969304,0.3775334481388264,0.36371600359094125,0.5446943701963269
2025_04_TEN_HOU,2025,4,2025-09-28,HOU,TEN,1.0,7.5,-440.0,340.0,0.5569037656903766,0.7839122901423332,0.6839078157469374,0.7166418487816939,0.680939052908496,0.7416390466358279,0.7819063004846527,0.6836563860924126,0.7075369680913369
2025_04_WAS_ATL,2025,4,2025-09-28,ATL,WAS,1.0,2.5,-142.0,120.0,0.5569037656903766,0.35976860959954,0.3559408853084445,0.33866633290594944,0.33753513465097523,0.5799274738344856,0.5634920634920635,0.5325221929365272,0.46244587298834633
2025_04_IND_LA,2025,4,2025-09-28,LA,IND,1.0,3.5,-185.0,154.0,0.5569037656903766,0.6626772409648143,0.5668263752972442,0.6237683553025335,0.5305858920832762,0.6151189980105125,0.6224665518611737,0.6338491908915324,0.622362539042485
2025_04_JAX_SF,2025,4,2025-09-28,SF,JAX,0.0,3.5,-180.0,150.0,0.5569037656903766,0.6795053918156817,0.6477408752615187,0.7574323546938962,0.6167864848759465,0.6151189980105125,0.6164383561643836,0.622588767105652,0.6676424627346524
2025_04_BAL_KC,2025,4,2025-09-28,KC,BAL,1.0,-2.5,124.0,-148.0,0.5569037656903766,0.5494218517989372,0.39826833441106013,0.4326348260140983,0.40415589053986456,0.3990191480808695,0.42794036443953615,0.4438703461749314,0.45951016170162745
2025_04_CHI_LV,2025,4,2025-09-28,LV,CHI,0.0,1.5,-125.0,105.0,0.5569037656903766,0.5213117615008925,0.5168194356327533,0.5648720569123064,0.4669355354869007,0.5439040887461486,0.5324675324675325,0.5296845278367454,0.4677484128456745
2025_04_NYJ_MIA,2025,4,2025-09-29,MIA,NYJ,1.0,2.5,-148.0,124.0,0.5569037656903766,0.5894033528053076,0.5903114830934025,0.6889589001401616,0.5762503677862442,0.5799274738344856,0.5720596355604638,0.5879401230815228,0.5791588718783025
2025_04_CIN_DEN,2025,4,2025-09-29,DEN,CIN,1.0,7.5,-470.0,360.0,0.5569037656903766,0.592404146172744,0.5924106448985785,0.6163420437171716,0.6002503613415809,0.7416390466358279,0.7913616398243045,0.7480931328145225,0.7698273947936041
2025_05_SF_LA,2025,5,2025-10-02,LA,SF,0.0,8.5,-440.0,340.0,0.5569037656903766,0.6901419502169427,0.582740411691808,0.7165375115102363,0.6568187763338897,0.7686867846460558,0.7819063004846527,0.7517099587858758,0.7830182443347845
2025_05_MIN_CLE,2025,5,2025-10-05,CLE,MIN,0.0,-3.5,164.0,-198.0,0.5569037656903766,0.2829661441043581,0.24424483250688483,0.2853080907555076,0.3848226475385692,0.3644828595969304,0.3630958183058778,0.36900980817926626,0.4741201793568423
2025_05_DAL_NYJ,2025,5,2025-10-05,NYJ,DAL,0.0,1.5,-115.0,-105.0,0.5569037656903766,0.5030752347930029,0.5216209478640952,0.46511321382727244,0.4077854542315706,0.5439040887461486,0.5108342361863488,0.5578141989809622,0.44270922824405207
2025_05_DEN_PHI,2025,5,2025-10-05,PHI,DEN,0.0,3.5,-218.0,180.0,0.5569037656903766,0.7763141320918664,0.717213609924238,0.7180258287565966,0.7805080869978305,0.6151189980105125,0.6574752261956054,0.6632412929120076,0.7416868893990893
2025_05_HOU_BAL,2025,5,2025-10-05,BAL,HOU,0.0,-2.5,124.0,-148.0,0.5569037656903766,0.710779095936392,0.7656865237497371,0.5881397465600873,0.844287947999465,0.3990191480808695,0.42794036443953615,0.47657128942749777,0.6495431938514792
2025_05_LV_IND,2025,5,2025-10-05,IND,LV,1.0,7.0,-360.0,285.0,0.5569037656903766,0.711144536927511,0.7220563109997259,0.6630866240798741,0.7931230711526522,0.7273665009534516,0.7508125677139762,0.7513070216789003,0.7920186601915186
2025_05_MIA_CAR,2025,5,2025-10-05,CAR,MIA,1.0,-1.5,100.0,-120.0,0.5569037656903766,0.4369657115148513,0.4360796061142473,0.3496299249696108,0.38540244895629844,0.43459006737347433,0.4782608695652174,0.44911748906402116,0.406477861060785
2025_05_NYG_NO,2025,5,2025-10-05,NO,NYG,1.0,1.5,-120.0,100.0,0.5569037656903766,0.5600633796780863,0.56519120700739,0.5236677045685347,0.5965099084519973,0.5439040887461486,0.5217391304347826,0.5656782104229077,0.5930830548280264
2025_05_TB_SEA,2025,5,2025-10-05,SEA,TB,0.0,3.5,-180.0,150.0,0.5569037656903766,0.592880466964823,0.5239708722114005,0.5034641754589794,0.5292484457899436,0.6151189980105125,0.6164383561643836,0.6405690297592543,0.6752132069558093
2025_05_TEN_ARI,2025,5,2025-10-05,ARI,TEN,0.0,7.5,-425.0,330.0,0.5569037656903766,0.7802991375999708,0.8113959603255465,0.8333653622362629,0.8477044227131614,0.7416390466358279,0.7768331562167907,0.765697928465924,0.8205812226256212
2025_05_DET_CIN,2025,5,2025-10-05,CIN,DET,0.0,-10.5,425.0,-575.0,0.5569037656903766,0.34206373276627844,0.2477328478841407,0.22622356031710053,0.2724661530059891,0.17068212561480597,0.18274111675126903,0.17401531563144312,0.18051680544207918
2025_05_WAS_LAC,2025,5,2025-10-05,LAC,WAS,0.0,2.5,-155.0,130.0,0.5569037656903766,0.5936375078526266,0.5080106970319832,0.544257155550933,0.41082450321743286,0.5799274738344856,0.5829926410466066,0.5318082520268795,0.4439896169541555
2025_05_NE_BUF,2025,5,2025-10-05,BUF,NE,0.0,7.5,-395.0,310.0,0.5569037656903766,0.869779508988776,0.8117637720692773,0.8108358082839274,0.910797259218605,0.7416390466358279,0.7659021045164341,0.7503711845762916,0.883655447449877
2025_05_KC_JAX,2025,5,2025-10-06,JAX,KC,1.0,-3.5,164.0,-198.0,0.5569037656903766,0.3177735240357075,0.367006209147268,0.3416181008281975,0.4622761052943893,0.3644828595969304,0.3630958183058778,0.33991208685500657,0.4199830274821189
2025_06_PHI_NYG,2025,6,2025-10-09,NYG,PHI,1.0,-7.0,310.0,-395.0,0.5569037656903766,0.13428149362777375,0.1514429800479378,0.14289856295880346,0.2867511731164321,0.2557112712896762,0.23409789548356585,0.2173167317014928,0.3091763334334963
2025_06_DEN_NYJ,2025,6,2025-10-12,NYJ,DEN,0.0,-7.5,310.0,-395.0,0.5569037656903766,0.20988479419148046,0.2737704884994711,0.26760990473401736,0.34535506144007255,0.24202983732008948,0.23409789548356585,0.2650133711757143,0.2873335512668271
2025_06_ARI_IND,2025,6,2025-10-12,IND,ARI,1.0,8.5,-470.0,360.0,0.5569037656903766,0.6399380300923969,0.6309488285862246,0.6569193041561858,0.6788191306008536,0.7686867846460558,0.7913616398243045,0.7712708469816904,0.7902861815211049
2025_06_CLE_PIT,2025,6,2025-10-12,PIT,CLE,1.0,5.5,-278.0,225.0,0.5569037656903766,0.7648580701718077,0.7664712834905931,0.7766587394153288,0.8402043093642099,0.6817212496667037,0.705033164260632,0.7421234539434791,0.7857571217148676
2025_06_DAL_CAR,2025,6,2025-10-12,CAR,DAL,1.0,-3.0,145.0,-175.0,0.5569037656903766,0.4200709923995925,0.4536496402821023,0.3830792832574069,0.3440478766086563,0.38160140548078414,0.39076376554174075,0.41865763563025277,0.35671888082757053
2025_06_LAC_MIA,2025,6,2025-10-12,MIA,LAC,0.0,-3.5,170.0,-205.0,0.5569037656903766,0.4288158263298542,0.5180889254178904,0.5484653782599787,0.43974359782316347,0.3644828595969304,0.35527082119976705,0.45610748236974186,0.34712576438884346
2025_06_LA_BAL,2025,6,2025-10-12,BAL,LA,0.0,-7.0,280.0,-355.0,0.5569037656903766,0.5503639665010495,0.5975316241975763,0.49685305330295493,0.5692196190368863,0.2557112712896762,0.2522172949002217,0.2959686723043591,0.199759554709105
2025_06_NE_NO,2025,6,2025-10-12,NO,NE,0.0,-3.5,160.0,-192.0,0.5569037656903766,0.48823177743857255,0.4123377241909917,0.36574758938895485,0.45922637777302455,0.3644828595969304,0.3690596562184025,0.3339133332808781,0.3925554041070831
2025_06_SEA_JAX,2025,6,2025-10-12,JAX,SEA,0.0,-1.5,-105.0,-115.0,0.5569037656903766,0.46916227422661844,0.426670915157203,0.44931739263107723,0.4720959360193508,0.43459006737347433,0.4891657638136511,0.43786758318542884,0.46668053849550256
2025_06_TEN_LV,2025,6,2025-10-12,LV,TEN,1.0,3.5,-185.0,154.0,0.5569037656903766,0.6416201450616672,0.6024367565105525,0.6608923007053418,0.6051730712589385,0.6151189980105125,0.6224665518611737,0.5934267657439003,0.6379807020876725
2025_06_CIN_GB,2025,6,2025-10-12,GB,CIN,1.0,14.0,-1000.0,650.0,0.5569037656903766,0.7201352716435705,0.7925494685831871,0.8192299091904733,0.7203014342754827,0.881440562664678,0.8720930232558138,0.8959388032122896,0.8631333537602611
2025_06_SF_TB,2025,6,2025-10-12,TB,SF,1.0,3.5,-192.0,160.0,0.5569037656903766,0.64398952666497,0.6642142812790404,0.6967847102411603,0.6280859538944265,0.6151189980105125,0.6309403437815976,0.644574016564087,0.6483392748216227
2025_06_DET_KC,2025,6,2025-10-12,KC,DET,1.0,2.5,-142.0,120.0,0.5569037656903766,0.4878866532683617,0.38716275021336516,0.4063447146799037,0.34434421297260054,0.5799274738344856,0.5634920634920635,0.5991525703006003,0.5300011463324386
2025_06_BUF_ATL,2025,6,2025-10-13,ATL,BUF,1.0,-3.5,170.0,-205.0,0.5569037656903766,0.2824397300767107,0.31250913319696827,0.29657057133587394,0.3133059306901555,0.3644828595969304,0.35527082119976705,0.3189226000798566,0.3486922713245382
2025_06_CHI_WAS,2025,6,2025-10-13,WAS,CHI,0.0,5.5,-258.0,210.0,0.5569037656903766,0.7550929060343717,0.7343878957417846,0.7318980550083486,0.7690470366892865,0.6817212496667037,0.690792883054068,0.7092555438523191,0.728397494834956
2025_07_PIT_CIN,2025,7,2025-10-16,CIN,PIT,1.0,-5.5,200.0,-245.0,0.5569037656903766,0.4654243681597795,0.45081680755633324,0.4005623298499222,0.4450525848462385,0.2996906747434666,0.3194444444444444,0.2948453206841674,0.24049949420149574
2025_07_LA_JAX,2025,7,2025-10-19,JAX,LA,0.0,-3.0,140.0,-166.0,0.5569037656903766,0.3186280356486391,0.3651070480662686,0.35694805315070866,0.3830702994152721,0.38160140548078414,0.4003612281757977,0.413871174803531,0.3562608515577464
2025_07_CAR_NYJ,2025,7,2025-10-19,NYJ,CAR,0.0,1.5,-112.0,-108.0,0.5569037656903766,0.5425477196067476,0.5136439545902272,0.549372160735722,0.4154692823477193,0.5439040887461486,0.5043297540699688,0.5308537144663351,0.45673541562710396
2025_07_LV_KC,2025,7,2025-10-19,KC,LV,1.0,13.5,-950.0,625.0,0.5569037656903766,0.8638963381594691,0.8202484398019433,0.8123567439089816,0.8367443255728538,0.8735745010117975,0.8677165354330709,0.8989852104356825,0.895995833757353
2025_07_MIA_CLE,2025,7,2025-10-19,CLE,MIA,1.0,2.5,-148.0,124.0,0.5569037656903766,0.4943459109071399,0.34169704578825844,0.3057587581615174,0.31284037161440403,0.5799274738344856,0.5720596355604638,0.4963930469801516,0.4164841346656878
2025_07_NE_TEN,2025,7,2025-10-19,TEN,NE,0.0,-6.5,235.0,-290.0,0.5569037656903766,0.3439765471216323,0.28993435676997636,0.25659546683619444,0.31153677710628536,0.2698907091597687,0.28644876973925815,0.23318272837231524,0.23714405575777064
2025_07_NO_CHI,2025,7,2025-10-19,CHI,NO,1.0,4.5,-225.0,185.0,0.5569037656903766,0.6786764847304189,0.5954181384862758,0.6211198510116259,0.6642068480375742,0.6491459860570056,0.6636481241914618,0.6343860085249952,0.6781534710380669
2025_07_PHI_MIN,2025,7,2025-10-19,MIN,PHI,0.0,-2.5,124.0,-148.0,0.5569037656903766,0.4292778724539641,0.43939753967345013,0.430759858240733,0.3593502294560097,0.3990191480808695,0.42794036443953615,0.364434641812741,0.38204634462259973
2025_07_IND_LAC,2025,7,2025-10-19,LAC,IND,0.0,2.5,-135.0,114.0,0.5569037656903766,0.5867085936857299,0.4781663708186346,0.5322135145168794,0.4575481266680887,0.5799274738344856,0.551441114716549,0.55865280807033,0.5089767590334826
2025_07_NYG_DEN,2025,7,2025-10-19,DEN,NYG,1.0,7.5,-425.0,330.0,0.5569037656903766,0.8105392049375632,0.759253862500004,0.7711830460091155,0.8160173888888784,0.7416390466358279,0.7768331562167907,0.7370142609204025,0.7483079756080331
2025_07_GB_ARI,2025,7,2025-10-19,ARI,GB,0.0,-7.0,310.0,-395.0,0.5569037656903766,0.33501954867516526,0.36705072164753594,0.3318689844105005,0.3647930370586453,0.2557112712896762,0.23409789548356585,0.25255456502212126,0.2139224807515094
2025_07_WAS_DAL,2025,7,2025-10-19,DAL,WAS,1.0,1.5,-125.0,105.0,0.5569037656903766,0.4090984342743872,0.4024419620765208,0.43520705933649034,0.4057137208160428,0.5439040887461486,0.5324675324675325,0.5270431325052387,0.49293777667969857
2025_07_ATL_SF,2025,7,2025-10-19,SF,ATL,1.0,1.5,-115.0,-105.0,0.5569037656903766,0.5856280391515608,0.5734560026830021,0.5559854901996861,0.5967093292288814,0.5439040887461486,0.5108342361863488,0.5867869707401641,0.5879303220331206
2025_07_TB_DET,2025,7,2025-10-20,DET,TB,1.0,6.0,-278.0,225.0,0.5569037656903766,0.6594606539795581,0.6292408477781977,0.6437836580157036,0.6754383814883408,0.6973892115450019,0.705033164260632,0.7148272614108429,0.7241801416701368
2025_07_HOU_SEA,2025,7,2025-10-20,SEA,HOU,1.0,3.0,-166.0,140.0,0.5569037656903766,0.5977665295957195,0.5503381007293817,0.5366568212869877,0.5429947408686866,0.5976489576400019,0.5996387718242023,0.6492574224543994,0.5933743946606591
2025_08_MIN_LAC,2025,8,2025-10-23,LAC,MIN,1.0,3.0,-170.0,142.0,0.5569037656903766,0.5139174239910156,0.5265936390694219,0.5467379390297789,0.5541291853454617,0.5976489576400019,0.6037569709421778,0.6148504719285923,0.6041527673983648
2025_08_BUF_CAR,2025,8,2025-10-26,CAR,BUF,0.0,-7.0,310.0,-395.0,0.5569037656903766,0.2747370086453546,0.2564614903820408,0.21092601863188984,0.27116801131164125,0.2557112712896762,0.23409789548356585,0.23949226885314898,0.17968439106581635
2025_08_CHI_BAL,2025,8,2025-10-26,BAL,CHI,1.0,2.5,-148.0,124.0,0.5569037656903766,0.6584927269116397,0.7420396219706253,0.685823774771767,0.7308782942908256,0.5799274738344856,0.5720596355604638,0.656257561353531,0.7048441764294414
2025_08_CLE_NE,2025,8,2025-10-26,NE,CLE,1.0,7.0,-380.0,300.0,0.5569037656903766,0.6688986467750455,0.7566566281329242,0.759033370379086,0.708521449718471,0.7273665009534516,0.7600000000000001,0.7866516060085859,0.7839335513763892
2025_08_MIA_ATL,2025,8,2025-10-26,ATL,MIA,0.0,7.0,-355.0,280.0,0.5569037656903766,0.6801039405395116,0.6049265880896131,0.5952836545955689,0.6583826632018823,0.7273665009534516,0.7477827050997783,0.6729768858717146,0.7302097920237174
2025_08_NYG_PHI,2025,8,2025-10-26,PHI,NYG,1.0,7.0,-380.0,300.0,0.5569037656903766,0.8639251572566624,0.79187578852362,0.798129406636599,0.8024352870247365,0.7273665009534516,0.7600000000000001,0.7323172873776932,0.7563582341861539
2025_08_NYJ_CIN,2025,8,2025-10-26,CIN,NYJ,0.0,5.5,-258.0,210.0,0.5569037656903766,0.7510066929304303,0.6801155941959129,0.6687812298582695,0.6626410866928665,0.6817212496667037,0.690792883054068,0.7119705838452902,0.7084948060724199
2025_08_SF_HOU,2025,8,2025-10-26,HOU,SF,1.0,2.5,-155.0,130.0,0.5569037656903766,0.5944069879619912,0.5531292706172287,0.5896372114064825,0.6142621380377649,0.5799274738344856,0.5829926410466066,0.5403934335623864,0.5403449425516489
2025_08_TB_NO,2025,8,2025-10-26,NO,TB,0.0,-4.5,180.0,-218.0,0.5569037656903766,0.2642142879670352,0.2635752608675465,0.23362333528296347,0.33722331112405013,0.3312879961153469,0.34252477380439467,0.3232289904959087,0.30319840980562274
2025_08_DAL_DEN,2025,8,2025-10-26,DEN,DAL,1.0,3.5,-192.0,160.0,0.5569037656903766,0.7169381337780162,0.6330154538904091,0.6048875181458448,0.6462708319489681,0.6151189980105125,0.6309403437815976,0.598442848602009,0.6321296161865836
2025_08_TEN_IND,2025,8,2025-10-26,IND,TEN,1.0,15.5,-1650.0,950.0,0.5569037656903766,0.8682174735022475,0.8555920543008825,0.8497003068589826,0.8756987686470132,0.9025383274343173,0.9082568807339451,0.9067215616825527,0.9414827936307644
2025_08_GB_PIT,2025,8,2025-10-26,PIT,GB,0.0,-3.0,130.0,-155.0,0.5569037656903766,0.4395456147734672,0.4039592470435404,0.41595844234635676,0.413230839636127,0.38160140548078414,0.4170073589533933,0.40337631812105723,0.3857502149764545
2025_08_WAS_KC,2025,8,2025-10-27,KC,WAS,1.0,10.5,-700.0,500.0,0.5569037656903766,0.739047730657665,0.6907952427259478,0.712925504465288,0.7157782130842048,0.8166363598383656,0.84,0.8167129380905434,0.8405849914381907
2025_09_BAL_MIA,2025,9,2025-10-30,MIA,BAL,0.0,-7.5,350.0,-455.0,0.5569037656903766,0.41244227845788,0.4323129217931827,0.34255382563230447,0.32908702470651935,0.24202983732008948,0.2132564841498559,0.2706415462999344,0.19529120468656744
2025_09_ATL_NE,2025,9,2025-11-02,NE,ATL,1.0,5.5,-250.0,205.0,0.5569037656903766,0.6643078131430795,0.6951555958479898,0.726164865383409,0.6527417843129937,0.6817212496667037,0.6853932584269663,0.7187157113438215,0.6347041990137708
2025_09_CAR_GB,2025,9,2025-11-02,GB,CAR,0.0,12.5,-1000.0,650.0,0.5569037656903766,0.8523636827383961,0.8258863615955563,0.8552622834783309,0.8635204657591119,0.8565018524066724,0.8720930232558138,0.8605858374981802,0.8917972154335494
2025_09_CHI_CIN,2025,9,2025-11-02,CIN,CHI,0.0,-3.0,136.0,-162.0,0.5569037656903766,0.617069255848958,0.6338632665509175,0.6168375850888628,0.6591181851124776,0.38160140548078414,0.4066302458405761,0.46962808307679554,0.5597864548901034
2025_09_DEN_HOU,2025,9,2025-11-02,HOU,DEN,0.0,1.5,-125.0,105.0,0.5569037656903766,0.47489829097810626,0.44926009608753265,0.46190297729042673,0.46713804148553045,0.5439040887461486,0.5324675324675325,0.4924409760128544,0.5023163741931023
2025_09_IND_PIT,2025,9,2025-11-02,PIT,IND,1.0,-3.5,154.0,-185.0,0.5569037656903766,0.5004109208743692,0.3932672790740722,0.4649516255055203,0.36869139579414184,0.3644828595969304,0.3775334481388264,0.40440181094926797,0.3311243645221032
2025_09_LAC_TEN,2025,9,2025-11-02,TEN,LAC,0.0,-10.0,470.0,-650.0,0.5569037656903766,0.22120612373457857,0.21226949199428885,0.18547557360686429,0.28958191259924126,0.18129508996558755,0.16835016835016833,0.19580455969597868,0.26465938201302147
2025_09_MIN_DET,2025,9,2025-11-02,DET,MIN,0.0,9.5,-550.0,410.0,0.5569037656903766,0.7735018155899306,0.7904877106008095,0.8682585533101304,0.8892873903558665,0.7936906034016088,0.8118668596237336,0.8054894894144228,0.9146484278383646
2025_09_SF_NYG,2025,9,2025-11-02,NYG,SF,0.0,-2.5,124.0,-148.0,0.5569037656903766,0.4127194046953869,0.4287836193097396,0.45392688541114934,0.3901852730718596,0.3990191480808695,0.42794036443953615,0.42890125881737196,0.45440905757986516
2025_09_JAX_LV,2025,9,2025-11-02,LV,JAX,0.0,-2.5,110.0,-130.0,0.5569037656903766,0.46407054533225256,0.41825975159504436,0.4693083737491845,0.3626217591547519,0.3990191480808695,0.4572564612326044,0.40207942524820267,0.3790337169577282
2025_09_NO_LA,2025,9,2025-11-02,LA,NO,1.0,14.0,-1200.0,750.0,0.5569037656903766,0.8735028976769803,0.8601704396664189,0.8805712303745503,0.8261812042945743,0.881440562664678,0.8869565217391304,0.9030274062651478,0.9214795271933713
2025_09_KC_BUF,2025,9,2025-11-02,BUF,KC,1.0,-2.5,114.0,-135.0,0.5569037656903766,0.518276464059982,0.5694345501556793,0.5596909481218884,0.5747468333860654,0.3990191480808695,0.448558885283451,0.4413918004348123,0.48185316159014246
2025_09_SEA_WAS,2025,9,2025-11-02,WAS,SEA,0.0,-2.5,124.0,-148.0,0.5569037656903766,0.4556004430826246,0.3980810390581202,0.4199929038612943,0.4178553868400638,0.3990191480808695,0.42794036443953615,0.40391111759408166,0.4369596520580394
2025_09_ARI_DAL,2025,9,2025-11-03,DAL,ARI,0.0,3.5,-175.0,145.0,0.5569037656903766,0.6234745008417328,0.5190718105748273,0.5677851639519927,0.6030328403124215,0.6151189980105125,0.6092362344582594,0.6279312881763802,0.6694978132883032
2025_10_LV_DEN,2025,10,2025-11-06,DEN,LV,1.0,9.5,-500.0,380.0,0.5569037656903766,0.8618492831795909,0.8285555665156232,0.7951250941200234,0.8973696695009283,0.7936906034016088,0.7999999999999999,0.7970098211796377,0.8862062644266768
2025_10_ATL_IND,2025,10,2025-11-09,IND,ATL,1.0,6.5,-310.0,250.0,0.5569037656903766,0.6707412887692296,0.6927172822830739,0.6627588899794781,0.7955076075231574,0.712611031671679,0.725752508361204,0.7362085728201396,0.7274050818102369
2025_10_BAL_MIN,2025,10,2025-11-09,MIN,BAL,0.0,-4.5,190.0,-230.0,0.5569037656903766,0.5189692753589027,0.3903770411580221,0.29718715475021507,0.3422230044896917,0.3312879961153469,0.33099297893681046,0.3144596962908773,0.28876443387363804
2025_10_BUF_MIA,2025,10,2025-11-09,MIA,BUF,1.0,-8.5,350.0,-455.0,0.5569037656903766,0.2337370357681614,0.25125882336152705,0.28712736837816055,0.27661043468951907,0.21619340886035163,0.2132564841498559,0.2111991795780397,0.29238048966954666
2025_10_CLE_NYJ,2025,10,2025-11-09,NYJ,CLE,1.0,-1.5,110.0,-130.0,0.5569037656903766,0.5307893706983231,0.6697515782711303,0.7027182763947105,0.6281787625281334,0.43459006737347433,0.4572564612326044,0.5131673112116535,0.5645635447894174
2025_10_JAX_HOU,2025,10,2025-11-09,HOU,JAX,1.0,-1.5,-105.0,-115.0,0.5569037656903766,0.6921150269748614,0.6320724870426687,0.5242816293675344,0.7080148717216509,0.43459006737347433,0.4891657638136511,0.37370338644742895,0.44083099946491755
2025_10_NE_TB,2025,10,2025-11-09,TB,NE,0.0,2.5,-148.0,124.0,0.5569037656903766,0.6871841109500316,0.6445575813924568,0.6468672027888994,0.7850969322544894,0.5799274738344856,0.5720596355604638,0.5950388771366687,0.6447927957320104
2025_10_NO_CAR,2025,10,2025-11-09,CAR,NO,0.0,5.5,-245.0,200.0,0.5569037656903766,0.6933706903690495,0.6707027645807858,0.6447998914390947,0.6803696539196024,0.6817212496667037,0.6805555555555556,0.7122214980805455,0.6900346864755699
2025_10_NYG_CHI,2025,10,2025-11-09,CHI,NYG,1.0,4.5,-218.0,180.0,0.5569037656903766,0.691325104874076,0.6165551571443684,0.5967109638076674,0.6378195038495247,0.6491459860570056,0.6574752261956054,0.5946689337595343,0.6406686828842529
2025_10_ARI_SEA,2025,10,2025-11-09,SEA,ARI,1.0,7.0,-340.0,270.0,0.5569037656903766,0.7608221952381271,0.6825267015442321,0.690281754401859,0.6742748050130126,0.7273665009534516,0.740871613663133,0.7357618297927571,0.735361404361262
2025_10_DET_WAS,2025,10,2025-11-09,WAS,DET,0.0,-8.5,350.0,-455.0,0.5569037656903766,0.33798057520280705,0.3192693609207715,0.26756022296471005,0.32855036360420026,0.21619340886035163,0.2132564841498559,0.25315314611144474,0.24649035213076742
2025_10_LA_SF,2025,10,2025-11-09,SF,LA,0.0,-5.5,210.0,-258.0,0.5569037656903766,0.41768180703274793,0.4144504852579098,0.36564108058034084,0.5168857757276636,0.2996906747434666,0.30920711694593195,0.32015670259987,0.3252696354395612
2025_10_PIT_LAC,2025,10,2025-11-09,LAC,PIT,1.0,3.0,-162.0,136.0,0.5569037656903766,0.5794519312739999,0.6104484400684285,0.5924548140604939,0.5836990449123647,0.5976489576400019,0.593369754159424,0.5421039906752125,0.5024027534996306
2025_10_PHI_GB,2025,10,2025-11-10,GB,PHI,0.0,1.5,-110.0,-110.0,0.5569037656903766,0.4839494666443896,0.4529454777238788,0.47650186011979195,0.455683911934648,0.5439040887461486,0.5,0.5274104574770012,0.5601080920310714
2025_11_NYJ_NE,2025,11,2025-11-13,NE,NYJ,1.0,12.5,-950.0,625.0,0.5569037656903766,0.7572938493071412,0.686904504631057,0.6790361208372059,0.7324729270528336,0.8565018524066724,0.8677165354330709,0.8326157231771636,0.8738838466228592
2025_11_WAS_MIA,2025,11,2025-11-16,MIA,WAS,1.0,2.5,-148.0,124.0,0.5569037656903766,0.48698077323108685,0.5114218135580655,0.577491594217692,0.4513496016483499,0.5799274738344856,0.5720596355604638,0.5631584257849729,0.4860282073635779
2025_11_CAR_ATL,2025,11,2025-11-16,ATL,CAR,0.0,4.5,-218.0,180.0,0.5569037656903766,0.6025790165304576,0.5473508898141075,0.5765209538719986,0.6190840802464166,0.6491459860570056,0.6574752261956054,0.5816941154041245,0.6332348819135221
2025_11_CHI_MIN,2025,11,2025-11-16,MIN,CHI,0.0,3.0,-148.0,124.0,0.5569037656903766,0.6190124483649638,0.5473814766529982,0.5069464389862426,0.563768333241741,0.5976489576400019,0.5720596355604638,0.6053232315949851,0.6221057937628883
2025_11_CIN_PIT,2025,11,2025-11-16,PIT,CIN,1.0,5.5,-250.0,205.0,0.5569037656903766,0.6506619680791755,0.460600940426796,0.5322642982644866,0.5532320655285887,0.6817212496667037,0.6853932584269663,0.63409727278102,0.6998289962103825
2025_11_GB_NYG,2025,11,2025-11-16,NYG,GB,0.0,-7.5,340.0,-440.0,0.5569037656903766,0.24538009070871578,0.2874690345974799,0.2912051599725017,0.2512197865011159,0.24202983732008948,0.21809369951534735,0.2537162832057453,0.22183435425369222
2025_11_HOU_TEN,2025,11,2025-11-16,TEN,HOU,0.0,-5.5,215.0,-265.0,0.5569037656903766,0.19261906148019622,0.2516822681590753,0.2722154077585638,0.3560670501228475,0.2996906747434666,0.30423004792665137,0.35350510079518344,0.3682589859466052
2025_11_LAC_JAX,2025,11,2025-11-16,JAX,LAC,1.0,-3.0,130.0,-155.0,0.5569037656903766,0.38964610971155816,0.39228026370012103,0.38568461902000006,0.3059884752308527,0.38160140548078414,0.4170073589533933,0.4420281782591873,0.3365709733807299
2025_11_TB_BUF,2025,11,2025-11-16,BUF,TB,1.0,6.0,-285.0,230.0,0.5569037656903766,0.6412085808326276,0.6486576157190393,0.6522627661384968,0.6349122172045599,0.6973892115450019,0.7095435684647302,0.7357271066698889,0.6746250345626902
2025_11_SEA_LA,2025,11,2025-11-16,LA,SEA,1.0,3.0,-175.0,145.0,0.5569037656903766,0.5859365529037907,0.5258852930719783,0.5604421293474408,0.5726554763220609,0.5976489576400019,0.6092362344582594,0.5761236538556138,0.6023024401708935
2025_11_SF_ARI,2025,11,2025-11-16,ARI,SF,0.0,-3.5,160.0,-192.0,0.5569037656903766,0.5101104627815126,0.460973602324184,0.33063440699448554,0.5258326184500328,0.3644828595969304,0.3690596562184025,0.3100116255448299,0.36896026689662365
2025_11_BAL_CLE,2025,11,2025-11-16,CLE,BAL,0.0,-7.5,340.0,-440.0,0.5569037656903766,0.26170415192131663,0.20319850475289286,0.17684225097147666,0.3271018156089538,0.24202983732008948,0.21809369951534735,0.1901023054558975,0.281034651465964
2025_11_KC_DEN,2025,11,2025-11-16,DEN,KC,1.0,-3.5,180.0,-218.0,0.5569037656903766,0.5438193888678007,0.43569921875406015,0.4151376517051778,0.4255468533913267,0.3644828595969304,0.34252477380439467,0.3285562999615658,0.34392774184588665
2025_11_DET_PHI,2025,11,2025-11-16,PHI,DET,1.0,2.5,-155.0,130.0,0.5569037656903766,0.5980318158759,0.4893979269904434,0.4821113686668093,0.4632560198318674,0.5799274738344856,0.5829926410466066,0.5965229396203648,0.5100446491810979
2025_11_DAL_LV,2025,11,2025-11-17,LV,DAL,0.0,-3.5,164.0,-198.0,0.5569037656903766,0.44891912867474676,0.34341548606054884,0.3700106946847704,0.2914721042827302,0.3644828595969304,0.3630958183058778,0.3313019741570789,0.30178926257722316
2025_12_BUF_HOU,2025,12,2025-11-20,HOU,BUF,1.0,-5.5,210.0,-258.0,0.5569037656903766,0.4700514995204014,0.4047263486556748,0.34730098842685897,0.34482170222767505,0.2996906747434666,0.30920711694593195,0.24026947877176014,0.20440010824817326
2025_12_IND_KC,2025,12,2025-11-23,KC,IND,1.0,3.5,-218.0,180.0,0.5569037656903766,0.6898115731398852,0.5500177445164678,0.6239466379549276,0.5815792842488818,0.6151189980105125,0.6574752261956054,0.6428354107140977,0.6372134360155689
2025_12_MIN_GB,2025,12,2025-11-23,GB,MIN,1.0,6.5,-290.0,235.0,0.5569037656903766,0.724080969038386,0.7210545835099137,0.7866710466683946,0.7275358470009228,0.712611031671679,0.7135512302607419,0.7349964615099829,0.704891533104264
2025_12_NE_CIN,2025,12,2025-11-23,CIN,NE,0.0,-7.5,310.0,-395.0,0.5569037656903766,0.4206027647216593,0.3665428540518924,0.3322549226888508,0.31189257850121455,0.24202983732008948,0.23409789548356585,0.2687715825801653,0.17246500206620602
2025_12_NYG_DET,2025,12,2025-11-23,DET,NYG,1.0,14.0,-1050.0,675.0,0.5569037656903766,0.8818380755707628,0.8272379216695669,0.8322048559655614,0.8448701471803137,0.881440562664678,0.8761776581426649,0.8684615847445141,0.8832955412187419
2025_12_NYJ_BAL,2025,12,2025-11-23,BAL,NYJ,1.0,14.0,-1050.0,675.0,0.5569037656903766,0.8383258962857146,0.7404299066345625,0.7525670214051635,0.7925001955781193,0.881440562664678,0.8761776581426649,0.8557610443061942,0.912961380206197
2025_12_PIT_CHI,2025,12,2025-11-23,CHI,PIT,1.0,3.0,-155.0,130.0,0.5569037656903766,0.5023465272296856,0.4858473354716045,0.49007950372705367,0.5760199307448794,0.5976489576400019,0.5829926410466066,0.5360436036472728,0.625234169713168
2025_12_SEA_TEN,2025,12,2025-11-23,TEN,SEA,0.0,-12.5,625.0,-950.0,0.5569037656903766,0.1340277519455841,0.15948882363018776,0.15761596371289996,0.1986453179204235,0.13312429668974296,0.13228346456692913,0.13467682437012926,0.19431030381697106
2025_12_CLE_LV,2025,12,2025-11-23,LV,CLE,0.0,3.0,-162.0,136.0,0.5569037656903766,0.5480171792088528,0.555320423593614,0.5967911284215164,0.5860757547474601,0.5976489576400019,0.593369754159424,0.6380231556175131,0.6250033598607245
2025_12_JAX_ARI,2025,12,2025-11-23,ARI,JAX,0.0,-2.5,114.0,-135.0,0.5569037656903766,0.48532369017946897,0.4977296612830406,0.47603977583034757,0.5637597579686846,0.3990191480808695,0.448558885283451,0.3811987308314388,0.47544964801354717
2025_12_ATL_NO,2025,12,2025-11-23,NO,ATL,0.0,1.5,-122.0,102.0,0.5569037656903766,0.5263313421280789,0.48264850167668,0.4394296985952011,0.3922783640076806,0.5439040887461486,0.5260865852617197,0.5299157536946477,0.44481202007002685
2025_12_PHI_DAL,2025,12,2025-11-23,DAL,PHI,1.0,-3.0,136.0,-162.0,0.5569037656903766,0.25361196601940034,0.3396200678493413,0.3561951582832932,0.3470064587568694,0.38160140548078414,0.4066302458405761,0.378484089766095,0.4402114055327346
2025_12_TB_LA,2025,12,2025-11-23,LA,TB,1.0,7.0,-375.0,295.0,0.5569037656903766,0.7185539502141871,0.6602937402481476,0.6713417857180922,0.6666392556222525,0.7273665009534516,0.7571884984025559,0.7415607190415858,0.7267043585780099
2025_12_CAR_SF,2025,12,2025-11-24,SF,CAR,1.0,7.5,-395.0,310.0,0.5569037656903766,0.7338632948212264,0.7177409086609864,0.7734483713358659,0.7764683158748843,0.7416390466358279,0.7659021045164341,0.7656970975837392,0.777221206485033
2025_13_GB_DET,2025,13,2025-11-27,DET,GB,0.0,2.5,-155.0,130.0,0.5569037656903766,0.608596430954009,0.5490402689139096,0.5396534092710633,0.4940474007165681,0.5799274738344856,0.5829926410466066,0.5284476955595874,0.4560450450157796
2025_13_KC_DAL,2025,13,2025-11-27,DAL,KC,1.0,-3.5,154.0,-185.0,0.5569037656903766,0.3467394566564738,0.3968350858541094,0.3994027930077932,0.41332859204890143,0.3644828595969304,0.3775334481388264,0.38280316802503855,0.34567982839791384
2025_13_CIN_BAL,2025,13,2025-11-27,BAL,CIN,0.0,7.0,-375.0,295.0,0.5569037656903766,0.7991347614845725,0.724049278574307,0.6663732122073883,0.7936720490090515,0.7273665009534516,0.7571884984025559,0.6844522439081462,0.7489319377393885
2025_13_CHI_PHI,2025,13,2025-11-28,PHI,CHI,0.0,7.0,-340.0,270.0,0.5569037656903766,0.7916670835898303,0.7273673909144042,0.7540814988562726,0.6904256713659636,0.7273665009534516,0.740871613663133,0.7576359933037143,0.7590176785904809
2025_13_ARI_TB,2025,13,2025-11-30,TB,ARI,1.0,4.5,-198.0,164.0,0.5569037656903766,0.7169434843555679,0.6492963009114944,0.6841402324076146,0.6335225032728043,0.6491459860570056,0.6369041816941223,0.701263815856678,0.6596565110238797
2025_13_ATL_NYJ,2025,13,2025-11-30,NYJ,ATL,1.0,-3.0,140.0,-166.0,0.5569037656903766,0.47891723489939453,0.5253657311878233,0.5196866524523446,0.4754575791640657,0.38160140548078414,0.4003612281757977,0.45031081146428203,0.4576149270225888
2025_13_HOU_IND,2025,13,2025-11-30,IND,HOU,0.0,3.0,-170.0,142.0,0.5569037656903766,0.5214910170045107,0.5555646461054742,0.4473498780525058,0.5851350664162677,0.5976489576400019,0.6037569709421778,0.6048160583349151,0.6028656977711917
2025_13_JAX_TEN,2025,13,2025-11-30,TEN,JAX,0.0,-6.0,220.0,-270.0,0.5569037656903766,0.24241565507610954,0.271559022652251,0.2604485412611085,0.26195593757454605,0.2845558070117743,0.299837925445705,0.2877337369990167,0.23594307262591005
2025_13_LA_CAR,2025,13,2025-11-30,CAR,LA,1.0,-10.0,425.0,-575.0,0.5569037656903766,0.2007978262148028,0.2295736076253212,0.1968501272701407,0.3043986112812153,0.18129508996558755,0.18274111675126903,0.2013428820025256,0.31092583169960725
2025_13_NO_MIA,2025,13,2025-11-30,MIA,NO,1.0,5.5,-250.0,205.0,0.5569037656903766,0.7472834259826094,0.7951915515813693,0.8224434960804956,0.7704723170852021,0.6817212496667037,0.6853932584269663,0.7674758999347219,0.6885719008849717
2025_13_SF_CLE,2025,13,2025-11-30,CLE,SF,0.0,-5.5,205.0,-250.0,0.5569037656903766,0.34770361980747966,0.28258919863059606,0.2597966372398983,0.32870104353048585,0.2996906747434666,0.31460674157303364,0.23907920092399734,0.22601843737028174
2025_13_MIN_SEA,2025,13,2025-11-30,SEA,MIN,1.0,12.5,-900.0,600.0,0.5569037656903766,0.7588961143784257,0.7796540604109453,0.7223850525881332,0.79854477550583,0.8565018524066724,0.863013698630137,0.8705308315004833,0.8816549269716569
2025_13_BUF_PIT,2025,13,2025-11-30,PIT,BUF,0.0,-3.0,140.0,-166.0,0.5569037656903766,0.4351631978764779,0.3640809192459317,0.40555804682007135,0.3418244549076132,0.38160140548078414,0.4003612281757977,0.39700102287068867,0.4208678489387395
2025_13_LV_LAC,2025,13,2025-11-30,LAC,LV,1.0,10.0,-600.0,440.0,0.5569037656903766,0.8201905423530264,0.8135480791454615,0.7975699805353307,0.796953177559171,0.8054198735130627,0.8223350253807106,0.8180280066926475,0.8333754704486828
2025_13_DEN_WAS,2025,13,2025-11-30,WAS,DEN,0.0,-6.5,250.0,-310.0,0.5569037656903766,0.2929366606157949,0.3481214065430164,0.34065809690706755,0.2627921649349633,0.2698907091597687,0.27424749163879597,0.3085947443899676,0.2109497928124776
2025_13_NYG_NE,2025,13,2025-12-01,NE,NYG,1.0,7.0,-375.0,295.0,0.5569037656903766,0.8089254240730068,0.7704885523254439,0.7956278026870889,0.7539722169515476,0.7273665009534516,0.7571884984025559,0.7299126328060103,0.7490805132347687
2025_14_DAL_DET,2025,14,2025-12-04,DET,DAL,1.0,3.5,-192.0,160.0,0.5569037656903766,0.7227135075554921,0.6757438123776369,0.674454323621064,0.6875279980909138,0.6151189980105125,0.6309403437815976,0.6037897153965494,0.6390154316762385
2025_14_CIN_BUF,2025,14,2025-12-07,BUF,CIN,1.0,6.0,-285.0,230.0,0.5569037656903766,0.7781680829420965,0.748788957985777,0.736247935979177,0.743921358853977,0.6973892115450019,0.7095435684647302,0.6844506925405074,0.6492384600372209
2025_14_IND_JAX,2025,14,2025-12-07,JAX,IND,1.0,-2.5,114.0,-135.0,0.5569037656903766,0.5424073072102624,0.481188769558947,0.5172285589776464,0.40251106572326234,0.3990191480808695,0.448558885283451,0.39686676829222056,0.35952917282134794
2025_14_MIA_NYJ,2025,14,2025-12-07,NYJ,MIA,0.0,-2.5,124.0,-148.0,0.5569037656903766,0.41342617847190266,0.4490990115097783,0.4271991536100814,0.5102823355692458,0.3990191480808695,0.42794036443953615,0.4264929884901788,0.49892877704454797
2025_14_NO_TB,2025,14,2025-12-07,TB,NO,0.0,7.5,-425.0,330.0,0.5569037656903766,0.814866283288529,0.7561956684222365,0.7752927397253185,0.8542384040076879,0.7416390466358279,0.7768331562167907,0.7724411070875736,0.8113490838562383
2025_14_PIT_BAL,2025,14,2025-12-07,BAL,PIT,0.0,5.5,-270.0,220.0,0.5569037656903766,0.6514270030021315,0.6475167023495144,0.646570697191826,0.5944354913889616,0.6817212496667037,0.7001620745542949,0.6325212448301053,0.5933818704839819
2025_14_SEA_ATL,2025,14,2025-12-07,ATL,SEA,0.0,-7.0,280.0,-355.0,0.5569037656903766,0.24513263543031993,0.28978694931159943,0.32420122357289977,0.22843379009496123,0.2557112712896762,0.2522172949002217,0.2552343139850896,0.21568152083137912
2025_14_TEN_CLE,2025,14,2025-12-07,CLE,TEN,0.0,4.5,-205.0,170.0,0.5569037656903766,0.7314234704142447,0.6255370183793921,0.6524778347807537,0.6576893933696568,0.6491459860570056,0.644729178800233,0.6031665184481951,0.6556564098833854
2025_14_WAS_MIN,2025,14,2025-12-07,MIN,WAS,1.0,-1.5,-105.0,-115.0,0.5569037656903766,0.5947663119926127,0.4762000804976296,0.41493052220912,0.3920184070269833,0.43459006737347433,0.4891657638136511,0.4007264801538417,0.345586990831597
2025_14_DEN_LV,2025,14,2025-12-07,LV,DEN,0.0,-8.5,360.0,-470.0,0.5569037656903766,0.14377968792691911,0.16041068015360976,0.19371578991257069,0.23627841836033925,0.21619340886035163,0.20863836017569545,0.18481259189717267,0.23084777583585925
2025_14_CHI_GB,2025,14,2025-12-07,GB,CHI,1.0,6.5,-305.0,245.0,0.5569037656903766,0.7177503172431281,0.718929983762854,0.7613473823802073,0.7348088410912195,0.712611031671679,0.7220792588780237,0.7579342749977784,0.7953739871644498
2025_14_LA_ARI,2025,14,2025-12-07,ARI,LA,0.0,-9.5,380.0,-500.0,0.5569037656903766,0.2427428155068058,0.25651949027305837,0.23224224984361128,0.2647081390028049,0.19241485553394985,0.19999999999999998,0.15309237277524332,0.17029648869427913
2025_14_HOU_KC,2025,14,2025-12-07,KC,HOU,0.0,4.5,-218.0,180.0,0.5569037656903766,0.6212930887706231,0.6763290400392369,0.6892605430018046,0.6584555357067295,0.6491459860570056,0.6574752261956054,0.7194883151743502,0.7227370206185535
2025_14_PHI_LAC,2025,14,2025-12-08,LAC,PHI,1.0,-1.5,100.0,-120.0,0.5569037656903766,0.40885168683927997,0.4646997637867741,0.47422474436275763,0.4273020108935221,0.43459006737347433,0.4782608695652174,0.4162239043784847,0.4326442050415074
2025_15_ATL_TB,2025,15,2025-12-11,TB,ATL,0.0,6.0,-278.0,225.0,0.5569037656903766,0.7184891233530513,0.644120631041767,0.6377508979385123,0.6367147451494085,0.6973892115450019,0.705033164260632,0.7052585747851874,0.638471428605916
2025_15_ARI_HOU,2025,15,2025-12-14,HOU,ARI,1.0,10.5,-625.0,455.0,0.5569037656903766,0.8380660490753745,0.747252151643401,0.7648865627553478,0.7572048161130457,0.8166363598383656,0.827123695976155,0.8128909448138527,0.85957589864212
2025_15_BAL_CIN,2025,15,2025-12-14,CIN,BAL,0.0,-2.5,136.0,-162.0,0.5569037656903766,0.4699253259824348,0.4383750998376511,0.4365473240429315,0.4310561835354818,0.3990191480808695,0.4066302458405761,0.43473380114637294,0.4394554097778205
2025_15_BUF_NE,2025,15,2025-12-14,NE,BUF,0.0,-2.5,120.0,-142.0,0.5569037656903766,0.44780936880901107,0.4972965629671177,0.49637186984985887,0.36996510466177013,0.3990191480808695,0.43650793650793646,0.40593343327055265,0.42508921039953806
2025_15_CLE_CHI,2025,15,2025-12-14,CHI,CLE,1.0,7.5,-375.0,295.0,0.5569037656903766,0.7934368667125514,0.7543444553498478,0.7144679745846557,0.7970620774500663,0.7416390466358279,0.7571884984025559,0.7807277752788466,0.8233579298173127
2025_15_LAC_KC,2025,15,2025-12-14,KC,LAC,0.0,5.5,-258.0,210.0,0.5569037656903766,0.642198473085482,0.6205033620382369,0.6253536986810002,0.6686165477969273,0.6817212496667037,0.690792883054068,0.716269648105124,0.7313840536216063
2025_15_LV_PHI,2025,15,2025-12-14,PHI,LV,1.0,12.5,-1000.0,650.0,0.5569037656903766,0.9004754909301375,0.8331288959687984,0.8248679482596736,0.858498145351766,0.8565018524066724,0.8720930232558138,0.8547646999586358,0.9122784341859365
2025_15_NYJ_JAX,2025,15,2025-12-14,JAX,NYJ,1.0,13.5,-1050.0,675.0,0.5569037656903766,0.8002216211801837,0.7383146359528052,0.7905270490108754,0.7105031924461492,0.8735745010117975,0.8761776581426649,0.8517446392744081,0.873394919240647
2025_15_WAS_NYG,2025,15,2025-12-14,NYG,WAS,0.0,2.5,-148.0,124.0,0.5569037656903766,0.4521816511835846,0.5292675309053111,0.5173988628085866,0.4437930475425901,0.5799274738344856,0.5720596355604638,0.5728889390761951,0.4858958073580814
2025_15_CAR_NO,2025,15,2025-12-14,NO,CAR,1.0,-2.5,124.0,-148.0,0.5569037656903766,0.48404624719173867,0.3676101867753295,0.3935846866429139,0.3627348730100336,0.3990191480808695,0.42794036443953615,0.3030628289311984,0.356638248752939
2025_15_DET_LA,2025,15,2025-12-14,LA,DET,1.0,5.5,-245.0,200.0,0.5569037656903766,0.594685959959981,0.5725384346770153,0.5693448351519887,0.5652508524242764,0.6817212496667037,0.6805555555555556,0.6930756193856124,0.6402477565822939
2025_15_GB_DEN,2025,15,2025-12-14,DEN,GB,1.0,-1.5,102.0,-122.0,0.5569037656903766,0.5605430784785818,0.4912594870807654,0.4685744148716315,0.5039207002484286,0.43459006737347433,0.4739134147382802,0.4137044154997338,0.42973213355897555
2025_15_IND_SEA,2025,15,2025-12-14,SEA,IND,1.0,13.5,-1000.0,650.0,0.5569037656903766,0.7667130941548812,0.7216566856926704,0.606905523971659,0.66386495765728,0.8735745010117975,0.8720930232558138,0.8772291190210378,0.8660590596395463
2025_15_TEN_SF,2025,15,2025-12-14,SF,TEN,1.0,12.5,-900.0,600.0,0.5569037656903766,0.8840583368886185,0.8770744320188878,0.9027611833729576,0.8781358921113035,0.8565018524066724,0.863013698630137,0.8859229165313308,0.9231233542003856
2025_15_MIN_DAL,2025,15,2025-12-14,DAL,MIN,0.0,5.5,-265.0,215.0,0.5569037656903766,0.5779842634415594,0.670639340098867,0.7257345639755821,0.5235675039025309,0.6817212496667037,0.6957699520733487,0.7290733065617785,0.6791413716200013
2025_15_MIA_PIT,2025,15,2025-12-15,PIT,MIA,1.0,3.0,-175.0,145.0,0.5569037656903766,0.5895537616931706,0.5195247005916355,0.5167234352527323,0.44550640420723875,0.5976489576400019,0.6092362344582594,0.6442116932634361,0.5474059934736182
2025_16_LA_SEA,2025,16,2025-12-18,SEA,LA,1.0,1.5,-122.0,102.0,0.5569037656903766,0.5473332985585783,0.47513143702632143,0.4644416748729664,0.39842121499711247,0.5439040887461486,0.5260865852617197,0.5124774684335844,0.4381145887222133
2025_16_PHI_WAS,2025,16,2025-12-20,WAS,PHI,0.0,-7.0,300.0,-380.0,0.5569037656903766,0.3018627094482396,0.31754389483674933,0.3063453558097578,0.30321702062085365,0.2557112712896762,0.24000000000000005,0.29621963653560934,0.2503074947213737
2025_16_GB_CHI,2025,16,2025-12-20,CHI,GB,1.0,1.5,-118.0,-102.0,0.5569037656903766,0.41942880193023147,0.36830868698047425,0.32527264723104166,0.47216628140971717,0.5439040887461486,0.5173641257162701,0.4582301727771076,0.545725762540488
2025_16_BUF_CLE,2025,16,2025-12-21,CLE,BUF,0.0,-10.5,425.0,-575.0,0.5569037656903766,0.1666577101989259,0.1433135136293885,0.13954831316299304,0.21197161961717764,0.17068212561480597,0.18274111675126903,0.13226544661905776,0.1406516335336067
2025_16_CIN_MIA,2025,16,2025-12-21,MIA,CIN,0.0,-3.5,170.0,-205.0,0.5569037656903766,0.6392778144567365,0.6343786110009566,0.4857858664759475,0.6293718215539528,0.3644828595969304,0.35527082119976705,0.365218472303479,0.41872663937522087
2025_16_KC_TEN,2025,16,2025-12-21,TEN,KC,1.0,-3.5,154.0,-185.0,0.5569037656903766,0.16058689871977078,0.22522297115352724,0.2906596493753459,0.2027600971941244,0.3644828595969304,0.3775334481388264,0.3909450218373979,0.31797838920841887
2025_16_LAC_DAL,2025,16,2025-12-21,DAL,LAC,0.0,1.5,-122.0,102.0,0.5569037656903766,0.43424337989073053,0.5330116304544265,0.5282791287472849,0.40899128840378174,0.5439040887461486,0.5260865852617197,0.612543909097352,0.5973264393897687
2025_16_MIN_NYG,2025,16,2025-12-21,NYG,MIN,0.0,-2.5,124.0,-148.0,0.5569037656903766,0.29406150440471734,0.4015277941132144,0.4344220775173799,0.3880898045112601,0.3990191480808695,0.42794036443953615,0.41682100806367434,0.4759606121383259
2025_16_NYJ_NO,2025,16,2025-12-21,NO,NYJ,1.0,6.5,-298.0,240.0,0.5569037656903766,0.6179752658152448,0.5471422413857762,0.4711374352212412,0.6259956364943798,0.712611031671679,0.7179705215419501,0.6467049422672341,0.7216836838767071
2025_16_TB_CAR,2025,16,2025-12-21,CAR,TB,1.0,-3.0,130.0,-155.0,0.5569037656903766,0.43339153677123793,0.4105629459940716,0.36453886220596754,0.3795424563290822,0.38160140548078414,0.4170073589533933,0.3796265044495458,0.37160521240206895
2025_16_ATL_ARI,2025,16,2025-12-21,ARI,ATL,0.0,-2.5,124.0,-148.0,0.5569037656903766,0.5429583777694922,0.5023927186278354,0.46540084346285815,0.5243128324461701,0.3990191480808695,0.42794036443953615,0.40612127944151766,0.45741946746989903
2025_16_JAX_DEN,2025,16,2025-12-21,DEN,JAX,0.0,3.5,-175.0,145.0,0.5569037656903766,0.7375847919373363,0.6167586827641514,0.6189774735195552,0.6425890723354248,0.6151189980105125,0.6092362344582594,0.6383887658865023,0.7000036604635104
2025_16_LV_HOU,2025,16,2025-12-21,HOU,LV,1.0,14.5,-1600.0,900.0,0.5569037656903766,0.9074415746984438,0.8786752744596421,0.8452283931957778,0.9382690929323142,0.8888794612540851,0.9039548022598869,0.8799753724207493,0.9330210765989346
2025_16_PIT_DET,2025,16,2025-12-21,DET,PIT,0.0,7.5,-425.0,330.0,0.5569037656903766,0.6885967573762036,0.6982510494141965,0.6876668175993018,0.5988816105828463,0.7416390466358279,0.7768331562167907,0.7231787111508441,0.5998892236035399
2025_16_NE_BAL,2025,16,2025-12-21,BAL,NE,0.0,3.5,-185.0,154.0,0.5569037656903766,0.5868727539658068,0.49403584217556196,0.5217376146453446,0.5423029016835114,0.6151189980105125,0.6224665518611737,0.5908905539780364,0.6554498601473303
2025_16_SF_IND,2025,16,2025-12-22,IND,SF,0.0,-4.5,185.0,-225.0,0.5569037656903766,0.4739673578191538,0.4312575936368872,0.4430485280977066,0.37080493929223435,0.3312879961153469,0.33635187580853815,0.2956606951123601,0.2593934492305221
2025_17_DAL_WAS,2025,17,2025-12-25,WAS,DAL,0.0,-8.5,380.0,-500.0,0.5569037656903766,0.5349453836988253,0.44993056310308577,0.381302408896781,0.3849991882042792,0.21619340886035163,0.19999999999999998,0.23060102677921876,0.22603348077079394
2025_17_DET_MIN,2025,17,2025-12-25,MIN,DET,1.0,-7.0,285.0,-360.0,0.5569037656903766,0.4589122844337209,0.36672320490351923,0.2907737734968837,0.2768915456111288,0.2557112712896762,0.2491874322860238,0.23849806059811135,0.24803959056920458
2025_17_DEN_KC,2025,17,2025-12-25,KC,DEN,0.0,-13.5,700.0,-1100.0,0.5569037656903766,0.4139012689944494,0.4208624323100805,0.3581661404343537,0.3309020679951889,0.11711710719727957,0.12000000000000002,0.11900765525570355,0.12623133735381248
2025_17_HOU_LAC,2025,17,2025-12-27,LAC,HOU,0.0,1.5,-118.0,-102.0,0.5569037656903766,0.5045712930961233,0.5256141110201481,0.5287342970909001,0.4997262126400174,0.5439040887461486,0.5173641257162701,0.5462304589999428,0.5785692825246588
2025_17_BAL_GB,2025,17,2025-12-27,GB,BAL,0.0,2.5,-142.0,120.0,0.5569037656903766,0.6811048662706353,0.6470978175645868,0.641069550513691,0.6264176918673222,0.5799274738344856,0.5634920634920635,0.6386279452148315,0.609549445993731
2025_17_ARI_CIN,2025,17,2025-12-28,CIN,ARI,1.0,7.0,-345.0,275.0,0.5569037656903766,0.7212038225791185,0.6791983864851269,0.7148365778617126,0.7361912069346263,0.7273665009534516,0.7440690150970525,0.7725366214205427,0.7960241294496816
2025_17_JAX_IND,2025,17,2025-12-28,IND,JAX,0.0,-3.5,185.0,-225.0,0.5569037656903766,0.3935566071088845,0.3678106796975569,0.4234437972582183,0.42784168495506303,0.3644828595969304,0.33635187580853815,0.35772476934548614,0.3269255301573196
2025_17_NE_NYJ,2025,17,2025-12-28,NYJ,NE,0.0,-12.5,625.0,-950.0,0.5569037656903766,0.2289627112313375,0.1946858596444324,0.21609878581786388,0.32611187858718504,0.13312429668974296,0.13228346456692913,0.13454352074443196,0.24980867120663133
2025_17_NO_TEN,2025,17,2025-12-28,TEN,NO,0.0,-1.5,100.0,-120.0,0.5569037656903766,0.4459463487973283,0.49083823141271066,0.46318085716249136,0.4166861539610767,0.43459006737347433,0.4782608695652174,0.5126263721899628,0.43429078504886626
2025_17_PIT_CLE,2025,17,2025-12-28,CLE,PIT,1.0,-4.5,170.0,-205.0,0.5569037656903766,0.25110222252358017,0.24286836342155954,0.22558002915987105,0.2624310520369158,0.3312879961153469,0.35527082119976705,0.2524466668568905,0.27252910099287964
2025_17_SEA_CAR,2025,17,2025-12-28,CAR,SEA,0.0,-6.5,245.0,-305.0,0.5569037656903766,0.22880647192075718,0.2635828896128937,0.2560993785486853,0.24787540104599007,0.2698907091597687,0.27792074112197634,0.30832554493703795,0.1888575782975776
2025_17_TB_MIA,2025,17,2025-12-28,MIA,TB,1.0,-5.5,205.0,-250.0,0.5569037656903766,0.5174543612600131,0.5204205628354083,0.47149120192789146,0.4527048310496701,0.2996906747434666,0.31460674157303364,0.30545777596921214,0.28945406620743686
2025_17_NYG_LV,2025,17,2025-12-28,LV,NYG,0.0,-3.0,136.0,-162.0,0.5569037656903766,0.5311361444149181,0.4488036528393241,0.5127184145084859,0.35364578286693976,0.38160140548078414,0.4066302458405761,0.3732752194190792,0.3570763098924192
2025_17_PHI_BUF,2025,17,2025-12-28,BUF,PHI,0.0,3.0,-170.0,142.0,0.5569037656903766,0.5923767165195148,0.6060232564637006,0.6091946885075586,0.5769289042409881,0.5976489576400019,0.6037569709421778,0.6496311229386114,0.6085081445407128
2025_17_CHI_SF,2025,17,2025-12-28,SF,CHI,1.0,3.5,-205.0,170.0,0.5569037656903766,0.6056638970310769,0.674363396520127,0.731101837549122,0.7083138891652986,0.6151189980105125,0.644729178800233,0.7026615343541527,0.6718271702444536
2025_17_LA_ATL,2025,17,2025-12-29,ATL,LA,1.0,-7.5,300.0,-380.0,0.5569037656903766,0.23444194661167092,0.23875428313226074,0.2566890009250391,0.25074039033155443,0.24202983732008948,0.24000000000000005,0.23781830821297992,0.19332076581165641
2025_18_CAR_TB,2025,18,2026-01-03,TB,CAR,1.0,3.0,-155.0,130.0,0.5569037656903766,0.6522064469047509,0.6175731366989139,0.6538111166332852,0.6326674865213456,0.5976489576400019,0.5829926410466066,0.5652500933104898,0.5515145533483135
2025_18_SEA_SF,2025,18,2026-01-03,SF,SEA,0.0,-2.5,124.0,-148.0,0.5569037656903766,0.4556841616717294,0.520781925299709,0.5654102798227162,0.5834617008860533,0.3990191480808695,0.42794036443953615,0.47251483109365033,0.587506929818772
2025_18_CLE_CIN,2025,18,2026-01-04,CIN,CLE,0.0,9.5,-455.0,350.0,0.5569037656903766,0.7342695155211356,0.7530655692279834,0.7775692754381134,0.7556236152657562,0.7936906034016088,0.7867435158501441,0.8296491027780754,0.7831486088633959
2025_18_DAL_NYG,2025,18,2026-01-04,NYG,DAL,1.0,-3.0,140.0,-166.0,0.5569037656903766,0.3900433198244452,0.3638947664823405,0.33935749309344454,0.4343767309971375,0.38160140548078414,0.4003612281757977,0.3537002245927011,0.43453402786799966
2025_18_GB_MIN,2025,18,2026-01-04,MIN,GB,1.0,12.5,-650.0,470.0,0.5569037656903766,0.5300630436834455,0.40744242052080476,0.6477632443469659,0.40026913382092516,0.8565018524066724,0.8316498316498315,0.813184231976072,0.8400200081830388
2025_18_IND_HOU,2025,18,2026-01-04,HOU,IND,1.0,9.5,-535.0,400.0,0.5569037656903766,0.805846478076707,0.6778435678493386,0.8012175828058596,0.6750369153149018,0.7936906034016088,0.8081570996978852,0.7503049766159741,0.830038585344969
2025_18_NO_ATL,2025,18,2026-01-04,ATL,NO,1.0,4.5,-205.0,170.0,0.5569037656903766,0.6176103729198299,0.5505567409660705,0.5663780739323625,0.5876210218791024,0.6491459860570056,0.644729178800233,0.66325147754618,0.661286670479686
2025_18_TEN_JAX,2025,18,2026-01-04,JAX,TEN,1.0,12.5,-750.0,525.0,0.5569037656903766,0.8935852867177491,0.8207070142911981,0.833000655690608,0.8074488678363791,0.8565018524066724,0.8465011286681716,0.8339148445433362,0.8814874956655919
2025_18_ARI_LA,2025,18,2026-01-04,LA,ARI,1.0,14.5,-1350.0,800.0,0.5569037656903766,0.8873280993490956,0.8350759029068873,0.842912220346627,0.8293334628074809,0.8888794612540851,0.8933823529411765,0.8830609128592879,0.9243716918674616
2025_18_DET_CHI,2025,18,2026-01-04,CHI,DET,0.0,3.5,-180.0,150.0,0.5569037656903766,0.5399902845710159,0.47047743498389116,0.4088609012141734,0.5530348201888131,0.6151189980105125,0.6164383561643836,0.5872058135598387,0.6960484429378171
2025_18_KC_LV,2025,18,2026-01-04,LV,KC,1.0,-3.5,185.0,-225.0,0.5569037656903766,0.22702465600247754,0.21108160545413665,0.26137257854850376,0.17177087773486424,0.3644828595969304,0.33635187580853815,0.3140167023956642,0.295459979582004
2025_18_LAC_DEN,2025,18,2026-01-04,DEN,LAC,1.0,14.5,-1600.0,900.0,0.5569037656903766,0.6729170974854042,0.6387350135862101,0.7248084532239898,0.7049833505734121,0.8888794612540851,0.9039548022598869,0.9020313446118013,0.863394760752243
2025_18_MIA_NE,2025,18,2026-01-04,NE,MIA,1.0,14.0,-1000.0,650.0,0.5569037656903766,0.7339763625600811,0.7431637043005237,0.7654346536097423,0.742289500555256,0.881440562664678,0.8720930232558138,0.8783005580499709,0.873536355053704
2025_18_NYJ_BUF,2025,18,2026-01-04,BUF,NYJ,1.0,12.5,-800.0,550.0,0.5569037656903766,0.9139648472640411,0.8721772860293485,0.8844919521229542,0.9508167686252208,0.8565018524066724,0.8524590163934427,0.8365728152763449,0.9478069497185951
2025_18_WAS_PHI,2025,18,2026-01-04,PHI,WAS,0.0,3.0,-180.0,150.0,0.5569037656903766,0.8495743469771746,0.7311425271907782,0.7198321819682746,0.8185078836479167,0.5976489576400019,0.6164383561643836,0.5146695107003182,0.5841836389107803
2025_18_BAL_PIT,2025,18,2026-01-04,PIT,BAL,1.0,-4.5,185.0,-225.0,0.5569037656903766,0.496205907288406,0.40037098615030436,0.32769016841750376,0.3766103524069911,0.3312879961153469,0.33635187580853815,0.32639629250820673,0.27927387476233106
2026_01_NE_SEA,2026,1,2026-09-09,SEA,NE,1.0,3.0,-166.0,140.0,0.5559295189071471,0.6866079665002242,0.6526419635754821,0.6355817404432818,0.6213223036481248,0.597770075722166,0.5996387718242023,0.6306530094606241,0.5245080261621448
2026_01_SF_LA,2026,1,2026-09-10,LA,SF,0.0,3.5,-218.0,180.0,0.5559295189071471,0.5838639817219805,0.5449629406874702,0.5183525734930758,0.5883081255095449,0.6152123567239436,0.6574752261956054,0.534655446507351,0.5130478407344892
2026_01_ATL_PIT,2026,1,2026-09-13,PIT,ATL,1.0,6.5,-298.0,240.0,0.5559295189071471,0.6361255169119517,0.5619821770807565,0.6810625792283407,0.48775750838660875,0.7125574223297094,0.7179705215419501,0.7329981958740241,0.68982386506637
2026_01_BAL_IND,2026,1,2026-09-13,IND,BAL,0.0,-3.0,136.0,-162.0,0.5559295189071471,0.43428775131764363,0.41743665089328785,0.41757593550431144,0.3566558515009091,0.38203002380165185,0.4066302458405761,0.40503529821406264,0.3610151366337811
2026_01_BUF_HOU,2026,1,2026-09-13,HOU,BUF,0.0,-1.5,-108.0,-112.0,0.5559295189071471,0.5643909013383265,0.45102896211446786,0.45300805881335926,0.487650301641194,0.4349557056446988,0.4956702459300312,0.40260825313485776,0.46614092928656586
2026_01_CHI_CAR,2026,1,2026-09-13,CAR,CHI,0.0,-3.0,140.0,-166.0,0.5559295189071471,0.4035946666418506,0.4211833579677332,0.4268310709424295,0.3517695851003532,0.38203002380165185,0.4003612281757977,0.44106215577516394,0.4089109029061709
2026_01_CLE_JAX,2026,1,2026-09-13,JAX,CLE,1.0,8.5,-470.0,360.0,0.5559295189071471,0.7726968838709961,0.834192961083732,0.745875418709018,0.8317003024689105,0.7685624452276485,0.7913616398243045,0.8073617041695447,0.8213960415368826
2026_01_NO_DET,2026,1,2026-09-13,DET,NO,1.0,7.0,-325.0,260.0,0.5559295189071471,0.7482488746379911,0.7026326240097892,0.7272076682559084,0.6199810363233625,0.7272929027663932,0.7335423197492164,0.7570347179622336,0.7384900786969334
2026_01_NYJ_TEN,2026,1,2026-09-13,TEN,NYJ,0.0,1.5,-118.0,-102.0,0.5559295189071471,0.5583717331499685,0.5934629585080093,0.4612542667222663,0.6034460657909048,0.5441104188129133,0.5173641257162701,0.538654314501388,0.47986233206432516
2026_01_TB_CIN,2026,1,2026-09-13,CIN,TB,1.0,3.5,-205.0,170.0,0.5559295189071471,0.5727661615671847,0.5845923610052172,0.5888831351026677,0.5553331058285585,0.6152123567239436,0.644729178800233,0.6267638681851831,0.608881663520563
2026_01_ARI_LAC,2026,1,2026-09-13,LAC,ARI,0.0,8.5,-455.0,350.0,0.5559295189071471,0.7607842440467558,0.6704099769620985,0.7099313990593088,0.6975166761376764,0.7685624452276485,0.7867435158501441,0.7446311731049011,0.7029704358876542
2026_01_GB_MIN,2026,1,2026-09-13,MIN,GB,1.0,1.5,-125.0,105.0,0.5559295189071471,0.6069289383061984,0.501081330928764,0.5809268857980364,0.5693637014272525,0.5441104188129133,0.5324675324675325,0.48851126567988185,0.5175206951423341
2026_01_MIA_LV,2026,1,2026-09-13,LV,MIA,1.0,3.0,-170.0,142.0,0.5559295189071471,0.3905012997948718,0.3513982117313299,0.4824518743152544,0.315770477568702,0.597770075722166,0.6037569709421778,0.5701691149352542,0.45141508432055183
2026_01_WAS_PHI,2026,1,2026-09-13,PHI,WAS,1.0,6.0,-245.0,200.0,0.5559295189071471,0.7162563558280257,0.656307717405758,0.6308151050641776,0.7223987537442652,0.6973570479497242,0.6805555555555556,0.6353572161117894,0.6550707026084044
2026_01_DAL_NYG,2026,1,2026-09-13,NYG,DAL,1.0,-3.0,140.0,-166.0,0.5559295189071471,0.512330594220712,0.49944791778473674,0.46733787191859966,0.5216187952876785,0.38203002380165185,0.4003612281757977,0.369634751498917,0.3827236564462811
2026_01_DEN_KC,2026,1,2026-09-14,KC,DEN,1.0,2.5,-130.0,110.0,0.5559295189071471,0.38529399644125134,0.3965283465661265,0.49708256431449455,0.36571246608200386,0.5800768150443331,0.5427435387673957,0.5717936665256548,0.46611942775836535
2026_02_DET_BUF,2026,2,2026-09-17,BUF,DET,1.0,5.5,-238.0,195.0,0.5559295189071471,0.6663208234166365,0.6878589028911646,0.6712534175167454,0.6192518213238243,0.6817119085757567,0.6750312469954812,0.7203032962951031,0.5911885142717545
2026_02_CAR_ATL,2026,2,2026-09-20,ATL,CAR,0.0,-2.5,130.0,-155.0,0.5559295189071471,0.6487257049844678,0.5587020251676034,0.7108807765336216,0.5546159904068538,0.39942846077210337,0.4170073589533933,0.33658426984860584,0.33536415411227566
2026_02_CIN_HOU,2026,2,2026-09-20,HOU,CIN,0.0,3.0,-148.0,124.0,0.5559295189071471,0.703284341952348,0.6086193508793587,0.5948706597980602,0.5523023216798892,0.597770075722166,0.5720596355604638,0.5703930681130998,0.5065327152600088
2026_02_CLE_TB,2026,2,2026-09-20,TB,CLE,0.0,8.5,-425.0,330.0,0.5559295189071471,0.6561847897674635,0.706176945113564,0.6834330631347416,0.6858481665238747,0.7685624452276485,0.7768331562167907,0.7940121311229593,0.7350544784041909
2026_02_GB_NYJ,2026,2,2026-09-20,NYJ,GB,0.0,-3.5,154.0,-185.0,0.5559295189071471,0.3713125300049578,0.3562417007863557,0.34928288084056697,0.35811226408682173,0.3649289385966406,0.3775334481388264,0.42286019367210775,0.49691857725682465
2026_02_MIN_CHI,2026,2,2026-09-20,CHI,MIN,0.0,4.5,-218.0,180.0,0.5559295189071471,0.5320389197275674,0.5684021943980596,0.5452319490685213,0.42172917285927786,0.6491859909199909,0.6574752261956054,0.6500215039159489,0.5524443996675917
2026_02_NO_BAL,2026,2,2026-09-20,BAL,NO,0.0,8.5,-375.0,295.0,0.5559295189071471,0.7639454515788524,0.7522718831206604,0.7665029291775473,0.7084131923018057,0.7685624452276485,0.7571884984025559,0.813284216228409,0.7216614491190404
2026_02_PHI_TEN,2026,2,2026-09-20,TEN,PHI,0.0,-7.0,260.0,-325.0,0.5559295189071471,0.21539038226023907,0.2550849688467373,0.22887319032586473,0.28257778658338906,0.2562237183037412,0.26645768025078376,0.29358399404294583,0.35558692332393027
2026_02_PIT_NE,2026,2,2026-09-20,NE,PIT,1.0,4.5,-225.0,185.0,0.5559295189071471,0.6626851744978732,0.721658571429053,0.7059649188345305,0.677250713368955,0.6491859909199909,0.6636481241914618,0.6556840051825044,0.5701007287091844
2026_02_JAX_DEN,2026,2,2026-09-20,DEN,JAX,1.0,2.5,-148.0,124.0,0.5559295189071471,0.5632914109643772,0.37781142202872214,0.40305786233880575,0.3655731754319931,0.5800768150443331,0.5720596355604638,0.55991180891447,0.49809633006059106
2026_02_LV_LAC,2026,2,2026-09-20,LAC,LV,0.0,6.5,-325.0,260.0,0.5559295189071471,0.7306179733075202,0.6606789786172667,0.6150507019964925,0.7279610324919323,0.7125574223297094,0.7335423197492164,0.6680184240734215,0.6698132833387392
2026_02_MIA_SF,2026,2,2026-09-20,SF,MIA,1.0,12.5,-900.0,600.0,0.5559295189071471,0.7895153802799119,0.7814992149965962,0.8044368909734478,0.7026384718422761,0.8563082921196721,0.863013698630137,0.8849561590276824,0.8658139297652595
2026_02_SEA_ARI,2026,2,2026-09-20,ARI,SEA,0.0,-3.5,180.0,-218.0,0.5559295189071471,0.2058027259786897,0.1903334799211779,0.2558846802318333,0.17890546418179737,0.3649289385966406,0.34252477380439467,0.3358848734685736,0.2980352623754175
2026_02_WAS_DAL,2026,2,2026-09-20,DAL,WAS,1.0,3.5,-218.0,180.0,0.5559295189071471,0.537142302496072,0.5539060846222532,0.5640888320602774,0.5490725038678905,0.6152123567239436,0.6574752261956054,0.5904369990100482,0.5873851765329039
2026_02_IND_KC,2026,2,2026-09-20,KC,IND,1.0,6.0,-265.0,215.0,0.5559295189071471,0.6999080356652496,0.6338236846128249,0.6933541358828289,0.569732148398577,0.6973570479497242,0.6957699520733487,0.6825030256398753,0.609235769811029
2026_02_NYG_LA,2026,2,2026-09-21,LA,NYG,1.0,6.5,-298.0,240.0,0.5559295189071471,0.7601101263526607,0.671812668826358,0.6873369949347703,0.676189446697738,0.7125574223297094,0.7179705215419501,0.6852670909239497,0.6820324683197058
2026_03_ATL_GB,2026,3,2026-09-24,GB,ATL,0.0,4.5,-230.0,190.0,0.5559295189071471,0.7220248917024251,0.7047459207326005,0.7523750873708909,0.733435281934262,0.6491859909199909,0.6690070210631895,0.693242572210397,0.6514704454665821
2026_03_CAR_CLE,2026,3,2026-09-27,CLE,CAR,1.0,-2.5,114.0,-135.0,0.5559295189071471,0.5403753256986906,0.45600163448515413,0.5269279442869517,0.454696692362764,0.39942846077210337,0.448558885283451,0.3847070928810075,0.44515530286838184
2026_03_CIN_PIT,2026,3,2026-09-27,PIT,CIN,1.0,-3.5,150.0,-180.0,0.5559295189071471,0.5292960401492517,0.38898680773242594,0.3965165294602518,0.3287908907772381,0.3649289385966406,0.3835616438356164,0.3360797576055831,0.35051419748320195
2026_03_HOU_IND,2026,3,2026-09-27,IND,HOU,1.0,-1.5,105.0,-125.0,0.5559295189071471,0.3835494824847793,0.4475376559255337,0.4326326922929173,0.45272387469961184,0.4349557056446988,0.4675324675324675,0.5086881482084852,0.5049811233387004
2026_03_KC_MIA,2026,3,2026-09-27,MIA,KC,0.0,-10.0,440.0,-600.0,0.5559295189071471,0.37666760607889116,0.3791973490794731,0.3376716402406509,0.34263868705264555,0.1817923841205306,0.17766497461928932,0.21049403343007794,0.18817550894590682
2026_03_LAC_BUF,2026,3,2026-09-27,BUF,LAC,1.0,7.0,-325.0,260.0,0.5559295189071471,0.8169856563755998,0.8470758562471055,0.8252306156042012,0.7772899558412686,0.7272929027663932,0.7335423197492164,0.7894498065825011,0.7161845970396254
2026_03_NE_JAX,2026,3,2026-09-27,JAX,NE,1.0,3.0,-162.0,136.0,0.5559295189071471,0.5030918032656967,0.5891789989522522,0.5822964894649549,0.5001376258437668,0.597770075722166,0.593369754159424,0.6630003604941928,0.553363270706245
2026_03_NYJ_DET,2026,3,2026-09-27,DET,NYJ,1.0,7.0,-325.0,260.0,0.5559295189071471,0.8009344740861307,0.7850278354754784,0.7834966215085976,0.7908718490391372,0.7272929027663932,0.7335423197492164,0.6989849369025766,0.6610204007142501
2026_03_SEA_WAS,2026,3,2026-09-27,WAS,SEA,1.0,-8.5,320.0,-410.0,0.5559295189071471,0.20041203043526926,0.2383349629410362,0.2905817917417483,0.3661794115394276,0.2167053941634378,0.22849462365591394,0.2727479344500809,0.41192943523086206
2026_03_TEN_NYG,2026,3,2026-09-27,NYG,TEN,1.0,2.5,-130.0,110.0,0.5559295189071471,0.7265085945316095,0.6985748137014312,0.7173628362617902,0.7203642913343037,0.5800768150443331,0.5427435387673957,0.5900189677970377,0.53320805609289
2026_03_ARI_SF,2026,3,2026-09-27,SF,ARI,1.0,7.5,-395.0,310.0,0.5559295189071471,0.810316370956543,0.8146834636183085,0.8372305637416145,0.7952491053929533,0.7415469751611439,0.7659021045164341,0.7899838695536913,0.7457129509147051
2026_03_MIN_TB,2026,3,2026-09-27,TB,MIN,0.0,-1.5,-108.0,-112.0,0.5559295189071471,0.3384458974235212,0.45902424979212003,0.4278898560304674,0.41307520256980634,0.4349557056446988,0.4956702459300312,0.4781128779939792,0.4062642991084674
2026_03_BAL_DAL,2026,3,2026-09-27,DAL,BAL,0.0,-3.0,142.0,-170.0,0.5559295189071471,0.3768283869660712,0.40905232060258406,0.424868717147613,0.3377387462227562,0.38203002380165185,0.3962430290578221,0.45925498786171853,0.36869902555288986
2026_03_LV_NO,2026,3,2026-09-27,NO,LV,0.0,3.5,-192.0,160.0,0.5559295189071471,0.6452155488224384,0.6807668440422359,0.6030678230501146,0.6590030335743685,0.6152123567239436,0.6309403437815976,0.5965319731296044,0.5654741129677192
2026_03_LA_DEN,2026,3,2026-09-27,DEN,LA,1.0,1.5,-112.0,-108.0,0.5559295189071471,0.5722761070137665,0.4836830330937464,0.4890099482293252,0.4401579297881047,0.5441104188129133,0.5043297540699688,0.5898368782082363,0.4897384902070674
2026_03_PHI_CHI,2026,3,2026-09-28,CHI,PHI,1.0,-3.5,164.0,-198.0,0.5559295189071471,0.5010141653049821,0.5143373173975001,0.39961856227433146,0.5163240089135837,0.3649289385966406,0.3630958183058778,0.36033074477379007,0.3841114949166488
